文件名,目录,文件类型,扩展名,大小(KB),修改时间,关联文件,图片数量,备注,完整路径,云端链接
0617高一数学(人教A版)-简单随机抽样-1教案.docx,必修二\第九章统计\9.1 随机抽样,原文件,.docx,0,,,0,概率与统计教案资源,必修二\第九章统计\9.1 随机抽样\0617高一数学(人教A版)-简单随机抽样-1教案.docx,https://math-1415627924.cos.ap-guangzhou.myqcloud.com/math-teaching-resources/03-%E6%A6%82%E7%8E%87%E4%B8%8E%E7%BB%9F%E8%AE%A1/01-%E6%95%99%E6%A1%88/%E5%BF%85%E4%BF%AE%E4%BA%8C/%E7%AC%AC%E4%B9%9D%E7%AB%A0%E7%BB%9F%E8%AE%A1/9.1%20%E9%9A%8F%E6%9C%BA%E6%8A%BD%E6%A0%B7/0617%E9%AB%98%E4%B8%80%E6%95%B0%E5%AD%A6%28%E4%BA%BA%E6%95%99A%E7%89%88%29-%E7%AE%80%E5%8D%95%E9%9A%8F%E6%9C%BA%E6%8A%BD%E6%A0%B7-1%E6%95%99%E6%A1%88.docx
0617高一数学(人教A版)-简单随机抽样-1教案.md,必修二\第九章统计\9.1 随机抽样,Markdown文件,.md,0,,,0,概率与统计教案资源,必修二\第九章统计\9.1 随机抽样\0617高一数学(人教A版)-简单随机抽样-1教案.md,https://math-1415627924.cos.ap-guangzhou.myqcloud.com/math-teaching-resources/03-%E6%A6%82%E7%8E%87%E4%B8%8E%E7%BB%9F%E8%AE%A1/01-%E6%95%99%E6%A1%88/%E5%BF%85%E4%BF%AE%E4%BA%8C/%E7%AC%AC%E4%B9%9D%E7%AB%A0%E7%BB%9F%E8%AE%A1/9.1%20%E9%9A%8F%E6%9C%BA%E6%8A%BD%E6%A0%B7/0617%E9%AB%98%E4%B8%80%E6%95%B0%E5%AD%A6%28%E4%BA%BA%E6%95%99A%E7%89%88%29-%E7%AE%80%E5%8D%95%E9%9A%8F%E6%9C%BA%E6%8A%BD%E6%A0%B7-1%E6%95%99%E6%A1%88.md
0617高一数学(人教A版)-随机抽样-1教案.docx,必修二\第九章统计\9.1 随机抽样,原文件,.docx,0,,,0,概率与统计教案资源,必修二\第九章统计\9.1 随机抽样\0617高一数学(人教A版)-随机抽样-1教案.docx,https://math-1415627924.cos.ap-guangzhou.myqcloud.com/math-teaching-resources/03-%E6%A6%82%E7%8E%87%E4%B8%8E%E7%BB%9F%E8%AE%A1/01-%E6%95%99%E6%A1%88/%E5%BF%85%E4%BF%AE%E4%BA%8C/%E7%AC%AC%E4%B9%9D%E7%AB%A0%E7%BB%9F%E8%AE%A1/9.1%20%E9%9A%8F%E6%9C%BA%E6%8A%BD%E6%A0%B7/0617%E9%AB%98%E4%B8%80%E6%95%B0%E5%AD%A6%28%E4%BA%BA%E6%95%99A%E7%89%88%29-%E9%9A%8F%E6%9C%BA%E6%8A%BD%E6%A0%B7-1%E6%95%99%E6%A1%88.docx
0617高一数学(人教A版)-随机抽样-1教案.md,必修二\第九章统计\9.1 随机抽样,Markdown文件,.md,0,,,0,概率与统计教案资源,必修二\第九章统计\9.1 随机抽样\0617高一数学(人教A版)-随机抽样-1教案.md,https://math-1415627924.cos.ap-guangzhou.myqcloud.com/math-teaching-resources/03-%E6%A6%82%E7%8E%87%E4%B8%8E%E7%BB%9F%E8%AE%A1/01-%E6%95%99%E6%A1%88/%E5%BF%85%E4%BF%AE%E4%BA%8C/%E7%AC%AC%E4%B9%9D%E7%AB%A0%E7%BB%9F%E8%AE%A1/9.1%20%E9%9A%8F%E6%9C%BA%E6%8A%BD%E6%A0%B7/0617%E9%AB%98%E4%B8%80%E6%95%B0%E5%AD%A6%28%E4%BA%BA%E6%95%99A%E7%89%88%29-%E9%9A%8F%E6%9C%BA%E6%8A%BD%E6%A0%B7-1%E6%95%99%E6%A1%88.md
0618高一数学(人教A版)-分层随机抽样-1教案.docx,必修二\第九章统计\9.1 随机抽样,原文件,.docx,0,,,0,概率与统计教案资源,必修二\第九章统计\9.1 随机抽样\0618高一数学(人教A版)-分层随机抽样-1教案.docx,https://math-1415627924.cos.ap-guangzhou.myqcloud.com/math-teaching-resources/03-%E6%A6%82%E7%8E%87%E4%B8%8E%E7%BB%9F%E8%AE%A1/01-%E6%95%99%E6%A1%88/%E5%BF%85%E4%BF%AE%E4%BA%8C/%E7%AC%AC%E4%B9%9D%E7%AB%A0%E7%BB%9F%E8%AE%A1/9.1%20%E9%9A%8F%E6%9C%BA%E6%8A%BD%E6%A0%B7/0618%E9%AB%98%E4%B8%80%E6%95%B0%E5%AD%A6%28%E4%BA%BA%E6%95%99A%E7%89%88%29-%E5%88%86%E5%B1%82%E9%9A%8F%E6%9C%BA%E6%8A%BD%E6%A0%B7-1%E6%95%99%E6%A1%88.docx
0618高一数学(人教A版)-分层随机抽样-1教案.md,必修二\第九章统计\9.1 随机抽样,Markdown文件,.md,0,,,0,概率与统计教案资源,必修二\第九章统计\9.1 随机抽样\0618高一数学(人教A版)-分层随机抽样-1教案.md,https://math-1415627924.cos.ap-guangzhou.myqcloud.com/math-teaching-resources/03-%E6%A6%82%E7%8E%87%E4%B8%8E%E7%BB%9F%E8%AE%A1/01-%E6%95%99%E6%A1%88/%E5%BF%85%E4%BF%AE%E4%BA%8C/%E7%AC%AC%E4%B9%9D%E7%AB%A0%E7%BB%9F%E8%AE%A1/9.1%20%E9%9A%8F%E6%9C%BA%E6%8A%BD%E6%A0%B7/0618%E9%AB%98%E4%B8%80%E6%95%B0%E5%AD%A6%28%E4%BA%BA%E6%95%99A%E7%89%88%29-%E5%88%86%E5%B1%82%E9%9A%8F%E6%9C%BA%E6%8A%BD%E6%A0%B7-1%E6%95%99%E6%A1%88.md
0619高一数学(人教A版)获取数据的途径1教案.docx,必修二\第九章统计\9.1 随机抽样,原文件,.docx,0,,,0,概率与统计教案资源,必修二\第九章统计\9.1 随机抽样\0619高一数学(人教A版)获取数据的途径1教案.docx,https://math-1415627924.cos.ap-guangzhou.myqcloud.com/math-teaching-resources/03-%E6%A6%82%E7%8E%87%E4%B8%8E%E7%BB%9F%E8%AE%A1/01-%E6%95%99%E6%A1%88/%E5%BF%85%E4%BF%AE%E4%BA%8C/%E7%AC%AC%E4%B9%9D%E7%AB%A0%E7%BB%9F%E8%AE%A1/9.1%20%E9%9A%8F%E6%9C%BA%E6%8A%BD%E6%A0%B7/0619%E9%AB%98%E4%B8%80%E6%95%B0%E5%AD%A6%28%E4%BA%BA%E6%95%99A%E7%89%88%29%E8%8E%B7%E5%8F%96%E6%95%B0%E6%8D%AE%E7%9A%84%E9%80%94%E5%BE%841%E6%95%99%E6%A1%88.docx
0619高一数学(人教A版)获取数据的途径1教案.md,必修二\第九章统计\9.1 随机抽样,Markdown文件,.md,0,,,0,概率与统计教案资源,必修二\第九章统计\9.1 随机抽样\0619高一数学(人教A版)获取数据的途径1教案.md,https://math-1415627924.cos.ap-guangzhou.myqcloud.com/math-teaching-resources/03-%E6%A6%82%E7%8E%87%E4%B8%8E%E7%BB%9F%E8%AE%A1/01-%E6%95%99%E6%A1%88/%E5%BF%85%E4%BF%AE%E4%BA%8C/%E7%AC%AC%E4%B9%9D%E7%AB%A0%E7%BB%9F%E8%AE%A1/9.1%20%E9%9A%8F%E6%9C%BA%E6%8A%BD%E6%A0%B7/0619%E9%AB%98%E4%B8%80%E6%95%B0%E5%AD%A6%28%E4%BA%BA%E6%95%99A%E7%89%88%29%E8%8E%B7%E5%8F%96%E6%95%B0%E6%8D%AE%E7%9A%84%E9%80%94%E5%BE%841%E6%95%99%E6%A1%88.md
【精品教案】2022年高中数学人教A版（2019）必修二+9.1.1简单随机抽样（1）+教案1.docx,必修二\第九章统计\9.1 随机抽样,原文件,.docx,0,,,0,概率与统计教案资源,必修二\第九章统计\9.1 随机抽样\【精品教案】2022年高中数学人教A版（2019）必修二+9.1.1简单随机抽样（1）+教案1.docx,https://math-1415627924.cos.ap-guangzhou.myqcloud.com/math-teaching-resources/03-%E6%A6%82%E7%8E%87%E4%B8%8E%E7%BB%9F%E8%AE%A1/01-%E6%95%99%E6%A1%88/%E5%BF%85%E4%BF%AE%E4%BA%8C/%E7%AC%AC%E4%B9%9D%E7%AB%A0%E7%BB%9F%E8%AE%A1/9.1%20%E9%9A%8F%E6%9C%BA%E6%8A%BD%E6%A0%B7/%E3%80%90%E7%B2%BE%E5%93%81%E6%95%99%E6%A1%88%E3%80%912022%E5%B9%B4%E9%AB%98%E4%B8%AD%E6%95%B0%E5%AD%A6%E4%BA%BA%E6%95%99A%E7%89%88%EF%BC%882019%EF%BC%89%E5%BF%85%E4%BF%AE%E4%BA%8C%2B9.1.1%E7%AE%80%E5%8D%95%E9%9A%8F%E6%9C%BA%E6%8A%BD%E6%A0%B7%EF%BC%881%EF%BC%89%2B%E6%95%99%E6%A1%881.docx
【精品教案】2022年高中数学人教A版（2019）必修二+9.1.1简单随机抽样（1）+教案1.md,必修二\第九章统计\9.1 随机抽样,Markdown文件,.md,0,,,0,概率与统计教案资源,必修二\第九章统计\9.1 随机抽样\【精品教案】2022年高中数学人教A版（2019）必修二+9.1.1简单随机抽样（1）+教案1.md,https://math-1415627924.cos.ap-guangzhou.myqcloud.com/math-teaching-resources/03-%E6%A6%82%E7%8E%87%E4%B8%8E%E7%BB%9F%E8%AE%A1/01-%E6%95%99%E6%A1%88/%E5%BF%85%E4%BF%AE%E4%BA%8C/%E7%AC%AC%E4%B9%9D%E7%AB%A0%E7%BB%9F%E8%AE%A1/9.1%20%E9%9A%8F%E6%9C%BA%E6%8A%BD%E6%A0%B7/%E3%80%90%E7%B2%BE%E5%93%81%E6%95%99%E6%A1%88%E3%80%912022%E5%B9%B4%E9%AB%98%E4%B8%AD%E6%95%B0%E5%AD%A6%E4%BA%BA%E6%95%99A%E7%89%88%EF%BC%882019%EF%BC%89%E5%BF%85%E4%BF%AE%E4%BA%8C%2B9.1.1%E7%AE%80%E5%8D%95%E9%9A%8F%E6%9C%BA%E6%8A%BD%E6%A0%B7%EF%BC%881%EF%BC%89%2B%E6%95%99%E6%A1%881.md
北师大版（2019）必修第一册数学《简单随机抽样》教案.docx,必修二\第九章统计\9.1 随机抽样,原文件,.docx,0,,,0,概率与统计教案资源,必修二\第九章统计\9.1 随机抽样\北师大版（2019）必修第一册数学《简单随机抽样》教案.docx,https://math-1415627924.cos.ap-guangzhou.myqcloud.com/math-teaching-resources/03-%E6%A6%82%E7%8E%87%E4%B8%8E%E7%BB%9F%E8%AE%A1/01-%E6%95%99%E6%A1%88/%E5%BF%85%E4%BF%AE%E4%BA%8C/%E7%AC%AC%E4%B9%9D%E7%AB%A0%E7%BB%9F%E8%AE%A1/9.1%20%E9%9A%8F%E6%9C%BA%E6%8A%BD%E6%A0%B7/%E5%8C%97%E5%B8%88%E5%A4%A7%E7%89%88%EF%BC%882019%EF%BC%89%E5%BF%85%E4%BF%AE%E7%AC%AC%E4%B8%80%E5%86%8C%E6%95%B0%E5%AD%A6%E3%80%8A%E7%AE%80%E5%8D%95%E9%9A%8F%E6%9C%BA%E6%8A%BD%E6%A0%B7%E3%80%8B%E6%95%99%E6%A1%88.docx
北师大版（2019）必修第一册数学《简单随机抽样》教案.md,必修二\第九章统计\9.1 随机抽样,Markdown文件,.md,0,,,0,概率与统计教案资源,必修二\第九章统计\9.1 随机抽样\北师大版（2019）必修第一册数学《简单随机抽样》教案.md,https://math-1415627924.cos.ap-guangzhou.myqcloud.com/math-teaching-resources/03-%E6%A6%82%E7%8E%87%E4%B8%8E%E7%BB%9F%E8%AE%A1/01-%E6%95%99%E6%A1%88/%E5%BF%85%E4%BF%AE%E4%BA%8C/%E7%AC%AC%E4%B9%9D%E7%AB%A0%E7%BB%9F%E8%AE%A1/9.1%20%E9%9A%8F%E6%9C%BA%E6%8A%BD%E6%A0%B7/%E5%8C%97%E5%B8%88%E5%A4%A7%E7%89%88%EF%BC%882019%EF%BC%89%E5%BF%85%E4%BF%AE%E7%AC%AC%E4%B8%80%E5%86%8C%E6%95%B0%E5%AD%A6%E3%80%8A%E7%AE%80%E5%8D%95%E9%9A%8F%E6%9C%BA%E6%8A%BD%E6%A0%B7%E3%80%8B%E6%95%99%E6%A1%88.md
新人教A版高中数学必修二第九单元《9.1.1简单随机抽样(第1课时)》教案.docx,必修二\第九章统计\9.1 随机抽样,原文件,.docx,0,,,0,概率与统计教案资源,必修二\第九章统计\9.1 随机抽样\新人教A版高中数学必修二第九单元《9.1.1简单随机抽样(第1课时)》教案.docx,https://math-1415627924.cos.ap-guangzhou.myqcloud.com/math-teaching-resources/03-%E6%A6%82%E7%8E%87%E4%B8%8E%E7%BB%9F%E8%AE%A1/01-%E6%95%99%E6%A1%88/%E5%BF%85%E4%BF%AE%E4%BA%8C/%E7%AC%AC%E4%B9%9D%E7%AB%A0%E7%BB%9F%E8%AE%A1/9.1%20%E9%9A%8F%E6%9C%BA%E6%8A%BD%E6%A0%B7/%E6%96%B0%E4%BA%BA%E6%95%99A%E7%89%88%E9%AB%98%E4%B8%AD%E6%95%B0%E5%AD%A6%E5%BF%85%E4%BF%AE%E4%BA%8C%E7%AC%AC%E4%B9%9D%E5%8D%95%E5%85%83%E3%80%8A9.1.1%E7%AE%80%E5%8D%95%E9%9A%8F%E6%9C%BA%E6%8A%BD%E6%A0%B7%28%E7%AC%AC1%E8%AF%BE%E6%97%B6%29%E3%80%8B%E6%95%99%E6%A1%88.docx
新人教A版高中数学必修二第九单元《9.1.1简单随机抽样(第1课时)》教案.md,必修二\第九章统计\9.1 随机抽样,Markdown文件,.md,0,,,0,概率与统计教案资源,必修二\第九章统计\9.1 随机抽样\新人教A版高中数学必修二第九单元《9.1.1简单随机抽样(第1课时)》教案.md,https://math-1415627924.cos.ap-guangzhou.myqcloud.com/math-teaching-resources/03-%E6%A6%82%E7%8E%87%E4%B8%8E%E7%BB%9F%E8%AE%A1/01-%E6%95%99%E6%A1%88/%E5%BF%85%E4%BF%AE%E4%BA%8C/%E7%AC%AC%E4%B9%9D%E7%AB%A0%E7%BB%9F%E8%AE%A1/9.1%20%E9%9A%8F%E6%9C%BA%E6%8A%BD%E6%A0%B7/%E6%96%B0%E4%BA%BA%E6%95%99A%E7%89%88%E9%AB%98%E4%B8%AD%E6%95%B0%E5%AD%A6%E5%BF%85%E4%BF%AE%E4%BA%8C%E7%AC%AC%E4%B9%9D%E5%8D%95%E5%85%83%E3%80%8A9.1.1%E7%AE%80%E5%8D%95%E9%9A%8F%E6%9C%BA%E6%8A%BD%E6%A0%B7%28%E7%AC%AC1%E8%AF%BE%E6%97%B6%29%E3%80%8B%E6%95%99%E6%A1%88.md
课时3292_9.1.1简单随机抽样（第2课时）-9.1.1简单随机抽样（第2课时）【公众号dc008免费分享】.docx,必修二\第九章统计\9.1 随机抽样,原文件,.docx,0,,,0,概率与统计教案资源,必修二\第九章统计\9.1 随机抽样\课时3292_9.1.1简单随机抽样（第2课时）-9.1.1简单随机抽样（第2课时）【公众号dc008免费分享】.docx,https://math-1415627924.cos.ap-guangzhou.myqcloud.com/math-teaching-resources/03-%E6%A6%82%E7%8E%87%E4%B8%8E%E7%BB%9F%E8%AE%A1/01-%E6%95%99%E6%A1%88/%E5%BF%85%E4%BF%AE%E4%BA%8C/%E7%AC%AC%E4%B9%9D%E7%AB%A0%E7%BB%9F%E8%AE%A1/9.1%20%E9%9A%8F%E6%9C%BA%E6%8A%BD%E6%A0%B7/%E8%AF%BE%E6%97%B63292_9.1.1%E7%AE%80%E5%8D%95%E9%9A%8F%E6%9C%BA%E6%8A%BD%E6%A0%B7%EF%BC%88%E7%AC%AC2%E8%AF%BE%E6%97%B6%EF%BC%89-9.1.1%E7%AE%80%E5%8D%95%E9%9A%8F%E6%9C%BA%E6%8A%BD%E6%A0%B7%EF%BC%88%E7%AC%AC2%E8%AF%BE%E6%97%B6%EF%BC%89%E3%80%90%E5%85%AC%E4%BC%97%E5%8F%B7dc008%E5%85%8D%E8%B4%B9%E5%88%86%E4%BA%AB%E3%80%91.docx
课时3292_9.1.1简单随机抽样（第2课时）-9.1.1简单随机抽样（第2课时）【公众号dc008免费分享】.md,必修二\第九章统计\9.1 随机抽样,Markdown文件,.md,0,,,0,概率与统计教案资源,必修二\第九章统计\9.1 随机抽样\课时3292_9.1.1简单随机抽样（第2课时）-9.1.1简单随机抽样（第2课时）【公众号dc008免费分享】.md,https://math-1415627924.cos.ap-guangzhou.myqcloud.com/math-teaching-resources/03-%E6%A6%82%E7%8E%87%E4%B8%8E%E7%BB%9F%E8%AE%A1/01-%E6%95%99%E6%A1%88/%E5%BF%85%E4%BF%AE%E4%BA%8C/%E7%AC%AC%E4%B9%9D%E7%AB%A0%E7%BB%9F%E8%AE%A1/9.1%20%E9%9A%8F%E6%9C%BA%E6%8A%BD%E6%A0%B7/%E8%AF%BE%E6%97%B63292_9.1.1%E7%AE%80%E5%8D%95%E9%9A%8F%E6%9C%BA%E6%8A%BD%E6%A0%B7%EF%BC%88%E7%AC%AC2%E8%AF%BE%E6%97%B6%EF%BC%89-9.1.1%E7%AE%80%E5%8D%95%E9%9A%8F%E6%9C%BA%E6%8A%BD%E6%A0%B7%EF%BC%88%E7%AC%AC2%E8%AF%BE%E6%97%B6%EF%BC%89%E3%80%90%E5%85%AC%E4%BC%97%E5%8F%B7dc008%E5%85%8D%E8%B4%B9%E5%88%86%E4%BA%AB%E3%80%91.md
课时3293_9.1.2分层随机抽样-9.1.2 分层随机抽样视频课教案【公众号dc008免费分享】.docx,必修二\第九章统计\9.1 随机抽样,原文件,.docx,0,,,0,概率与统计教案资源,必修二\第九章统计\9.1 随机抽样\课时3293_9.1.2分层随机抽样-9.1.2 分层随机抽样视频课教案【公众号dc008免费分享】.docx,https://math-1415627924.cos.ap-guangzhou.myqcloud.com/math-teaching-resources/03-%E6%A6%82%E7%8E%87%E4%B8%8E%E7%BB%9F%E8%AE%A1/01-%E6%95%99%E6%A1%88/%E5%BF%85%E4%BF%AE%E4%BA%8C/%E7%AC%AC%E4%B9%9D%E7%AB%A0%E7%BB%9F%E8%AE%A1/9.1%20%E9%9A%8F%E6%9C%BA%E6%8A%BD%E6%A0%B7/%E8%AF%BE%E6%97%B63293_9.1.2%E5%88%86%E5%B1%82%E9%9A%8F%E6%9C%BA%E6%8A%BD%E6%A0%B7-9.1.2%20%E5%88%86%E5%B1%82%E9%9A%8F%E6%9C%BA%E6%8A%BD%E6%A0%B7%E8%A7%86%E9%A2%91%E8%AF%BE%E6%95%99%E6%A1%88%E3%80%90%E5%85%AC%E4%BC%97%E5%8F%B7dc008%E5%85%8D%E8%B4%B9%E5%88%86%E4%BA%AB%E3%80%91.docx
课时3293_9.1.2分层随机抽样-9.1.2 分层随机抽样视频课教案【公众号dc008免费分享】.md,必修二\第九章统计\9.1 随机抽样,Markdown文件,.md,0,,,0,概率与统计教案资源,必修二\第九章统计\9.1 随机抽样\课时3293_9.1.2分层随机抽样-9.1.2 分层随机抽样视频课教案【公众号dc008免费分享】.md,https://math-1415627924.cos.ap-guangzhou.myqcloud.com/math-teaching-resources/03-%E6%A6%82%E7%8E%87%E4%B8%8E%E7%BB%9F%E8%AE%A1/01-%E6%95%99%E6%A1%88/%E5%BF%85%E4%BF%AE%E4%BA%8C/%E7%AC%AC%E4%B9%9D%E7%AB%A0%E7%BB%9F%E8%AE%A1/9.1%20%E9%9A%8F%E6%9C%BA%E6%8A%BD%E6%A0%B7/%E8%AF%BE%E6%97%B63293_9.1.2%E5%88%86%E5%B1%82%E9%9A%8F%E6%9C%BA%E6%8A%BD%E6%A0%B7-9.1.2%20%E5%88%86%E5%B1%82%E9%9A%8F%E6%9C%BA%E6%8A%BD%E6%A0%B7%E8%A7%86%E9%A2%91%E8%AF%BE%E6%95%99%E6%A1%88%E3%80%90%E5%85%AC%E4%BC%97%E5%8F%B7dc008%E5%85%8D%E8%B4%B9%E5%88%86%E4%BA%AB%E3%80%91.md
课时3294_9.1.3获取数据的途径-9.1.3获取数据的途径【公众号dc008免费分享】.docx,必修二\第九章统计\9.1 随机抽样,原文件,.docx,0,,,0,概率与统计教案资源,必修二\第九章统计\9.1 随机抽样\课时3294_9.1.3获取数据的途径-9.1.3获取数据的途径【公众号dc008免费分享】.docx,https://math-1415627924.cos.ap-guangzhou.myqcloud.com/math-teaching-resources/03-%E6%A6%82%E7%8E%87%E4%B8%8E%E7%BB%9F%E8%AE%A1/01-%E6%95%99%E6%A1%88/%E5%BF%85%E4%BF%AE%E4%BA%8C/%E7%AC%AC%E4%B9%9D%E7%AB%A0%E7%BB%9F%E8%AE%A1/9.1%20%E9%9A%8F%E6%9C%BA%E6%8A%BD%E6%A0%B7/%E8%AF%BE%E6%97%B63294_9.1.3%E8%8E%B7%E5%8F%96%E6%95%B0%E6%8D%AE%E7%9A%84%E9%80%94%E5%BE%84-9.1.3%E8%8E%B7%E5%8F%96%E6%95%B0%E6%8D%AE%E7%9A%84%E9%80%94%E5%BE%84%E3%80%90%E5%85%AC%E4%BC%97%E5%8F%B7dc008%E5%85%8D%E8%B4%B9%E5%88%86%E4%BA%AB%E3%80%91.docx
课时3294_9.1.3获取数据的途径-9.1.3获取数据的途径【公众号dc008免费分享】.md,必修二\第九章统计\9.1 随机抽样,Markdown文件,.md,0,,,0,概率与统计教案资源,必修二\第九章统计\9.1 随机抽样\课时3294_9.1.3获取数据的途径-9.1.3获取数据的途径【公众号dc008免费分享】.md,https://math-1415627924.cos.ap-guangzhou.myqcloud.com/math-teaching-resources/03-%E6%A6%82%E7%8E%87%E4%B8%8E%E7%BB%9F%E8%AE%A1/01-%E6%95%99%E6%A1%88/%E5%BF%85%E4%BF%AE%E4%BA%8C/%E7%AC%AC%E4%B9%9D%E7%AB%A0%E7%BB%9F%E8%AE%A1/9.1%20%E9%9A%8F%E6%9C%BA%E6%8A%BD%E6%A0%B7/%E8%AF%BE%E6%97%B63294_9.1.3%E8%8E%B7%E5%8F%96%E6%95%B0%E6%8D%AE%E7%9A%84%E9%80%94%E5%BE%84-9.1.3%E8%8E%B7%E5%8F%96%E6%95%B0%E6%8D%AE%E7%9A%84%E9%80%94%E5%BE%84%E3%80%90%E5%85%AC%E4%BC%97%E5%8F%B7dc008%E5%85%8D%E8%B4%B9%E5%88%86%E4%BA%AB%E3%80%91.md
课时40_第九章随机抽样_9.1.1简单随机抽样 二-教案【公众号dc008免费分享】.md,必修二\第九章统计\9.1 随机抽样,Markdown文件,.md,0,,,0,概率与统计教案资源,必修二\第九章统计\9.1 随机抽样\课时40_第九章随机抽样_9.1.1简单随机抽样 二-教案【公众号dc008免费分享】.md,https://math-1415627924.cos.ap-guangzhou.myqcloud.com/math-teaching-resources/03-%E6%A6%82%E7%8E%87%E4%B8%8E%E7%BB%9F%E8%AE%A1/01-%E6%95%99%E6%A1%88/%E5%BF%85%E4%BF%AE%E4%BA%8C/%E7%AC%AC%E4%B9%9D%E7%AB%A0%E7%BB%9F%E8%AE%A1/9.1%20%E9%9A%8F%E6%9C%BA%E6%8A%BD%E6%A0%B7/%E8%AF%BE%E6%97%B640_%E7%AC%AC%E4%B9%9D%E7%AB%A0%E9%9A%8F%E6%9C%BA%E6%8A%BD%E6%A0%B7_9.1.1%E7%AE%80%E5%8D%95%E9%9A%8F%E6%9C%BA%E6%8A%BD%E6%A0%B7%20%E4%BA%8C-%E6%95%99%E6%A1%88%E3%80%90%E5%85%AC%E4%BC%97%E5%8F%B7dc008%E5%85%8D%E8%B4%B9%E5%88%86%E4%BA%AB%E3%80%91.md
课时40_第九章随机抽样_9.1.1简单随机抽样 二-教案【公众号dc008免费分享】.pdf,必修二\第九章统计\9.1 随机抽样,原文件,.pdf,0,,,0,概率与统计教案资源,必修二\第九章统计\9.1 随机抽样\课时40_第九章随机抽样_9.1.1简单随机抽样 二-教案【公众号dc008免费分享】.pdf,https://math-1415627924.cos.ap-guangzhou.myqcloud.com/math-teaching-resources/03-%E6%A6%82%E7%8E%87%E4%B8%8E%E7%BB%9F%E8%AE%A1/01-%E6%95%99%E6%A1%88/%E5%BF%85%E4%BF%AE%E4%BA%8C/%E7%AC%AC%E4%B9%9D%E7%AB%A0%E7%BB%9F%E8%AE%A1/9.1%20%E9%9A%8F%E6%9C%BA%E6%8A%BD%E6%A0%B7/%E8%AF%BE%E6%97%B640_%E7%AC%AC%E4%B9%9D%E7%AB%A0%E9%9A%8F%E6%9C%BA%E6%8A%BD%E6%A0%B7_9.1.1%E7%AE%80%E5%8D%95%E9%9A%8F%E6%9C%BA%E6%8A%BD%E6%A0%B7%20%E4%BA%8C-%E6%95%99%E6%A1%88%E3%80%90%E5%85%AC%E4%BC%97%E5%8F%B7dc008%E5%85%8D%E8%B4%B9%E5%88%86%E4%BA%AB%E3%80%91.pdf
课时41_第九章随机抽样_9.1.2分层随机抽样-教案【公众号dc008免费分享】.md,必修二\第九章统计\9.1 随机抽样,Markdown文件,.md,0,,,0,概率与统计教案资源,必修二\第九章统计\9.1 随机抽样\课时41_第九章随机抽样_9.1.2分层随机抽样-教案【公众号dc008免费分享】.md,https://math-1415627924.cos.ap-guangzhou.myqcloud.com/math-teaching-resources/03-%E6%A6%82%E7%8E%87%E4%B8%8E%E7%BB%9F%E8%AE%A1/01-%E6%95%99%E6%A1%88/%E5%BF%85%E4%BF%AE%E4%BA%8C/%E7%AC%AC%E4%B9%9D%E7%AB%A0%E7%BB%9F%E8%AE%A1/9.1%20%E9%9A%8F%E6%9C%BA%E6%8A%BD%E6%A0%B7/%E8%AF%BE%E6%97%B641_%E7%AC%AC%E4%B9%9D%E7%AB%A0%E9%9A%8F%E6%9C%BA%E6%8A%BD%E6%A0%B7_9.1.2%E5%88%86%E5%B1%82%E9%9A%8F%E6%9C%BA%E6%8A%BD%E6%A0%B7-%E6%95%99%E6%A1%88%E3%80%90%E5%85%AC%E4%BC%97%E5%8F%B7dc008%E5%85%8D%E8%B4%B9%E5%88%86%E4%BA%AB%E3%80%91.md
课时41_第九章随机抽样_9.1.2分层随机抽样-教案【公众号dc008免费分享】.pdf,必修二\第九章统计\9.1 随机抽样,原文件,.pdf,0,,,0,概率与统计教案资源,必修二\第九章统计\9.1 随机抽样\课时41_第九章随机抽样_9.1.2分层随机抽样-教案【公众号dc008免费分享】.pdf,https://math-1415627924.cos.ap-guangzhou.myqcloud.com/math-teaching-resources/03-%E6%A6%82%E7%8E%87%E4%B8%8E%E7%BB%9F%E8%AE%A1/01-%E6%95%99%E6%A1%88/%E5%BF%85%E4%BF%AE%E4%BA%8C/%E7%AC%AC%E4%B9%9D%E7%AB%A0%E7%BB%9F%E8%AE%A1/9.1%20%E9%9A%8F%E6%9C%BA%E6%8A%BD%E6%A0%B7/%E8%AF%BE%E6%97%B641_%E7%AC%AC%E4%B9%9D%E7%AB%A0%E9%9A%8F%E6%9C%BA%E6%8A%BD%E6%A0%B7_9.1.2%E5%88%86%E5%B1%82%E9%9A%8F%E6%9C%BA%E6%8A%BD%E6%A0%B7-%E6%95%99%E6%A1%88%E3%80%90%E5%85%AC%E4%BC%97%E5%8F%B7dc008%E5%85%8D%E8%B4%B9%E5%88%86%E4%BA%AB%E3%80%91.pdf
0618高一数学(人教A版)用样本均值估计总体均值1教案.docx,必修二\第九章统计\9.2 用样本估计总体,原文件,.docx,0,,,0,概率与统计教案资源,必修二\第九章统计\9.2 用样本估计总体\0618高一数学(人教A版)用样本均值估计总体均值1教案.docx,https://math-1415627924.cos.ap-guangzhou.myqcloud.com/math-teaching-resources/03-%E6%A6%82%E7%8E%87%E4%B8%8E%E7%BB%9F%E8%AE%A1/01-%E6%95%99%E6%A1%88/%E5%BF%85%E4%BF%AE%E4%BA%8C/%E7%AC%AC%E4%B9%9D%E7%AB%A0%E7%BB%9F%E8%AE%A1/9.2%20%E7%94%A8%E6%A0%B7%E6%9C%AC%E4%BC%B0%E8%AE%A1%E6%80%BB%E4%BD%93/0618%E9%AB%98%E4%B8%80%E6%95%B0%E5%AD%A6%28%E4%BA%BA%E6%95%99A%E7%89%88%29%E7%94%A8%E6%A0%B7%E6%9C%AC%E5%9D%87%E5%80%BC%E4%BC%B0%E8%AE%A1%E6%80%BB%E4%BD%93%E5%9D%87%E5%80%BC1%E6%95%99%E6%A1%88.docx
0618高一数学(人教A版)用样本均值估计总体均值1教案.md,必修二\第九章统计\9.2 用样本估计总体,Markdown文件,.md,0,,,0,概率与统计教案资源,必修二\第九章统计\9.2 用样本估计总体\0618高一数学(人教A版)用样本均值估计总体均值1教案.md,https://math-1415627924.cos.ap-guangzhou.myqcloud.com/math-teaching-resources/03-%E6%A6%82%E7%8E%87%E4%B8%8E%E7%BB%9F%E8%AE%A1/01-%E6%95%99%E6%A1%88/%E5%BF%85%E4%BF%AE%E4%BA%8C/%E7%AC%AC%E4%B9%9D%E7%AB%A0%E7%BB%9F%E8%AE%A1/9.2%20%E7%94%A8%E6%A0%B7%E6%9C%AC%E4%BC%B0%E8%AE%A1%E6%80%BB%E4%BD%93/0618%E9%AB%98%E4%B8%80%E6%95%B0%E5%AD%A6%28%E4%BA%BA%E6%95%99A%E7%89%88%29%E7%94%A8%E6%A0%B7%E6%9C%AC%E5%9D%87%E5%80%BC%E4%BC%B0%E8%AE%A1%E6%80%BB%E4%BD%93%E5%9D%87%E5%80%BC1%E6%95%99%E6%A1%88.md
0622高一数学(人教A版)-总体取值规律的估计(一)-1教案.docx,必修二\第九章统计\9.2 用样本估计总体,原文件,.docx,0,,,0,概率与统计教案资源,必修二\第九章统计\9.2 用样本估计总体\0622高一数学(人教A版)-总体取值规律的估计(一)-1教案.docx,https://math-1415627924.cos.ap-guangzhou.myqcloud.com/math-teaching-resources/03-%E6%A6%82%E7%8E%87%E4%B8%8E%E7%BB%9F%E8%AE%A1/01-%E6%95%99%E6%A1%88/%E5%BF%85%E4%BF%AE%E4%BA%8C/%E7%AC%AC%E4%B9%9D%E7%AB%A0%E7%BB%9F%E8%AE%A1/9.2%20%E7%94%A8%E6%A0%B7%E6%9C%AC%E4%BC%B0%E8%AE%A1%E6%80%BB%E4%BD%93/0622%E9%AB%98%E4%B8%80%E6%95%B0%E5%AD%A6%28%E4%BA%BA%E6%95%99A%E7%89%88%29-%E6%80%BB%E4%BD%93%E5%8F%96%E5%80%BC%E8%A7%84%E5%BE%8B%E7%9A%84%E4%BC%B0%E8%AE%A1%28%E4%B8%80%29-1%E6%95%99%E6%A1%88.docx
0622高一数学(人教A版)-总体取值规律的估计(一)-1教案.md,必修二\第九章统计\9.2 用样本估计总体,Markdown文件,.md,0,,,0,概率与统计教案资源,必修二\第九章统计\9.2 用样本估计总体\0622高一数学(人教A版)-总体取值规律的估计(一)-1教案.md,https://math-1415627924.cos.ap-guangzhou.myqcloud.com/math-teaching-resources/03-%E6%A6%82%E7%8E%87%E4%B8%8E%E7%BB%9F%E8%AE%A1/01-%E6%95%99%E6%A1%88/%E5%BF%85%E4%BF%AE%E4%BA%8C/%E7%AC%AC%E4%B9%9D%E7%AB%A0%E7%BB%9F%E8%AE%A1/9.2%20%E7%94%A8%E6%A0%B7%E6%9C%AC%E4%BC%B0%E8%AE%A1%E6%80%BB%E4%BD%93/0622%E9%AB%98%E4%B8%80%E6%95%B0%E5%AD%A6%28%E4%BA%BA%E6%95%99A%E7%89%88%29-%E6%80%BB%E4%BD%93%E5%8F%96%E5%80%BC%E8%A7%84%E5%BE%8B%E7%9A%84%E4%BC%B0%E8%AE%A1%28%E4%B8%80%29-1%E6%95%99%E6%A1%88.md
0622高一数学(人教A版)-总体取值规律的估计(二)-1教案.docx,必修二\第九章统计\9.2 用样本估计总体,原文件,.docx,0,,,0,概率与统计教案资源,必修二\第九章统计\9.2 用样本估计总体\0622高一数学(人教A版)-总体取值规律的估计(二)-1教案.docx,https://math-1415627924.cos.ap-guangzhou.myqcloud.com/math-teaching-resources/03-%E6%A6%82%E7%8E%87%E4%B8%8E%E7%BB%9F%E8%AE%A1/01-%E6%95%99%E6%A1%88/%E5%BF%85%E4%BF%AE%E4%BA%8C/%E7%AC%AC%E4%B9%9D%E7%AB%A0%E7%BB%9F%E8%AE%A1/9.2%20%E7%94%A8%E6%A0%B7%E6%9C%AC%E4%BC%B0%E8%AE%A1%E6%80%BB%E4%BD%93/0622%E9%AB%98%E4%B8%80%E6%95%B0%E5%AD%A6%28%E4%BA%BA%E6%95%99A%E7%89%88%29-%E6%80%BB%E4%BD%93%E5%8F%96%E5%80%BC%E8%A7%84%E5%BE%8B%E7%9A%84%E4%BC%B0%E8%AE%A1%28%E4%BA%8C%29-1%E6%95%99%E6%A1%88.docx
0622高一数学(人教A版)-总体取值规律的估计(二)-1教案.md,必修二\第九章统计\9.2 用样本估计总体,Markdown文件,.md,0,,,0,概率与统计教案资源,必修二\第九章统计\9.2 用样本估计总体\0622高一数学(人教A版)-总体取值规律的估计(二)-1教案.md,https://math-1415627924.cos.ap-guangzhou.myqcloud.com/math-teaching-resources/03-%E6%A6%82%E7%8E%87%E4%B8%8E%E7%BB%9F%E8%AE%A1/01-%E6%95%99%E6%A1%88/%E5%BF%85%E4%BF%AE%E4%BA%8C/%E7%AC%AC%E4%B9%9D%E7%AB%A0%E7%BB%9F%E8%AE%A1/9.2%20%E7%94%A8%E6%A0%B7%E6%9C%AC%E4%BC%B0%E8%AE%A1%E6%80%BB%E4%BD%93/0622%E9%AB%98%E4%B8%80%E6%95%B0%E5%AD%A6%28%E4%BA%BA%E6%95%99A%E7%89%88%29-%E6%80%BB%E4%BD%93%E5%8F%96%E5%80%BC%E8%A7%84%E5%BE%8B%E7%9A%84%E4%BC%B0%E8%AE%A1%28%E4%BA%8C%29-1%E6%95%99%E6%A1%88.md
0623高一数学(人教A版)-总体百分位数的估计-1教案.docx,必修二\第九章统计\9.2 用样本估计总体,原文件,.docx,0,,,0,概率与统计教案资源,必修二\第九章统计\9.2 用样本估计总体\0623高一数学(人教A版)-总体百分位数的估计-1教案.docx,https://math-1415627924.cos.ap-guangzhou.myqcloud.com/math-teaching-resources/03-%E6%A6%82%E7%8E%87%E4%B8%8E%E7%BB%9F%E8%AE%A1/01-%E6%95%99%E6%A1%88/%E5%BF%85%E4%BF%AE%E4%BA%8C/%E7%AC%AC%E4%B9%9D%E7%AB%A0%E7%BB%9F%E8%AE%A1/9.2%20%E7%94%A8%E6%A0%B7%E6%9C%AC%E4%BC%B0%E8%AE%A1%E6%80%BB%E4%BD%93/0623%E9%AB%98%E4%B8%80%E6%95%B0%E5%AD%A6%28%E4%BA%BA%E6%95%99A%E7%89%88%29-%E6%80%BB%E4%BD%93%E7%99%BE%E5%88%86%E4%BD%8D%E6%95%B0%E7%9A%84%E4%BC%B0%E8%AE%A1-1%E6%95%99%E6%A1%88.docx
0623高一数学(人教A版)-总体百分位数的估计-1教案.md,必修二\第九章统计\9.2 用样本估计总体,Markdown文件,.md,0,,,0,概率与统计教案资源,必修二\第九章统计\9.2 用样本估计总体\0623高一数学(人教A版)-总体百分位数的估计-1教案.md,https://math-1415627924.cos.ap-guangzhou.myqcloud.com/math-teaching-resources/03-%E6%A6%82%E7%8E%87%E4%B8%8E%E7%BB%9F%E8%AE%A1/01-%E6%95%99%E6%A1%88/%E5%BF%85%E4%BF%AE%E4%BA%8C/%E7%AC%AC%E4%B9%9D%E7%AB%A0%E7%BB%9F%E8%AE%A1/9.2%20%E7%94%A8%E6%A0%B7%E6%9C%AC%E4%BC%B0%E8%AE%A1%E6%80%BB%E4%BD%93/0623%E9%AB%98%E4%B8%80%E6%95%B0%E5%AD%A6%28%E4%BA%BA%E6%95%99A%E7%89%88%29-%E6%80%BB%E4%BD%93%E7%99%BE%E5%88%86%E4%BD%8D%E6%95%B0%E7%9A%84%E4%BC%B0%E8%AE%A1-1%E6%95%99%E6%A1%88.md
0623高一数学(人教A版)-总体集中趋势的估计 -1教案.docx,必修二\第九章统计\9.2 用样本估计总体,原文件,.docx,0,,,0,概率与统计教案资源,必修二\第九章统计\9.2 用样本估计总体\0623高一数学(人教A版)-总体集中趋势的估计 -1教案.docx,https://math-1415627924.cos.ap-guangzhou.myqcloud.com/math-teaching-resources/03-%E6%A6%82%E7%8E%87%E4%B8%8E%E7%BB%9F%E8%AE%A1/01-%E6%95%99%E6%A1%88/%E5%BF%85%E4%BF%AE%E4%BA%8C/%E7%AC%AC%E4%B9%9D%E7%AB%A0%E7%BB%9F%E8%AE%A1/9.2%20%E7%94%A8%E6%A0%B7%E6%9C%AC%E4%BC%B0%E8%AE%A1%E6%80%BB%E4%BD%93/0623%E9%AB%98%E4%B8%80%E6%95%B0%E5%AD%A6%28%E4%BA%BA%E6%95%99A%E7%89%88%29-%E6%80%BB%E4%BD%93%E9%9B%86%E4%B8%AD%E8%B6%8B%E5%8A%BF%E7%9A%84%E4%BC%B0%E8%AE%A1%20-1%E6%95%99%E6%A1%88.docx
0623高一数学(人教A版)-总体集中趋势的估计 -1教案.md,必修二\第九章统计\9.2 用样本估计总体,Markdown文件,.md,0,,,0,概率与统计教案资源,必修二\第九章统计\9.2 用样本估计总体\0623高一数学(人教A版)-总体集中趋势的估计 -1教案.md,https://math-1415627924.cos.ap-guangzhou.myqcloud.com/math-teaching-resources/03-%E6%A6%82%E7%8E%87%E4%B8%8E%E7%BB%9F%E8%AE%A1/01-%E6%95%99%E6%A1%88/%E5%BF%85%E4%BF%AE%E4%BA%8C/%E7%AC%AC%E4%B9%9D%E7%AB%A0%E7%BB%9F%E8%AE%A1/9.2%20%E7%94%A8%E6%A0%B7%E6%9C%AC%E4%BC%B0%E8%AE%A1%E6%80%BB%E4%BD%93/0623%E9%AB%98%E4%B8%80%E6%95%B0%E5%AD%A6%28%E4%BA%BA%E6%95%99A%E7%89%88%29-%E6%80%BB%E4%BD%93%E9%9B%86%E4%B8%AD%E8%B6%8B%E5%8A%BF%E7%9A%84%E4%BC%B0%E8%AE%A1%20-1%E6%95%99%E6%A1%88.md
0624高一数学(人教A版)总体离散程度的估计(一)1教案   .docx,必修二\第九章统计\9.2 用样本估计总体,原文件,.docx,0,,,0,概率与统计教案资源,必修二\第九章统计\9.2 用样本估计总体\0624高一数学(人教A版)总体离散程度的估计(一)1教案   .docx,https://math-1415627924.cos.ap-guangzhou.myqcloud.com/math-teaching-resources/03-%E6%A6%82%E7%8E%87%E4%B8%8E%E7%BB%9F%E8%AE%A1/01-%E6%95%99%E6%A1%88/%E5%BF%85%E4%BF%AE%E4%BA%8C/%E7%AC%AC%E4%B9%9D%E7%AB%A0%E7%BB%9F%E8%AE%A1/9.2%20%E7%94%A8%E6%A0%B7%E6%9C%AC%E4%BC%B0%E8%AE%A1%E6%80%BB%E4%BD%93/0624%E9%AB%98%E4%B8%80%E6%95%B0%E5%AD%A6%28%E4%BA%BA%E6%95%99A%E7%89%88%29%E6%80%BB%E4%BD%93%E7%A6%BB%E6%95%A3%E7%A8%8B%E5%BA%A6%E7%9A%84%E4%BC%B0%E8%AE%A1%28%E4%B8%80%291%E6%95%99%E6%A1%88%20%20%20.docx
0624高一数学(人教A版)总体离散程度的估计(一)1教案   .md,必修二\第九章统计\9.2 用样本估计总体,Markdown文件,.md,0,,,0,概率与统计教案资源,必修二\第九章统计\9.2 用样本估计总体\0624高一数学(人教A版)总体离散程度的估计(一)1教案   .md,https://math-1415627924.cos.ap-guangzhou.myqcloud.com/math-teaching-resources/03-%E6%A6%82%E7%8E%87%E4%B8%8E%E7%BB%9F%E8%AE%A1/01-%E6%95%99%E6%A1%88/%E5%BF%85%E4%BF%AE%E4%BA%8C/%E7%AC%AC%E4%B9%9D%E7%AB%A0%E7%BB%9F%E8%AE%A1/9.2%20%E7%94%A8%E6%A0%B7%E6%9C%AC%E4%BC%B0%E8%AE%A1%E6%80%BB%E4%BD%93/0624%E9%AB%98%E4%B8%80%E6%95%B0%E5%AD%A6%28%E4%BA%BA%E6%95%99A%E7%89%88%29%E6%80%BB%E4%BD%93%E7%A6%BB%E6%95%A3%E7%A8%8B%E5%BA%A6%E7%9A%84%E4%BC%B0%E8%AE%A1%28%E4%B8%80%291%E6%95%99%E6%A1%88%20%20%20.md
课时3296_9.2.1总体取值规律的估计-9.2.1总体取值规律的估计教学设计【公众号dc008免费分享】.docx,必修二\第九章统计\9.2 用样本估计总体,原文件,.docx,0,,,0,概率与统计教案资源,必修二\第九章统计\9.2 用样本估计总体\课时3296_9.2.1总体取值规律的估计-9.2.1总体取值规律的估计教学设计【公众号dc008免费分享】.docx,https://math-1415627924.cos.ap-guangzhou.myqcloud.com/math-teaching-resources/03-%E6%A6%82%E7%8E%87%E4%B8%8E%E7%BB%9F%E8%AE%A1/01-%E6%95%99%E6%A1%88/%E5%BF%85%E4%BF%AE%E4%BA%8C/%E7%AC%AC%E4%B9%9D%E7%AB%A0%E7%BB%9F%E8%AE%A1/9.2%20%E7%94%A8%E6%A0%B7%E6%9C%AC%E4%BC%B0%E8%AE%A1%E6%80%BB%E4%BD%93/%E8%AF%BE%E6%97%B63296_9.2.1%E6%80%BB%E4%BD%93%E5%8F%96%E5%80%BC%E8%A7%84%E5%BE%8B%E7%9A%84%E4%BC%B0%E8%AE%A1-9.2.1%E6%80%BB%E4%BD%93%E5%8F%96%E5%80%BC%E8%A7%84%E5%BE%8B%E7%9A%84%E4%BC%B0%E8%AE%A1%E6%95%99%E5%AD%A6%E8%AE%BE%E8%AE%A1%E3%80%90%E5%85%AC%E4%BC%97%E5%8F%B7dc008%E5%85%8D%E8%B4%B9%E5%88%86%E4%BA%AB%E3%80%91.docx
课时3296_9.2.1总体取值规律的估计-9.2.1总体取值规律的估计教学设计【公众号dc008免费分享】.md,必修二\第九章统计\9.2 用样本估计总体,Markdown文件,.md,0,,,0,概率与统计教案资源,必修二\第九章统计\9.2 用样本估计总体\课时3296_9.2.1总体取值规律的估计-9.2.1总体取值规律的估计教学设计【公众号dc008免费分享】.md,https://math-1415627924.cos.ap-guangzhou.myqcloud.com/math-teaching-resources/03-%E6%A6%82%E7%8E%87%E4%B8%8E%E7%BB%9F%E8%AE%A1/01-%E6%95%99%E6%A1%88/%E5%BF%85%E4%BF%AE%E4%BA%8C/%E7%AC%AC%E4%B9%9D%E7%AB%A0%E7%BB%9F%E8%AE%A1/9.2%20%E7%94%A8%E6%A0%B7%E6%9C%AC%E4%BC%B0%E8%AE%A1%E6%80%BB%E4%BD%93/%E8%AF%BE%E6%97%B63296_9.2.1%E6%80%BB%E4%BD%93%E5%8F%96%E5%80%BC%E8%A7%84%E5%BE%8B%E7%9A%84%E4%BC%B0%E8%AE%A1-9.2.1%E6%80%BB%E4%BD%93%E5%8F%96%E5%80%BC%E8%A7%84%E5%BE%8B%E7%9A%84%E4%BC%B0%E8%AE%A1%E6%95%99%E5%AD%A6%E8%AE%BE%E8%AE%A1%E3%80%90%E5%85%AC%E4%BC%97%E5%8F%B7dc008%E5%85%8D%E8%B4%B9%E5%88%86%E4%BA%AB%E3%80%91.md
课时3297_9.2.2总体百分位数的估计-9.2.2总体百分位数的估计（教学设计）【公众号dc008免费分享】.docx,必修二\第九章统计\9.2 用样本估计总体,原文件,.docx,0,,,0,概率与统计教案资源,必修二\第九章统计\9.2 用样本估计总体\课时3297_9.2.2总体百分位数的估计-9.2.2总体百分位数的估计（教学设计）【公众号dc008免费分享】.docx,https://math-1415627924.cos.ap-guangzhou.myqcloud.com/math-teaching-resources/03-%E6%A6%82%E7%8E%87%E4%B8%8E%E7%BB%9F%E8%AE%A1/01-%E6%95%99%E6%A1%88/%E5%BF%85%E4%BF%AE%E4%BA%8C/%E7%AC%AC%E4%B9%9D%E7%AB%A0%E7%BB%9F%E8%AE%A1/9.2%20%E7%94%A8%E6%A0%B7%E6%9C%AC%E4%BC%B0%E8%AE%A1%E6%80%BB%E4%BD%93/%E8%AF%BE%E6%97%B63297_9.2.2%E6%80%BB%E4%BD%93%E7%99%BE%E5%88%86%E4%BD%8D%E6%95%B0%E7%9A%84%E4%BC%B0%E8%AE%A1-9.2.2%E6%80%BB%E4%BD%93%E7%99%BE%E5%88%86%E4%BD%8D%E6%95%B0%E7%9A%84%E4%BC%B0%E8%AE%A1%EF%BC%88%E6%95%99%E5%AD%A6%E8%AE%BE%E8%AE%A1%EF%BC%89%E3%80%90%E5%85%AC%E4%BC%97%E5%8F%B7dc008%E5%85%8D%E8%B4%B9%E5%88%86%E4%BA%AB%E3%80%91.docx
课时3297_9.2.2总体百分位数的估计-9.2.2总体百分位数的估计（教学设计）【公众号dc008免费分享】.md,必修二\第九章统计\9.2 用样本估计总体,Markdown文件,.md,0,,,0,概率与统计教案资源,必修二\第九章统计\9.2 用样本估计总体\课时3297_9.2.2总体百分位数的估计-9.2.2总体百分位数的估计（教学设计）【公众号dc008免费分享】.md,https://math-1415627924.cos.ap-guangzhou.myqcloud.com/math-teaching-resources/03-%E6%A6%82%E7%8E%87%E4%B8%8E%E7%BB%9F%E8%AE%A1/01-%E6%95%99%E6%A1%88/%E5%BF%85%E4%BF%AE%E4%BA%8C/%E7%AC%AC%E4%B9%9D%E7%AB%A0%E7%BB%9F%E8%AE%A1/9.2%20%E7%94%A8%E6%A0%B7%E6%9C%AC%E4%BC%B0%E8%AE%A1%E6%80%BB%E4%BD%93/%E8%AF%BE%E6%97%B63297_9.2.2%E6%80%BB%E4%BD%93%E7%99%BE%E5%88%86%E4%BD%8D%E6%95%B0%E7%9A%84%E4%BC%B0%E8%AE%A1-9.2.2%E6%80%BB%E4%BD%93%E7%99%BE%E5%88%86%E4%BD%8D%E6%95%B0%E7%9A%84%E4%BC%B0%E8%AE%A1%EF%BC%88%E6%95%99%E5%AD%A6%E8%AE%BE%E8%AE%A1%EF%BC%89%E3%80%90%E5%85%AC%E4%BC%97%E5%8F%B7dc008%E5%85%8D%E8%B4%B9%E5%88%86%E4%BA%AB%E3%80%91.md
课时3298_9.2.3总体集中趋势的估计-9.2.3总体集中趋势的估计教学设计—刘诗婷【公众号dc008免费分享】.docx,必修二\第九章统计\9.2 用样本估计总体,原文件,.docx,0,,,0,概率与统计教案资源,必修二\第九章统计\9.2 用样本估计总体\课时3298_9.2.3总体集中趋势的估计-9.2.3总体集中趋势的估计教学设计—刘诗婷【公众号dc008免费分享】.docx,https://math-1415627924.cos.ap-guangzhou.myqcloud.com/math-teaching-resources/03-%E6%A6%82%E7%8E%87%E4%B8%8E%E7%BB%9F%E8%AE%A1/01-%E6%95%99%E6%A1%88/%E5%BF%85%E4%BF%AE%E4%BA%8C/%E7%AC%AC%E4%B9%9D%E7%AB%A0%E7%BB%9F%E8%AE%A1/9.2%20%E7%94%A8%E6%A0%B7%E6%9C%AC%E4%BC%B0%E8%AE%A1%E6%80%BB%E4%BD%93/%E8%AF%BE%E6%97%B63298_9.2.3%E6%80%BB%E4%BD%93%E9%9B%86%E4%B8%AD%E8%B6%8B%E5%8A%BF%E7%9A%84%E4%BC%B0%E8%AE%A1-9.2.3%E6%80%BB%E4%BD%93%E9%9B%86%E4%B8%AD%E8%B6%8B%E5%8A%BF%E7%9A%84%E4%BC%B0%E8%AE%A1%E6%95%99%E5%AD%A6%E8%AE%BE%E8%AE%A1%E2%80%94%E5%88%98%E8%AF%97%E5%A9%B7%E3%80%90%E5%85%AC%E4%BC%97%E5%8F%B7dc008%E5%85%8D%E8%B4%B9%E5%88%86%E4%BA%AB%E3%80%91.docx
课时3298_9.2.3总体集中趋势的估计-9.2.3总体集中趋势的估计教学设计—刘诗婷【公众号dc008免费分享】.md,必修二\第九章统计\9.2 用样本估计总体,Markdown文件,.md,0,,,0,概率与统计教案资源,必修二\第九章统计\9.2 用样本估计总体\课时3298_9.2.3总体集中趋势的估计-9.2.3总体集中趋势的估计教学设计—刘诗婷【公众号dc008免费分享】.md,https://math-1415627924.cos.ap-guangzhou.myqcloud.com/math-teaching-resources/03-%E6%A6%82%E7%8E%87%E4%B8%8E%E7%BB%9F%E8%AE%A1/01-%E6%95%99%E6%A1%88/%E5%BF%85%E4%BF%AE%E4%BA%8C/%E7%AC%AC%E4%B9%9D%E7%AB%A0%E7%BB%9F%E8%AE%A1/9.2%20%E7%94%A8%E6%A0%B7%E6%9C%AC%E4%BC%B0%E8%AE%A1%E6%80%BB%E4%BD%93/%E8%AF%BE%E6%97%B63298_9.2.3%E6%80%BB%E4%BD%93%E9%9B%86%E4%B8%AD%E8%B6%8B%E5%8A%BF%E7%9A%84%E4%BC%B0%E8%AE%A1-9.2.3%E6%80%BB%E4%BD%93%E9%9B%86%E4%B8%AD%E8%B6%8B%E5%8A%BF%E7%9A%84%E4%BC%B0%E8%AE%A1%E6%95%99%E5%AD%A6%E8%AE%BE%E8%AE%A1%E2%80%94%E5%88%98%E8%AF%97%E5%A9%B7%E3%80%90%E5%85%AC%E4%BC%97%E5%8F%B7dc008%E5%85%8D%E8%B4%B9%E5%88%86%E4%BA%AB%E3%80%91.md
课时3299_9.2.4总体离散成都的估计-9.2.4总体离散程度的估计【公众号dc008免费分享】.docx,必修二\第九章统计\9.2 用样本估计总体,原文件,.docx,0,,,0,概率与统计教案资源,必修二\第九章统计\9.2 用样本估计总体\课时3299_9.2.4总体离散成都的估计-9.2.4总体离散程度的估计【公众号dc008免费分享】.docx,https://math-1415627924.cos.ap-guangzhou.myqcloud.com/math-teaching-resources/03-%E6%A6%82%E7%8E%87%E4%B8%8E%E7%BB%9F%E8%AE%A1/01-%E6%95%99%E6%A1%88/%E5%BF%85%E4%BF%AE%E4%BA%8C/%E7%AC%AC%E4%B9%9D%E7%AB%A0%E7%BB%9F%E8%AE%A1/9.2%20%E7%94%A8%E6%A0%B7%E6%9C%AC%E4%BC%B0%E8%AE%A1%E6%80%BB%E4%BD%93/%E8%AF%BE%E6%97%B63299_9.2.4%E6%80%BB%E4%BD%93%E7%A6%BB%E6%95%A3%E6%88%90%E9%83%BD%E7%9A%84%E4%BC%B0%E8%AE%A1-9.2.4%E6%80%BB%E4%BD%93%E7%A6%BB%E6%95%A3%E7%A8%8B%E5%BA%A6%E7%9A%84%E4%BC%B0%E8%AE%A1%E3%80%90%E5%85%AC%E4%BC%97%E5%8F%B7dc008%E5%85%8D%E8%B4%B9%E5%88%86%E4%BA%AB%E3%80%91.docx
课时3299_9.2.4总体离散成都的估计-9.2.4总体离散程度的估计【公众号dc008免费分享】.md,必修二\第九章统计\9.2 用样本估计总体,Markdown文件,.md,0,,,0,概率与统计教案资源,必修二\第九章统计\9.2 用样本估计总体\课时3299_9.2.4总体离散成都的估计-9.2.4总体离散程度的估计【公众号dc008免费分享】.md,https://math-1415627924.cos.ap-guangzhou.myqcloud.com/math-teaching-resources/03-%E6%A6%82%E7%8E%87%E4%B8%8E%E7%BB%9F%E8%AE%A1/01-%E6%95%99%E6%A1%88/%E5%BF%85%E4%BF%AE%E4%BA%8C/%E7%AC%AC%E4%B9%9D%E7%AB%A0%E7%BB%9F%E8%AE%A1/9.2%20%E7%94%A8%E6%A0%B7%E6%9C%AC%E4%BC%B0%E8%AE%A1%E6%80%BB%E4%BD%93/%E8%AF%BE%E6%97%B63299_9.2.4%E6%80%BB%E4%BD%93%E7%A6%BB%E6%95%A3%E6%88%90%E9%83%BD%E7%9A%84%E4%BC%B0%E8%AE%A1-9.2.4%E6%80%BB%E4%BD%93%E7%A6%BB%E6%95%A3%E7%A8%8B%E5%BA%A6%E7%9A%84%E4%BC%B0%E8%AE%A1%E3%80%90%E5%85%AC%E4%BC%97%E5%8F%B7dc008%E5%85%8D%E8%B4%B9%E5%88%86%E4%BA%AB%E3%80%91.md
课时42_第九章随机抽样_9.2.1总体取值规律的估计 一 【至5.画频率分布直方图】-教案【公众号dc008免费分享】.md,必修二\第九章统计\9.2 用样本估计总体,Markdown文件,.md,0,,,0,概率与统计教案资源,必修二\第九章统计\9.2 用样本估计总体\课时42_第九章随机抽样_9.2.1总体取值规律的估计 一 【至5.画频率分布直方图】-教案【公众号dc008免费分享】.md,https://math-1415627924.cos.ap-guangzhou.myqcloud.com/math-teaching-resources/03-%E6%A6%82%E7%8E%87%E4%B8%8E%E7%BB%9F%E8%AE%A1/01-%E6%95%99%E6%A1%88/%E5%BF%85%E4%BF%AE%E4%BA%8C/%E7%AC%AC%E4%B9%9D%E7%AB%A0%E7%BB%9F%E8%AE%A1/9.2%20%E7%94%A8%E6%A0%B7%E6%9C%AC%E4%BC%B0%E8%AE%A1%E6%80%BB%E4%BD%93/%E8%AF%BE%E6%97%B642_%E7%AC%AC%E4%B9%9D%E7%AB%A0%E9%9A%8F%E6%9C%BA%E6%8A%BD%E6%A0%B7_9.2.1%E6%80%BB%E4%BD%93%E5%8F%96%E5%80%BC%E8%A7%84%E5%BE%8B%E7%9A%84%E4%BC%B0%E8%AE%A1%20%E4%B8%80%20%E3%80%90%E8%87%B35.%E7%94%BB%E9%A2%91%E7%8E%87%E5%88%86%E5%B8%83%E7%9B%B4%E6%96%B9%E5%9B%BE%E3%80%91-%E6%95%99%E6%A1%88%E3%80%90%E5%85%AC%E4%BC%97%E5%8F%B7dc008%E5%85%8D%E8%B4%B9%E5%88%86%E4%BA%AB%E3%80%91.md
课时42_第九章随机抽样_9.2.1总体取值规律的估计 一 【至5.画频率分布直方图】-教案【公众号dc008免费分享】.pdf,必修二\第九章统计\9.2 用样本估计总体,原文件,.pdf,0,,,0,概率与统计教案资源,必修二\第九章统计\9.2 用样本估计总体\课时42_第九章随机抽样_9.2.1总体取值规律的估计 一 【至5.画频率分布直方图】-教案【公众号dc008免费分享】.pdf,https://math-1415627924.cos.ap-guangzhou.myqcloud.com/math-teaching-resources/03-%E6%A6%82%E7%8E%87%E4%B8%8E%E7%BB%9F%E8%AE%A1/01-%E6%95%99%E6%A1%88/%E5%BF%85%E4%BF%AE%E4%BA%8C/%E7%AC%AC%E4%B9%9D%E7%AB%A0%E7%BB%9F%E8%AE%A1/9.2%20%E7%94%A8%E6%A0%B7%E6%9C%AC%E4%BC%B0%E8%AE%A1%E6%80%BB%E4%BD%93/%E8%AF%BE%E6%97%B642_%E7%AC%AC%E4%B9%9D%E7%AB%A0%E9%9A%8F%E6%9C%BA%E6%8A%BD%E6%A0%B7_9.2.1%E6%80%BB%E4%BD%93%E5%8F%96%E5%80%BC%E8%A7%84%E5%BE%8B%E7%9A%84%E4%BC%B0%E8%AE%A1%20%E4%B8%80%20%E3%80%90%E8%87%B35.%E7%94%BB%E9%A2%91%E7%8E%87%E5%88%86%E5%B8%83%E7%9B%B4%E6%96%B9%E5%9B%BE%E3%80%91-%E6%95%99%E6%A1%88%E3%80%90%E5%85%AC%E4%BC%97%E5%8F%B7dc008%E5%85%8D%E8%B4%B9%E5%88%86%E4%BA%AB%E3%80%91.pdf
课时43_第九章随机抽样_9.2.2总体取值规律的估计 二-教案【公众号dc008免费分享】.md,必修二\第九章统计\9.2 用样本估计总体,Markdown文件,.md,0,,,0,概率与统计教案资源,必修二\第九章统计\9.2 用样本估计总体\课时43_第九章随机抽样_9.2.2总体取值规律的估计 二-教案【公众号dc008免费分享】.md,https://math-1415627924.cos.ap-guangzhou.myqcloud.com/math-teaching-resources/03-%E6%A6%82%E7%8E%87%E4%B8%8E%E7%BB%9F%E8%AE%A1/01-%E6%95%99%E6%A1%88/%E5%BF%85%E4%BF%AE%E4%BA%8C/%E7%AC%AC%E4%B9%9D%E7%AB%A0%E7%BB%9F%E8%AE%A1/9.2%20%E7%94%A8%E6%A0%B7%E6%9C%AC%E4%BC%B0%E8%AE%A1%E6%80%BB%E4%BD%93/%E8%AF%BE%E6%97%B643_%E7%AC%AC%E4%B9%9D%E7%AB%A0%E9%9A%8F%E6%9C%BA%E6%8A%BD%E6%A0%B7_9.2.2%E6%80%BB%E4%BD%93%E5%8F%96%E5%80%BC%E8%A7%84%E5%BE%8B%E7%9A%84%E4%BC%B0%E8%AE%A1%20%E4%BA%8C-%E6%95%99%E6%A1%88%E3%80%90%E5%85%AC%E4%BC%97%E5%8F%B7dc008%E5%85%8D%E8%B4%B9%E5%88%86%E4%BA%AB%E3%80%91.md
课时43_第九章随机抽样_9.2.2总体取值规律的估计 二-教案【公众号dc008免费分享】.pdf,必修二\第九章统计\9.2 用样本估计总体,原文件,.pdf,0,,,0,概率与统计教案资源,必修二\第九章统计\9.2 用样本估计总体\课时43_第九章随机抽样_9.2.2总体取值规律的估计 二-教案【公众号dc008免费分享】.pdf,https://math-1415627924.cos.ap-guangzhou.myqcloud.com/math-teaching-resources/03-%E6%A6%82%E7%8E%87%E4%B8%8E%E7%BB%9F%E8%AE%A1/01-%E6%95%99%E6%A1%88/%E5%BF%85%E4%BF%AE%E4%BA%8C/%E7%AC%AC%E4%B9%9D%E7%AB%A0%E7%BB%9F%E8%AE%A1/9.2%20%E7%94%A8%E6%A0%B7%E6%9C%AC%E4%BC%B0%E8%AE%A1%E6%80%BB%E4%BD%93/%E8%AF%BE%E6%97%B643_%E7%AC%AC%E4%B9%9D%E7%AB%A0%E9%9A%8F%E6%9C%BA%E6%8A%BD%E6%A0%B7_9.2.2%E6%80%BB%E4%BD%93%E5%8F%96%E5%80%BC%E8%A7%84%E5%BE%8B%E7%9A%84%E4%BC%B0%E8%AE%A1%20%E4%BA%8C-%E6%95%99%E6%A1%88%E3%80%90%E5%85%AC%E4%BC%97%E5%8F%B7dc008%E5%85%8D%E8%B4%B9%E5%88%86%E4%BA%AB%E3%80%91.pdf
课时44_第九章随机抽样_9.2.2总体百分位数的估计-教案【公众号dc008免费分享】.md,必修二\第九章统计\9.2 用样本估计总体,Markdown文件,.md,0,,,0,概率与统计教案资源,必修二\第九章统计\9.2 用样本估计总体\课时44_第九章随机抽样_9.2.2总体百分位数的估计-教案【公众号dc008免费分享】.md,https://math-1415627924.cos.ap-guangzhou.myqcloud.com/math-teaching-resources/03-%E6%A6%82%E7%8E%87%E4%B8%8E%E7%BB%9F%E8%AE%A1/01-%E6%95%99%E6%A1%88/%E5%BF%85%E4%BF%AE%E4%BA%8C/%E7%AC%AC%E4%B9%9D%E7%AB%A0%E7%BB%9F%E8%AE%A1/9.2%20%E7%94%A8%E6%A0%B7%E6%9C%AC%E4%BC%B0%E8%AE%A1%E6%80%BB%E4%BD%93/%E8%AF%BE%E6%97%B644_%E7%AC%AC%E4%B9%9D%E7%AB%A0%E9%9A%8F%E6%9C%BA%E6%8A%BD%E6%A0%B7_9.2.2%E6%80%BB%E4%BD%93%E7%99%BE%E5%88%86%E4%BD%8D%E6%95%B0%E7%9A%84%E4%BC%B0%E8%AE%A1-%E6%95%99%E6%A1%88%E3%80%90%E5%85%AC%E4%BC%97%E5%8F%B7dc008%E5%85%8D%E8%B4%B9%E5%88%86%E4%BA%AB%E3%80%91.md
课时44_第九章随机抽样_9.2.2总体百分位数的估计-教案【公众号dc008免费分享】.pdf,必修二\第九章统计\9.2 用样本估计总体,原文件,.pdf,0,,,0,概率与统计教案资源,必修二\第九章统计\9.2 用样本估计总体\课时44_第九章随机抽样_9.2.2总体百分位数的估计-教案【公众号dc008免费分享】.pdf,https://math-1415627924.cos.ap-guangzhou.myqcloud.com/math-teaching-resources/03-%E6%A6%82%E7%8E%87%E4%B8%8E%E7%BB%9F%E8%AE%A1/01-%E6%95%99%E6%A1%88/%E5%BF%85%E4%BF%AE%E4%BA%8C/%E7%AC%AC%E4%B9%9D%E7%AB%A0%E7%BB%9F%E8%AE%A1/9.2%20%E7%94%A8%E6%A0%B7%E6%9C%AC%E4%BC%B0%E8%AE%A1%E6%80%BB%E4%BD%93/%E8%AF%BE%E6%97%B644_%E7%AC%AC%E4%B9%9D%E7%AB%A0%E9%9A%8F%E6%9C%BA%E6%8A%BD%E6%A0%B7_9.2.2%E6%80%BB%E4%BD%93%E7%99%BE%E5%88%86%E4%BD%8D%E6%95%B0%E7%9A%84%E4%BC%B0%E8%AE%A1-%E6%95%99%E6%A1%88%E3%80%90%E5%85%AC%E4%BC%97%E5%8F%B7dc008%E5%85%8D%E8%B4%B9%E5%88%86%E4%BA%AB%E3%80%91.pdf
课时45_第九章随机抽样_9.2.3总体集中趋势的估计-教案【公众号dc008免费分享】.md,必修二\第九章统计\9.2 用样本估计总体,Markdown文件,.md,0,,,0,概率与统计教案资源,必修二\第九章统计\9.2 用样本估计总体\课时45_第九章随机抽样_9.2.3总体集中趋势的估计-教案【公众号dc008免费分享】.md,https://math-1415627924.cos.ap-guangzhou.myqcloud.com/math-teaching-resources/03-%E6%A6%82%E7%8E%87%E4%B8%8E%E7%BB%9F%E8%AE%A1/01-%E6%95%99%E6%A1%88/%E5%BF%85%E4%BF%AE%E4%BA%8C/%E7%AC%AC%E4%B9%9D%E7%AB%A0%E7%BB%9F%E8%AE%A1/9.2%20%E7%94%A8%E6%A0%B7%E6%9C%AC%E4%BC%B0%E8%AE%A1%E6%80%BB%E4%BD%93/%E8%AF%BE%E6%97%B645_%E7%AC%AC%E4%B9%9D%E7%AB%A0%E9%9A%8F%E6%9C%BA%E6%8A%BD%E6%A0%B7_9.2.3%E6%80%BB%E4%BD%93%E9%9B%86%E4%B8%AD%E8%B6%8B%E5%8A%BF%E7%9A%84%E4%BC%B0%E8%AE%A1-%E6%95%99%E6%A1%88%E3%80%90%E5%85%AC%E4%BC%97%E5%8F%B7dc008%E5%85%8D%E8%B4%B9%E5%88%86%E4%BA%AB%E3%80%91.md
课时45_第九章随机抽样_9.2.3总体集中趋势的估计-教案【公众号dc008免费分享】.pdf,必修二\第九章统计\9.2 用样本估计总体,原文件,.pdf,0,,,0,概率与统计教案资源,必修二\第九章统计\9.2 用样本估计总体\课时45_第九章随机抽样_9.2.3总体集中趋势的估计-教案【公众号dc008免费分享】.pdf,https://math-1415627924.cos.ap-guangzhou.myqcloud.com/math-teaching-resources/03-%E6%A6%82%E7%8E%87%E4%B8%8E%E7%BB%9F%E8%AE%A1/01-%E6%95%99%E6%A1%88/%E5%BF%85%E4%BF%AE%E4%BA%8C/%E7%AC%AC%E4%B9%9D%E7%AB%A0%E7%BB%9F%E8%AE%A1/9.2%20%E7%94%A8%E6%A0%B7%E6%9C%AC%E4%BC%B0%E8%AE%A1%E6%80%BB%E4%BD%93/%E8%AF%BE%E6%97%B645_%E7%AC%AC%E4%B9%9D%E7%AB%A0%E9%9A%8F%E6%9C%BA%E6%8A%BD%E6%A0%B7_9.2.3%E6%80%BB%E4%BD%93%E9%9B%86%E4%B8%AD%E8%B6%8B%E5%8A%BF%E7%9A%84%E4%BC%B0%E8%AE%A1-%E6%95%99%E6%A1%88%E3%80%90%E5%85%AC%E4%BC%97%E5%8F%B7dc008%E5%85%8D%E8%B4%B9%E5%88%86%E4%BA%AB%E3%80%91.pdf
课时46_第九章随机抽样_9.2.4总体离散程度的估计-教案【公众号dc008免费分享】.md,必修二\第九章统计\9.2 用样本估计总体,Markdown文件,.md,0,,,0,概率与统计教案资源,必修二\第九章统计\9.2 用样本估计总体\课时46_第九章随机抽样_9.2.4总体离散程度的估计-教案【公众号dc008免费分享】.md,https://math-1415627924.cos.ap-guangzhou.myqcloud.com/math-teaching-resources/03-%E6%A6%82%E7%8E%87%E4%B8%8E%E7%BB%9F%E8%AE%A1/01-%E6%95%99%E6%A1%88/%E5%BF%85%E4%BF%AE%E4%BA%8C/%E7%AC%AC%E4%B9%9D%E7%AB%A0%E7%BB%9F%E8%AE%A1/9.2%20%E7%94%A8%E6%A0%B7%E6%9C%AC%E4%BC%B0%E8%AE%A1%E6%80%BB%E4%BD%93/%E8%AF%BE%E6%97%B646_%E7%AC%AC%E4%B9%9D%E7%AB%A0%E9%9A%8F%E6%9C%BA%E6%8A%BD%E6%A0%B7_9.2.4%E6%80%BB%E4%BD%93%E7%A6%BB%E6%95%A3%E7%A8%8B%E5%BA%A6%E7%9A%84%E4%BC%B0%E8%AE%A1-%E6%95%99%E6%A1%88%E3%80%90%E5%85%AC%E4%BC%97%E5%8F%B7dc008%E5%85%8D%E8%B4%B9%E5%88%86%E4%BA%AB%E3%80%91.md
课时46_第九章随机抽样_9.2.4总体离散程度的估计-教案【公众号dc008免费分享】.pdf,必修二\第九章统计\9.2 用样本估计总体,原文件,.pdf,0,,,0,概率与统计教案资源,必修二\第九章统计\9.2 用样本估计总体\课时46_第九章随机抽样_9.2.4总体离散程度的估计-教案【公众号dc008免费分享】.pdf,https://math-1415627924.cos.ap-guangzhou.myqcloud.com/math-teaching-resources/03-%E6%A6%82%E7%8E%87%E4%B8%8E%E7%BB%9F%E8%AE%A1/01-%E6%95%99%E6%A1%88/%E5%BF%85%E4%BF%AE%E4%BA%8C/%E7%AC%AC%E4%B9%9D%E7%AB%A0%E7%BB%9F%E8%AE%A1/9.2%20%E7%94%A8%E6%A0%B7%E6%9C%AC%E4%BC%B0%E8%AE%A1%E6%80%BB%E4%BD%93/%E8%AF%BE%E6%97%B646_%E7%AC%AC%E4%B9%9D%E7%AB%A0%E9%9A%8F%E6%9C%BA%E6%8A%BD%E6%A0%B7_9.2.4%E6%80%BB%E4%BD%93%E7%A6%BB%E6%95%A3%E7%A8%8B%E5%BA%A6%E7%9A%84%E4%BC%B0%E8%AE%A1-%E6%95%99%E6%A1%88%E3%80%90%E5%85%AC%E4%BC%97%E5%8F%B7dc008%E5%85%8D%E8%B4%B9%E5%88%86%E4%BA%AB%E3%80%91.pdf
0628高一数学(人教A版)-统计案例1教案 (2).docx,必修二\第九章统计\9.3 统计案例 公司员工的肥胖情况调查分析,原文件,.docx,0,,,0,概率与统计教案资源,必修二\第九章统计\9.3 统计案例 公司员工的肥胖情况调查分析\0628高一数学(人教A版)-统计案例1教案 (2).docx,https://math-1415627924.cos.ap-guangzhou.myqcloud.com/math-teaching-resources/03-%E6%A6%82%E7%8E%87%E4%B8%8E%E7%BB%9F%E8%AE%A1/01-%E6%95%99%E6%A1%88/%E5%BF%85%E4%BF%AE%E4%BA%8C/%E7%AC%AC%E4%B9%9D%E7%AB%A0%E7%BB%9F%E8%AE%A1/9.3%20%E7%BB%9F%E8%AE%A1%E6%A1%88%E4%BE%8B%20%E5%85%AC%E5%8F%B8%E5%91%98%E5%B7%A5%E7%9A%84%E8%82%A5%E8%83%96%E6%83%85%E5%86%B5%E8%B0%83%E6%9F%A5%E5%88%86%E6%9E%90/0628%E9%AB%98%E4%B8%80%E6%95%B0%E5%AD%A6%28%E4%BA%BA%E6%95%99A%E7%89%88%29-%E7%BB%9F%E8%AE%A1%E6%A1%88%E4%BE%8B1%E6%95%99%E6%A1%88%20%282%29.docx
0628高一数学(人教A版)-统计案例1教案 (2).md,必修二\第九章统计\9.3 统计案例 公司员工的肥胖情况调查分析,Markdown文件,.md,0,,,0,概率与统计教案资源,必修二\第九章统计\9.3 统计案例 公司员工的肥胖情况调查分析\0628高一数学(人教A版)-统计案例1教案 (2).md,https://math-1415627924.cos.ap-guangzhou.myqcloud.com/math-teaching-resources/03-%E6%A6%82%E7%8E%87%E4%B8%8E%E7%BB%9F%E8%AE%A1/01-%E6%95%99%E6%A1%88/%E5%BF%85%E4%BF%AE%E4%BA%8C/%E7%AC%AC%E4%B9%9D%E7%AB%A0%E7%BB%9F%E8%AE%A1/9.3%20%E7%BB%9F%E8%AE%A1%E6%A1%88%E4%BE%8B%20%E5%85%AC%E5%8F%B8%E5%91%98%E5%B7%A5%E7%9A%84%E8%82%A5%E8%83%96%E6%83%85%E5%86%B5%E8%B0%83%E6%9F%A5%E5%88%86%E6%9E%90/0628%E9%AB%98%E4%B8%80%E6%95%B0%E5%AD%A6%28%E4%BA%BA%E6%95%99A%E7%89%88%29-%E7%BB%9F%E8%AE%A1%E6%A1%88%E4%BE%8B1%E6%95%99%E6%A1%88%20%282%29.md
0628高一数学(人教A版)-统计案例1教案.docx,必修二\第九章统计\9.3 统计案例 公司员工的肥胖情况调查分析,原文件,.docx,0,,,0,概率与统计教案资源,必修二\第九章统计\9.3 统计案例 公司员工的肥胖情况调查分析\0628高一数学(人教A版)-统计案例1教案.docx,https://math-1415627924.cos.ap-guangzhou.myqcloud.com/math-teaching-resources/03-%E6%A6%82%E7%8E%87%E4%B8%8E%E7%BB%9F%E8%AE%A1/01-%E6%95%99%E6%A1%88/%E5%BF%85%E4%BF%AE%E4%BA%8C/%E7%AC%AC%E4%B9%9D%E7%AB%A0%E7%BB%9F%E8%AE%A1/9.3%20%E7%BB%9F%E8%AE%A1%E6%A1%88%E4%BE%8B%20%E5%85%AC%E5%8F%B8%E5%91%98%E5%B7%A5%E7%9A%84%E8%82%A5%E8%83%96%E6%83%85%E5%86%B5%E8%B0%83%E6%9F%A5%E5%88%86%E6%9E%90/0628%E9%AB%98%E4%B8%80%E6%95%B0%E5%AD%A6%28%E4%BA%BA%E6%95%99A%E7%89%88%29-%E7%BB%9F%E8%AE%A1%E6%A1%88%E4%BE%8B1%E6%95%99%E6%A1%88.docx
0628高一数学(人教A版)-统计案例1教案.md,必修二\第九章统计\9.3 统计案例 公司员工的肥胖情况调查分析,Markdown文件,.md,0,,,0,概率与统计教案资源,必修二\第九章统计\9.3 统计案例 公司员工的肥胖情况调查分析\0628高一数学(人教A版)-统计案例1教案.md,https://math-1415627924.cos.ap-guangzhou.myqcloud.com/math-teaching-resources/03-%E6%A6%82%E7%8E%87%E4%B8%8E%E7%BB%9F%E8%AE%A1/01-%E6%95%99%E6%A1%88/%E5%BF%85%E4%BF%AE%E4%BA%8C/%E7%AC%AC%E4%B9%9D%E7%AB%A0%E7%BB%9F%E8%AE%A1/9.3%20%E7%BB%9F%E8%AE%A1%E6%A1%88%E4%BE%8B%20%E5%85%AC%E5%8F%B8%E5%91%98%E5%B7%A5%E7%9A%84%E8%82%A5%E8%83%96%E6%83%85%E5%86%B5%E8%B0%83%E6%9F%A5%E5%88%86%E6%9E%90/0628%E9%AB%98%E4%B8%80%E6%95%B0%E5%AD%A6%28%E4%BA%BA%E6%95%99A%E7%89%88%29-%E7%BB%9F%E8%AE%A1%E6%A1%88%E4%BE%8B1%E6%95%99%E6%A1%88.md
0628高一数学(人教A版)-统计案例3学习任务单.docx,必修二\第九章统计\9.3 统计案例 公司员工的肥胖情况调查分析,原文件,.docx,0,,,0,概率与统计教案资源,必修二\第九章统计\9.3 统计案例 公司员工的肥胖情况调查分析\0628高一数学(人教A版)-统计案例3学习任务单.docx,https://math-1415627924.cos.ap-guangzhou.myqcloud.com/math-teaching-resources/03-%E6%A6%82%E7%8E%87%E4%B8%8E%E7%BB%9F%E8%AE%A1/01-%E6%95%99%E6%A1%88/%E5%BF%85%E4%BF%AE%E4%BA%8C/%E7%AC%AC%E4%B9%9D%E7%AB%A0%E7%BB%9F%E8%AE%A1/9.3%20%E7%BB%9F%E8%AE%A1%E6%A1%88%E4%BE%8B%20%E5%85%AC%E5%8F%B8%E5%91%98%E5%B7%A5%E7%9A%84%E8%82%A5%E8%83%96%E6%83%85%E5%86%B5%E8%B0%83%E6%9F%A5%E5%88%86%E6%9E%90/0628%E9%AB%98%E4%B8%80%E6%95%B0%E5%AD%A6%28%E4%BA%BA%E6%95%99A%E7%89%88%29-%E7%BB%9F%E8%AE%A1%E6%A1%88%E4%BE%8B3%E5%AD%A6%E4%B9%A0%E4%BB%BB%E5%8A%A1%E5%8D%95.docx
0628高一数学(人教A版)-统计案例3学习任务单.md,必修二\第九章统计\9.3 统计案例 公司员工的肥胖情况调查分析,Markdown文件,.md,0,,,0,概率与统计教案资源,必修二\第九章统计\9.3 统计案例 公司员工的肥胖情况调查分析\0628高一数学(人教A版)-统计案例3学习任务单.md,https://math-1415627924.cos.ap-guangzhou.myqcloud.com/math-teaching-resources/03-%E6%A6%82%E7%8E%87%E4%B8%8E%E7%BB%9F%E8%AE%A1/01-%E6%95%99%E6%A1%88/%E5%BF%85%E4%BF%AE%E4%BA%8C/%E7%AC%AC%E4%B9%9D%E7%AB%A0%E7%BB%9F%E8%AE%A1/9.3%20%E7%BB%9F%E8%AE%A1%E6%A1%88%E4%BE%8B%20%E5%85%AC%E5%8F%B8%E5%91%98%E5%B7%A5%E7%9A%84%E8%82%A5%E8%83%96%E6%83%85%E5%86%B5%E8%B0%83%E6%9F%A5%E5%88%86%E6%9E%90/0628%E9%AB%98%E4%B8%80%E6%95%B0%E5%AD%A6%28%E4%BA%BA%E6%95%99A%E7%89%88%29-%E7%BB%9F%E8%AE%A1%E6%A1%88%E4%BE%8B3%E5%AD%A6%E4%B9%A0%E4%BB%BB%E5%8A%A1%E5%8D%95.md
9.3+统计案例+公司员工的肥胖情况调查分析.md,必修二\第九章统计\9.3 统计案例 公司员工的肥胖情况调查分析,Markdown文件,.md,0,,,0,概率与统计教案资源,必修二\第九章统计\9.3 统计案例 公司员工的肥胖情况调查分析\9.3+统计案例+公司员工的肥胖情况调查分析.md,https://math-1415627924.cos.ap-guangzhou.myqcloud.com/math-teaching-resources/03-%E6%A6%82%E7%8E%87%E4%B8%8E%E7%BB%9F%E8%AE%A1/01-%E6%95%99%E6%A1%88/%E5%BF%85%E4%BF%AE%E4%BA%8C/%E7%AC%AC%E4%B9%9D%E7%AB%A0%E7%BB%9F%E8%AE%A1/9.3%20%E7%BB%9F%E8%AE%A1%E6%A1%88%E4%BE%8B%20%E5%85%AC%E5%8F%B8%E5%91%98%E5%B7%A5%E7%9A%84%E8%82%A5%E8%83%96%E6%83%85%E5%86%B5%E8%B0%83%E6%9F%A5%E5%88%86%E6%9E%90/9.3%2B%E7%BB%9F%E8%AE%A1%E6%A1%88%E4%BE%8B%2B%E5%85%AC%E5%8F%B8%E5%91%98%E5%B7%A5%E7%9A%84%E8%82%A5%E8%83%96%E6%83%85%E5%86%B5%E8%B0%83%E6%9F%A5%E5%88%86%E6%9E%90.md
9.3+统计案例+公司员工的肥胖情况调查分析.pdf,必修二\第九章统计\9.3 统计案例 公司员工的肥胖情况调查分析,原文件,.pdf,0,,,0,概率与统计教案资源,必修二\第九章统计\9.3 统计案例 公司员工的肥胖情况调查分析\9.3+统计案例+公司员工的肥胖情况调查分析.pdf,https://math-1415627924.cos.ap-guangzhou.myqcloud.com/math-teaching-resources/03-%E6%A6%82%E7%8E%87%E4%B8%8E%E7%BB%9F%E8%AE%A1/01-%E6%95%99%E6%A1%88/%E5%BF%85%E4%BF%AE%E4%BA%8C/%E7%AC%AC%E4%B9%9D%E7%AB%A0%E7%BB%9F%E8%AE%A1/9.3%20%E7%BB%9F%E8%AE%A1%E6%A1%88%E4%BE%8B%20%E5%85%AC%E5%8F%B8%E5%91%98%E5%B7%A5%E7%9A%84%E8%82%A5%E8%83%96%E6%83%85%E5%86%B5%E8%B0%83%E6%9F%A5%E5%88%86%E6%9E%90/9.3%2B%E7%BB%9F%E8%AE%A1%E6%A1%88%E4%BE%8B%2B%E5%85%AC%E5%8F%B8%E5%91%98%E5%B7%A5%E7%9A%84%E8%82%A5%E8%83%96%E6%83%85%E5%86%B5%E8%B0%83%E6%9F%A5%E5%88%86%E6%9E%90.pdf
统计案例公司员工的肥胖情况调查分析（教学设计）.docx,必修二\第九章统计\9.3 统计案例 公司员工的肥胖情况调查分析,原文件,.docx,0,,,0,概率与统计教案资源,必修二\第九章统计\9.3 统计案例 公司员工的肥胖情况调查分析\统计案例公司员工的肥胖情况调查分析（教学设计）.docx,https://math-1415627924.cos.ap-guangzhou.myqcloud.com/math-teaching-resources/03-%E6%A6%82%E7%8E%87%E4%B8%8E%E7%BB%9F%E8%AE%A1/01-%E6%95%99%E6%A1%88/%E5%BF%85%E4%BF%AE%E4%BA%8C/%E7%AC%AC%E4%B9%9D%E7%AB%A0%E7%BB%9F%E8%AE%A1/9.3%20%E7%BB%9F%E8%AE%A1%E6%A1%88%E4%BE%8B%20%E5%85%AC%E5%8F%B8%E5%91%98%E5%B7%A5%E7%9A%84%E8%82%A5%E8%83%96%E6%83%85%E5%86%B5%E8%B0%83%E6%9F%A5%E5%88%86%E6%9E%90/%E7%BB%9F%E8%AE%A1%E6%A1%88%E4%BE%8B%E5%85%AC%E5%8F%B8%E5%91%98%E5%B7%A5%E7%9A%84%E8%82%A5%E8%83%96%E6%83%85%E5%86%B5%E8%B0%83%E6%9F%A5%E5%88%86%E6%9E%90%EF%BC%88%E6%95%99%E5%AD%A6%E8%AE%BE%E8%AE%A1%EF%BC%89.docx
统计案例公司员工的肥胖情况调查分析（教学设计）.md,必修二\第九章统计\9.3 统计案例 公司员工的肥胖情况调查分析,Markdown文件,.md,0,,,0,概率与统计教案资源,必修二\第九章统计\9.3 统计案例 公司员工的肥胖情况调查分析\统计案例公司员工的肥胖情况调查分析（教学设计）.md,https://math-1415627924.cos.ap-guangzhou.myqcloud.com/math-teaching-resources/03-%E6%A6%82%E7%8E%87%E4%B8%8E%E7%BB%9F%E8%AE%A1/01-%E6%95%99%E6%A1%88/%E5%BF%85%E4%BF%AE%E4%BA%8C/%E7%AC%AC%E4%B9%9D%E7%AB%A0%E7%BB%9F%E8%AE%A1/9.3%20%E7%BB%9F%E8%AE%A1%E6%A1%88%E4%BE%8B%20%E5%85%AC%E5%8F%B8%E5%91%98%E5%B7%A5%E7%9A%84%E8%82%A5%E8%83%96%E6%83%85%E5%86%B5%E8%B0%83%E6%9F%A5%E5%88%86%E6%9E%90/%E7%BB%9F%E8%AE%A1%E6%A1%88%E4%BE%8B%E5%85%AC%E5%8F%B8%E5%91%98%E5%B7%A5%E7%9A%84%E8%82%A5%E8%83%96%E6%83%85%E5%86%B5%E8%B0%83%E6%9F%A5%E5%88%86%E6%9E%90%EF%BC%88%E6%95%99%E5%AD%A6%E8%AE%BE%E8%AE%A1%EF%BC%89.md
0628高一数学(人教A版)随机事件与概率(第一课时)1教案 (2).docx,必修二\第十章概率\10.1 随机事件与概率,原文件,.docx,0,,,0,概率与统计教案资源,必修二\第十章概率\10.1 随机事件与概率\0628高一数学(人教A版)随机事件与概率(第一课时)1教案 (2).docx,https://math-1415627924.cos.ap-guangzhou.myqcloud.com/math-teaching-resources/03-%E6%A6%82%E7%8E%87%E4%B8%8E%E7%BB%9F%E8%AE%A1/01-%E6%95%99%E6%A1%88/%E5%BF%85%E4%BF%AE%E4%BA%8C/%E7%AC%AC%E5%8D%81%E7%AB%A0%E6%A6%82%E7%8E%87/10.1%20%E9%9A%8F%E6%9C%BA%E4%BA%8B%E4%BB%B6%E4%B8%8E%E6%A6%82%E7%8E%87/0628%E9%AB%98%E4%B8%80%E6%95%B0%E5%AD%A6%28%E4%BA%BA%E6%95%99A%E7%89%88%29%E9%9A%8F%E6%9C%BA%E4%BA%8B%E4%BB%B6%E4%B8%8E%E6%A6%82%E7%8E%87%28%E7%AC%AC%E4%B8%80%E8%AF%BE%E6%97%B6%291%E6%95%99%E6%A1%88%20%282%29.docx
0628高一数学(人教A版)随机事件与概率(第一课时)1教案 (2).md,必修二\第十章概率\10.1 随机事件与概率,Markdown文件,.md,0,,,0,概率与统计教案资源,必修二\第十章概率\10.1 随机事件与概率\0628高一数学(人教A版)随机事件与概率(第一课时)1教案 (2).md,https://math-1415627924.cos.ap-guangzhou.myqcloud.com/math-teaching-resources/03-%E6%A6%82%E7%8E%87%E4%B8%8E%E7%BB%9F%E8%AE%A1/01-%E6%95%99%E6%A1%88/%E5%BF%85%E4%BF%AE%E4%BA%8C/%E7%AC%AC%E5%8D%81%E7%AB%A0%E6%A6%82%E7%8E%87/10.1%20%E9%9A%8F%E6%9C%BA%E4%BA%8B%E4%BB%B6%E4%B8%8E%E6%A6%82%E7%8E%87/0628%E9%AB%98%E4%B8%80%E6%95%B0%E5%AD%A6%28%E4%BA%BA%E6%95%99A%E7%89%88%29%E9%9A%8F%E6%9C%BA%E4%BA%8B%E4%BB%B6%E4%B8%8E%E6%A6%82%E7%8E%87%28%E7%AC%AC%E4%B8%80%E8%AF%BE%E6%97%B6%291%E6%95%99%E6%A1%88%20%282%29.md
0628高一数学(人教A版)随机事件与概率(第一课时)1教案.docx,必修二\第十章概率\10.1 随机事件与概率,原文件,.docx,0,,,0,概率与统计教案资源,必修二\第十章概率\10.1 随机事件与概率\0628高一数学(人教A版)随机事件与概率(第一课时)1教案.docx,https://math-1415627924.cos.ap-guangzhou.myqcloud.com/math-teaching-resources/03-%E6%A6%82%E7%8E%87%E4%B8%8E%E7%BB%9F%E8%AE%A1/01-%E6%95%99%E6%A1%88/%E5%BF%85%E4%BF%AE%E4%BA%8C/%E7%AC%AC%E5%8D%81%E7%AB%A0%E6%A6%82%E7%8E%87/10.1%20%E9%9A%8F%E6%9C%BA%E4%BA%8B%E4%BB%B6%E4%B8%8E%E6%A6%82%E7%8E%87/0628%E9%AB%98%E4%B8%80%E6%95%B0%E5%AD%A6%28%E4%BA%BA%E6%95%99A%E7%89%88%29%E9%9A%8F%E6%9C%BA%E4%BA%8B%E4%BB%B6%E4%B8%8E%E6%A6%82%E7%8E%87%28%E7%AC%AC%E4%B8%80%E8%AF%BE%E6%97%B6%291%E6%95%99%E6%A1%88.docx
0628高一数学(人教A版)随机事件与概率(第一课时)1教案.md,必修二\第十章概率\10.1 随机事件与概率,Markdown文件,.md,0,,,0,概率与统计教案资源,必修二\第十章概率\10.1 随机事件与概率\0628高一数学(人教A版)随机事件与概率(第一课时)1教案.md,https://math-1415627924.cos.ap-guangzhou.myqcloud.com/math-teaching-resources/03-%E6%A6%82%E7%8E%87%E4%B8%8E%E7%BB%9F%E8%AE%A1/01-%E6%95%99%E6%A1%88/%E5%BF%85%E4%BF%AE%E4%BA%8C/%E7%AC%AC%E5%8D%81%E7%AB%A0%E6%A6%82%E7%8E%87/10.1%20%E9%9A%8F%E6%9C%BA%E4%BA%8B%E4%BB%B6%E4%B8%8E%E6%A6%82%E7%8E%87/0628%E9%AB%98%E4%B8%80%E6%95%B0%E5%AD%A6%28%E4%BA%BA%E6%95%99A%E7%89%88%29%E9%9A%8F%E6%9C%BA%E4%BA%8B%E4%BB%B6%E4%B8%8E%E6%A6%82%E7%8E%87%28%E7%AC%AC%E4%B8%80%E8%AF%BE%E6%97%B6%291%E6%95%99%E6%A1%88.md
0629高一数学(人教A版)随机事件与概率(第二课时)教案 (2).docx,必修二\第十章概率\10.1 随机事件与概率,原文件,.docx,0,,,0,概率与统计教案资源,必修二\第十章概率\10.1 随机事件与概率\0629高一数学(人教A版)随机事件与概率(第二课时)教案 (2).docx,https://math-1415627924.cos.ap-guangzhou.myqcloud.com/math-teaching-resources/03-%E6%A6%82%E7%8E%87%E4%B8%8E%E7%BB%9F%E8%AE%A1/01-%E6%95%99%E6%A1%88/%E5%BF%85%E4%BF%AE%E4%BA%8C/%E7%AC%AC%E5%8D%81%E7%AB%A0%E6%A6%82%E7%8E%87/10.1%20%E9%9A%8F%E6%9C%BA%E4%BA%8B%E4%BB%B6%E4%B8%8E%E6%A6%82%E7%8E%87/0629%E9%AB%98%E4%B8%80%E6%95%B0%E5%AD%A6%28%E4%BA%BA%E6%95%99A%E7%89%88%29%E9%9A%8F%E6%9C%BA%E4%BA%8B%E4%BB%B6%E4%B8%8E%E6%A6%82%E7%8E%87%28%E7%AC%AC%E4%BA%8C%E8%AF%BE%E6%97%B6%29%E6%95%99%E6%A1%88%20%282%29.docx
0629高一数学(人教A版)随机事件与概率(第二课时)教案 (2).md,必修二\第十章概率\10.1 随机事件与概率,Markdown文件,.md,0,,,0,概率与统计教案资源,必修二\第十章概率\10.1 随机事件与概率\0629高一数学(人教A版)随机事件与概率(第二课时)教案 (2).md,https://math-1415627924.cos.ap-guangzhou.myqcloud.com/math-teaching-resources/03-%E6%A6%82%E7%8E%87%E4%B8%8E%E7%BB%9F%E8%AE%A1/01-%E6%95%99%E6%A1%88/%E5%BF%85%E4%BF%AE%E4%BA%8C/%E7%AC%AC%E5%8D%81%E7%AB%A0%E6%A6%82%E7%8E%87/10.1%20%E9%9A%8F%E6%9C%BA%E4%BA%8B%E4%BB%B6%E4%B8%8E%E6%A6%82%E7%8E%87/0629%E9%AB%98%E4%B8%80%E6%95%B0%E5%AD%A6%28%E4%BA%BA%E6%95%99A%E7%89%88%29%E9%9A%8F%E6%9C%BA%E4%BA%8B%E4%BB%B6%E4%B8%8E%E6%A6%82%E7%8E%87%28%E7%AC%AC%E4%BA%8C%E8%AF%BE%E6%97%B6%29%E6%95%99%E6%A1%88%20%282%29.md
0629高一数学(人教A版)随机事件与概率(第二课时)教案.docx,必修二\第十章概率\10.1 随机事件与概率,原文件,.docx,0,,,0,概率与统计教案资源,必修二\第十章概率\10.1 随机事件与概率\0629高一数学(人教A版)随机事件与概率(第二课时)教案.docx,https://math-1415627924.cos.ap-guangzhou.myqcloud.com/math-teaching-resources/03-%E6%A6%82%E7%8E%87%E4%B8%8E%E7%BB%9F%E8%AE%A1/01-%E6%95%99%E6%A1%88/%E5%BF%85%E4%BF%AE%E4%BA%8C/%E7%AC%AC%E5%8D%81%E7%AB%A0%E6%A6%82%E7%8E%87/10.1%20%E9%9A%8F%E6%9C%BA%E4%BA%8B%E4%BB%B6%E4%B8%8E%E6%A6%82%E7%8E%87/0629%E9%AB%98%E4%B8%80%E6%95%B0%E5%AD%A6%28%E4%BA%BA%E6%95%99A%E7%89%88%29%E9%9A%8F%E6%9C%BA%E4%BA%8B%E4%BB%B6%E4%B8%8E%E6%A6%82%E7%8E%87%28%E7%AC%AC%E4%BA%8C%E8%AF%BE%E6%97%B6%29%E6%95%99%E6%A1%88.docx
0629高一数学(人教A版)随机事件与概率(第二课时)教案.md,必修二\第十章概率\10.1 随机事件与概率,Markdown文件,.md,0,,,0,概率与统计教案资源,必修二\第十章概率\10.1 随机事件与概率\0629高一数学(人教A版)随机事件与概率(第二课时)教案.md,https://math-1415627924.cos.ap-guangzhou.myqcloud.com/math-teaching-resources/03-%E6%A6%82%E7%8E%87%E4%B8%8E%E7%BB%9F%E8%AE%A1/01-%E6%95%99%E6%A1%88/%E5%BF%85%E4%BF%AE%E4%BA%8C/%E7%AC%AC%E5%8D%81%E7%AB%A0%E6%A6%82%E7%8E%87/10.1%20%E9%9A%8F%E6%9C%BA%E4%BA%8B%E4%BB%B6%E4%B8%8E%E6%A6%82%E7%8E%87/0629%E9%AB%98%E4%B8%80%E6%95%B0%E5%AD%A6%28%E4%BA%BA%E6%95%99A%E7%89%88%29%E9%9A%8F%E6%9C%BA%E4%BA%8B%E4%BB%B6%E4%B8%8E%E6%A6%82%E7%8E%87%28%E7%AC%AC%E4%BA%8C%E8%AF%BE%E6%97%B6%29%E6%95%99%E6%A1%88.md
0630高一数学(人教A版)随机事件与概率(第三课时)1教案 (2).docx,必修二\第十章概率\10.1 随机事件与概率,原文件,.docx,0,,,0,概率与统计教案资源,必修二\第十章概率\10.1 随机事件与概率\0630高一数学(人教A版)随机事件与概率(第三课时)1教案 (2).docx,https://math-1415627924.cos.ap-guangzhou.myqcloud.com/math-teaching-resources/03-%E6%A6%82%E7%8E%87%E4%B8%8E%E7%BB%9F%E8%AE%A1/01-%E6%95%99%E6%A1%88/%E5%BF%85%E4%BF%AE%E4%BA%8C/%E7%AC%AC%E5%8D%81%E7%AB%A0%E6%A6%82%E7%8E%87/10.1%20%E9%9A%8F%E6%9C%BA%E4%BA%8B%E4%BB%B6%E4%B8%8E%E6%A6%82%E7%8E%87/0630%E9%AB%98%E4%B8%80%E6%95%B0%E5%AD%A6%28%E4%BA%BA%E6%95%99A%E7%89%88%29%E9%9A%8F%E6%9C%BA%E4%BA%8B%E4%BB%B6%E4%B8%8E%E6%A6%82%E7%8E%87%28%E7%AC%AC%E4%B8%89%E8%AF%BE%E6%97%B6%291%E6%95%99%E6%A1%88%20%282%29.docx
0630高一数学(人教A版)随机事件与概率(第三课时)1教案 (2).md,必修二\第十章概率\10.1 随机事件与概率,Markdown文件,.md,0,,,0,概率与统计教案资源,必修二\第十章概率\10.1 随机事件与概率\0630高一数学(人教A版)随机事件与概率(第三课时)1教案 (2).md,https://math-1415627924.cos.ap-guangzhou.myqcloud.com/math-teaching-resources/03-%E6%A6%82%E7%8E%87%E4%B8%8E%E7%BB%9F%E8%AE%A1/01-%E6%95%99%E6%A1%88/%E5%BF%85%E4%BF%AE%E4%BA%8C/%E7%AC%AC%E5%8D%81%E7%AB%A0%E6%A6%82%E7%8E%87/10.1%20%E9%9A%8F%E6%9C%BA%E4%BA%8B%E4%BB%B6%E4%B8%8E%E6%A6%82%E7%8E%87/0630%E9%AB%98%E4%B8%80%E6%95%B0%E5%AD%A6%28%E4%BA%BA%E6%95%99A%E7%89%88%29%E9%9A%8F%E6%9C%BA%E4%BA%8B%E4%BB%B6%E4%B8%8E%E6%A6%82%E7%8E%87%28%E7%AC%AC%E4%B8%89%E8%AF%BE%E6%97%B6%291%E6%95%99%E6%A1%88%20%282%29.md
0630高一数学(人教A版)随机事件与概率(第三课时)1教案.docx,必修二\第十章概率\10.1 随机事件与概率,原文件,.docx,0,,,0,概率与统计教案资源,必修二\第十章概率\10.1 随机事件与概率\0630高一数学(人教A版)随机事件与概率(第三课时)1教案.docx,https://math-1415627924.cos.ap-guangzhou.myqcloud.com/math-teaching-resources/03-%E6%A6%82%E7%8E%87%E4%B8%8E%E7%BB%9F%E8%AE%A1/01-%E6%95%99%E6%A1%88/%E5%BF%85%E4%BF%AE%E4%BA%8C/%E7%AC%AC%E5%8D%81%E7%AB%A0%E6%A6%82%E7%8E%87/10.1%20%E9%9A%8F%E6%9C%BA%E4%BA%8B%E4%BB%B6%E4%B8%8E%E6%A6%82%E7%8E%87/0630%E9%AB%98%E4%B8%80%E6%95%B0%E5%AD%A6%28%E4%BA%BA%E6%95%99A%E7%89%88%29%E9%9A%8F%E6%9C%BA%E4%BA%8B%E4%BB%B6%E4%B8%8E%E6%A6%82%E7%8E%87%28%E7%AC%AC%E4%B8%89%E8%AF%BE%E6%97%B6%291%E6%95%99%E6%A1%88.docx
0630高一数学(人教A版)随机事件与概率(第三课时)1教案.md,必修二\第十章概率\10.1 随机事件与概率,Markdown文件,.md,0,,,0,概率与统计教案资源,必修二\第十章概率\10.1 随机事件与概率\0630高一数学(人教A版)随机事件与概率(第三课时)1教案.md,https://math-1415627924.cos.ap-guangzhou.myqcloud.com/math-teaching-resources/03-%E6%A6%82%E7%8E%87%E4%B8%8E%E7%BB%9F%E8%AE%A1/01-%E6%95%99%E6%A1%88/%E5%BF%85%E4%BF%AE%E4%BA%8C/%E7%AC%AC%E5%8D%81%E7%AB%A0%E6%A6%82%E7%8E%87/10.1%20%E9%9A%8F%E6%9C%BA%E4%BA%8B%E4%BB%B6%E4%B8%8E%E6%A6%82%E7%8E%87/0630%E9%AB%98%E4%B8%80%E6%95%B0%E5%AD%A6%28%E4%BA%BA%E6%95%99A%E7%89%88%29%E9%9A%8F%E6%9C%BA%E4%BA%8B%E4%BB%B6%E4%B8%8E%E6%A6%82%E7%8E%87%28%E7%AC%AC%E4%B8%89%E8%AF%BE%E6%97%B6%291%E6%95%99%E6%A1%88.md
0701高一数学(人教A版)随机事件与概率(第四课时)1教案 (2).docx,必修二\第十章概率\10.1 随机事件与概率,原文件,.docx,0,,,0,概率与统计教案资源,必修二\第十章概率\10.1 随机事件与概率\0701高一数学(人教A版)随机事件与概率(第四课时)1教案 (2).docx,https://math-1415627924.cos.ap-guangzhou.myqcloud.com/math-teaching-resources/03-%E6%A6%82%E7%8E%87%E4%B8%8E%E7%BB%9F%E8%AE%A1/01-%E6%95%99%E6%A1%88/%E5%BF%85%E4%BF%AE%E4%BA%8C/%E7%AC%AC%E5%8D%81%E7%AB%A0%E6%A6%82%E7%8E%87/10.1%20%E9%9A%8F%E6%9C%BA%E4%BA%8B%E4%BB%B6%E4%B8%8E%E6%A6%82%E7%8E%87/0701%E9%AB%98%E4%B8%80%E6%95%B0%E5%AD%A6%28%E4%BA%BA%E6%95%99A%E7%89%88%29%E9%9A%8F%E6%9C%BA%E4%BA%8B%E4%BB%B6%E4%B8%8E%E6%A6%82%E7%8E%87%28%E7%AC%AC%E5%9B%9B%E8%AF%BE%E6%97%B6%291%E6%95%99%E6%A1%88%20%282%29.docx
0701高一数学(人教A版)随机事件与概率(第四课时)1教案 (2).md,必修二\第十章概率\10.1 随机事件与概率,Markdown文件,.md,0,,,0,概率与统计教案资源,必修二\第十章概率\10.1 随机事件与概率\0701高一数学(人教A版)随机事件与概率(第四课时)1教案 (2).md,https://math-1415627924.cos.ap-guangzhou.myqcloud.com/math-teaching-resources/03-%E6%A6%82%E7%8E%87%E4%B8%8E%E7%BB%9F%E8%AE%A1/01-%E6%95%99%E6%A1%88/%E5%BF%85%E4%BF%AE%E4%BA%8C/%E7%AC%AC%E5%8D%81%E7%AB%A0%E6%A6%82%E7%8E%87/10.1%20%E9%9A%8F%E6%9C%BA%E4%BA%8B%E4%BB%B6%E4%B8%8E%E6%A6%82%E7%8E%87/0701%E9%AB%98%E4%B8%80%E6%95%B0%E5%AD%A6%28%E4%BA%BA%E6%95%99A%E7%89%88%29%E9%9A%8F%E6%9C%BA%E4%BA%8B%E4%BB%B6%E4%B8%8E%E6%A6%82%E7%8E%87%28%E7%AC%AC%E5%9B%9B%E8%AF%BE%E6%97%B6%291%E6%95%99%E6%A1%88%20%282%29.md
0701高一数学(人教A版)随机事件与概率(第四课时)1教案.docx,必修二\第十章概率\10.1 随机事件与概率,原文件,.docx,0,,,0,概率与统计教案资源,必修二\第十章概率\10.1 随机事件与概率\0701高一数学(人教A版)随机事件与概率(第四课时)1教案.docx,https://math-1415627924.cos.ap-guangzhou.myqcloud.com/math-teaching-resources/03-%E6%A6%82%E7%8E%87%E4%B8%8E%E7%BB%9F%E8%AE%A1/01-%E6%95%99%E6%A1%88/%E5%BF%85%E4%BF%AE%E4%BA%8C/%E7%AC%AC%E5%8D%81%E7%AB%A0%E6%A6%82%E7%8E%87/10.1%20%E9%9A%8F%E6%9C%BA%E4%BA%8B%E4%BB%B6%E4%B8%8E%E6%A6%82%E7%8E%87/0701%E9%AB%98%E4%B8%80%E6%95%B0%E5%AD%A6%28%E4%BA%BA%E6%95%99A%E7%89%88%29%E9%9A%8F%E6%9C%BA%E4%BA%8B%E4%BB%B6%E4%B8%8E%E6%A6%82%E7%8E%87%28%E7%AC%AC%E5%9B%9B%E8%AF%BE%E6%97%B6%291%E6%95%99%E6%A1%88.docx
0701高一数学(人教A版)随机事件与概率(第四课时)1教案.md,必修二\第十章概率\10.1 随机事件与概率,Markdown文件,.md,0,,,0,概率与统计教案资源,必修二\第十章概率\10.1 随机事件与概率\0701高一数学(人教A版)随机事件与概率(第四课时)1教案.md,https://math-1415627924.cos.ap-guangzhou.myqcloud.com/math-teaching-resources/03-%E6%A6%82%E7%8E%87%E4%B8%8E%E7%BB%9F%E8%AE%A1/01-%E6%95%99%E6%A1%88/%E5%BF%85%E4%BF%AE%E4%BA%8C/%E7%AC%AC%E5%8D%81%E7%AB%A0%E6%A6%82%E7%8E%87/10.1%20%E9%9A%8F%E6%9C%BA%E4%BA%8B%E4%BB%B6%E4%B8%8E%E6%A6%82%E7%8E%87/0701%E9%AB%98%E4%B8%80%E6%95%B0%E5%AD%A6%28%E4%BA%BA%E6%95%99A%E7%89%88%29%E9%9A%8F%E6%9C%BA%E4%BA%8B%E4%BB%B6%E4%B8%8E%E6%A6%82%E7%8E%87%28%E7%AC%AC%E5%9B%9B%E8%AF%BE%E6%97%B6%291%E6%95%99%E6%A1%88.md
0702高一数学(人教A版)频率与概率(第一课时)1教案 (2).docx,必修二\第十章概率\10.1 随机事件与概率,原文件,.docx,0,,,0,概率与统计教案资源,必修二\第十章概率\10.1 随机事件与概率\0702高一数学(人教A版)频率与概率(第一课时)1教案 (2).docx,https://math-1415627924.cos.ap-guangzhou.myqcloud.com/math-teaching-resources/03-%E6%A6%82%E7%8E%87%E4%B8%8E%E7%BB%9F%E8%AE%A1/01-%E6%95%99%E6%A1%88/%E5%BF%85%E4%BF%AE%E4%BA%8C/%E7%AC%AC%E5%8D%81%E7%AB%A0%E6%A6%82%E7%8E%87/10.1%20%E9%9A%8F%E6%9C%BA%E4%BA%8B%E4%BB%B6%E4%B8%8E%E6%A6%82%E7%8E%87/0702%E9%AB%98%E4%B8%80%E6%95%B0%E5%AD%A6%28%E4%BA%BA%E6%95%99A%E7%89%88%29%E9%A2%91%E7%8E%87%E4%B8%8E%E6%A6%82%E7%8E%87%28%E7%AC%AC%E4%B8%80%E8%AF%BE%E6%97%B6%291%E6%95%99%E6%A1%88%20%282%29.docx
0702高一数学(人教A版)频率与概率(第一课时)1教案 (2).md,必修二\第十章概率\10.1 随机事件与概率,Markdown文件,.md,0,,,0,概率与统计教案资源,必修二\第十章概率\10.1 随机事件与概率\0702高一数学(人教A版)频率与概率(第一课时)1教案 (2).md,https://math-1415627924.cos.ap-guangzhou.myqcloud.com/math-teaching-resources/03-%E6%A6%82%E7%8E%87%E4%B8%8E%E7%BB%9F%E8%AE%A1/01-%E6%95%99%E6%A1%88/%E5%BF%85%E4%BF%AE%E4%BA%8C/%E7%AC%AC%E5%8D%81%E7%AB%A0%E6%A6%82%E7%8E%87/10.1%20%E9%9A%8F%E6%9C%BA%E4%BA%8B%E4%BB%B6%E4%B8%8E%E6%A6%82%E7%8E%87/0702%E9%AB%98%E4%B8%80%E6%95%B0%E5%AD%A6%28%E4%BA%BA%E6%95%99A%E7%89%88%29%E9%A2%91%E7%8E%87%E4%B8%8E%E6%A6%82%E7%8E%87%28%E7%AC%AC%E4%B8%80%E8%AF%BE%E6%97%B6%291%E6%95%99%E6%A1%88%20%282%29.md
0702高一数学(人教A版)频率与概率(第一课时)1教案.docx,必修二\第十章概率\10.1 随机事件与概率,原文件,.docx,0,,,0,概率与统计教案资源,必修二\第十章概率\10.1 随机事件与概率\0702高一数学(人教A版)频率与概率(第一课时)1教案.docx,https://math-1415627924.cos.ap-guangzhou.myqcloud.com/math-teaching-resources/03-%E6%A6%82%E7%8E%87%E4%B8%8E%E7%BB%9F%E8%AE%A1/01-%E6%95%99%E6%A1%88/%E5%BF%85%E4%BF%AE%E4%BA%8C/%E7%AC%AC%E5%8D%81%E7%AB%A0%E6%A6%82%E7%8E%87/10.1%20%E9%9A%8F%E6%9C%BA%E4%BA%8B%E4%BB%B6%E4%B8%8E%E6%A6%82%E7%8E%87/0702%E9%AB%98%E4%B8%80%E6%95%B0%E5%AD%A6%28%E4%BA%BA%E6%95%99A%E7%89%88%29%E9%A2%91%E7%8E%87%E4%B8%8E%E6%A6%82%E7%8E%87%28%E7%AC%AC%E4%B8%80%E8%AF%BE%E6%97%B6%291%E6%95%99%E6%A1%88.docx
0702高一数学(人教A版)频率与概率(第一课时)1教案.md,必修二\第十章概率\10.1 随机事件与概率,Markdown文件,.md,0,,,0,概率与统计教案资源,必修二\第十章概率\10.1 随机事件与概率\0702高一数学(人教A版)频率与概率(第一课时)1教案.md,https://math-1415627924.cos.ap-guangzhou.myqcloud.com/math-teaching-resources/03-%E6%A6%82%E7%8E%87%E4%B8%8E%E7%BB%9F%E8%AE%A1/01-%E6%95%99%E6%A1%88/%E5%BF%85%E4%BF%AE%E4%BA%8C/%E7%AC%AC%E5%8D%81%E7%AB%A0%E6%A6%82%E7%8E%87/10.1%20%E9%9A%8F%E6%9C%BA%E4%BA%8B%E4%BB%B6%E4%B8%8E%E6%A6%82%E7%8E%87/0702%E9%AB%98%E4%B8%80%E6%95%B0%E5%AD%A6%28%E4%BA%BA%E6%95%99A%E7%89%88%29%E9%A2%91%E7%8E%87%E4%B8%8E%E6%A6%82%E7%8E%87%28%E7%AC%AC%E4%B8%80%E8%AF%BE%E6%97%B6%291%E6%95%99%E6%A1%88.md
课时3302_10.1.1有限样本空间与随机事件-10.1.1有限样本空间与随机事件教学设计【公众号dc008免费分享】.docx,必修二\第十章概率\10.1 随机事件与概率,原文件,.docx,0,,,0,概率与统计教案资源,必修二\第十章概率\10.1 随机事件与概率\课时3302_10.1.1有限样本空间与随机事件-10.1.1有限样本空间与随机事件教学设计【公众号dc008免费分享】.docx,https://math-1415627924.cos.ap-guangzhou.myqcloud.com/math-teaching-resources/03-%E6%A6%82%E7%8E%87%E4%B8%8E%E7%BB%9F%E8%AE%A1/01-%E6%95%99%E6%A1%88/%E5%BF%85%E4%BF%AE%E4%BA%8C/%E7%AC%AC%E5%8D%81%E7%AB%A0%E6%A6%82%E7%8E%87/10.1%20%E9%9A%8F%E6%9C%BA%E4%BA%8B%E4%BB%B6%E4%B8%8E%E6%A6%82%E7%8E%87/%E8%AF%BE%E6%97%B63302_10.1.1%E6%9C%89%E9%99%90%E6%A0%B7%E6%9C%AC%E7%A9%BA%E9%97%B4%E4%B8%8E%E9%9A%8F%E6%9C%BA%E4%BA%8B%E4%BB%B6-10.1.1%E6%9C%89%E9%99%90%E6%A0%B7%E6%9C%AC%E7%A9%BA%E9%97%B4%E4%B8%8E%E9%9A%8F%E6%9C%BA%E4%BA%8B%E4%BB%B6%E6%95%99%E5%AD%A6%E8%AE%BE%E8%AE%A1%E3%80%90%E5%85%AC%E4%BC%97%E5%8F%B7dc008%E5%85%8D%E8%B4%B9%E5%88%86%E4%BA%AB%E3%80%91.docx
课时3302_10.1.1有限样本空间与随机事件-10.1.1有限样本空间与随机事件教学设计【公众号dc008免费分享】.md,必修二\第十章概率\10.1 随机事件与概率,Markdown文件,.md,0,,,0,概率与统计教案资源,必修二\第十章概率\10.1 随机事件与概率\课时3302_10.1.1有限样本空间与随机事件-10.1.1有限样本空间与随机事件教学设计【公众号dc008免费分享】.md,https://math-1415627924.cos.ap-guangzhou.myqcloud.com/math-teaching-resources/03-%E6%A6%82%E7%8E%87%E4%B8%8E%E7%BB%9F%E8%AE%A1/01-%E6%95%99%E6%A1%88/%E5%BF%85%E4%BF%AE%E4%BA%8C/%E7%AC%AC%E5%8D%81%E7%AB%A0%E6%A6%82%E7%8E%87/10.1%20%E9%9A%8F%E6%9C%BA%E4%BA%8B%E4%BB%B6%E4%B8%8E%E6%A6%82%E7%8E%87/%E8%AF%BE%E6%97%B63302_10.1.1%E6%9C%89%E9%99%90%E6%A0%B7%E6%9C%AC%E7%A9%BA%E9%97%B4%E4%B8%8E%E9%9A%8F%E6%9C%BA%E4%BA%8B%E4%BB%B6-10.1.1%E6%9C%89%E9%99%90%E6%A0%B7%E6%9C%AC%E7%A9%BA%E9%97%B4%E4%B8%8E%E9%9A%8F%E6%9C%BA%E4%BA%8B%E4%BB%B6%E6%95%99%E5%AD%A6%E8%AE%BE%E8%AE%A1%E3%80%90%E5%85%AC%E4%BC%97%E5%8F%B7dc008%E5%85%8D%E8%B4%B9%E5%88%86%E4%BA%AB%E3%80%91.md
课时3305_10.1.2事件的关系和运算-10.1.2事件的关系和运算教学设计【公众号dc008免费分享】.docx,必修二\第十章概率\10.1 随机事件与概率,原文件,.docx,0,,,0,概率与统计教案资源,必修二\第十章概率\10.1 随机事件与概率\课时3305_10.1.2事件的关系和运算-10.1.2事件的关系和运算教学设计【公众号dc008免费分享】.docx,https://math-1415627924.cos.ap-guangzhou.myqcloud.com/math-teaching-resources/03-%E6%A6%82%E7%8E%87%E4%B8%8E%E7%BB%9F%E8%AE%A1/01-%E6%95%99%E6%A1%88/%E5%BF%85%E4%BF%AE%E4%BA%8C/%E7%AC%AC%E5%8D%81%E7%AB%A0%E6%A6%82%E7%8E%87/10.1%20%E9%9A%8F%E6%9C%BA%E4%BA%8B%E4%BB%B6%E4%B8%8E%E6%A6%82%E7%8E%87/%E8%AF%BE%E6%97%B63305_10.1.2%E4%BA%8B%E4%BB%B6%E7%9A%84%E5%85%B3%E7%B3%BB%E5%92%8C%E8%BF%90%E7%AE%97-10.1.2%E4%BA%8B%E4%BB%B6%E7%9A%84%E5%85%B3%E7%B3%BB%E5%92%8C%E8%BF%90%E7%AE%97%E6%95%99%E5%AD%A6%E8%AE%BE%E8%AE%A1%E3%80%90%E5%85%AC%E4%BC%97%E5%8F%B7dc008%E5%85%8D%E8%B4%B9%E5%88%86%E4%BA%AB%E3%80%91.docx
课时3305_10.1.2事件的关系和运算-10.1.2事件的关系和运算教学设计【公众号dc008免费分享】.md,必修二\第十章概率\10.1 随机事件与概率,Markdown文件,.md,0,,,0,概率与统计教案资源,必修二\第十章概率\10.1 随机事件与概率\课时3305_10.1.2事件的关系和运算-10.1.2事件的关系和运算教学设计【公众号dc008免费分享】.md,https://math-1415627924.cos.ap-guangzhou.myqcloud.com/math-teaching-resources/03-%E6%A6%82%E7%8E%87%E4%B8%8E%E7%BB%9F%E8%AE%A1/01-%E6%95%99%E6%A1%88/%E5%BF%85%E4%BF%AE%E4%BA%8C/%E7%AC%AC%E5%8D%81%E7%AB%A0%E6%A6%82%E7%8E%87/10.1%20%E9%9A%8F%E6%9C%BA%E4%BA%8B%E4%BB%B6%E4%B8%8E%E6%A6%82%E7%8E%87/%E8%AF%BE%E6%97%B63305_10.1.2%E4%BA%8B%E4%BB%B6%E7%9A%84%E5%85%B3%E7%B3%BB%E5%92%8C%E8%BF%90%E7%AE%97-10.1.2%E4%BA%8B%E4%BB%B6%E7%9A%84%E5%85%B3%E7%B3%BB%E5%92%8C%E8%BF%90%E7%AE%97%E6%95%99%E5%AD%A6%E8%AE%BE%E8%AE%A1%E3%80%90%E5%85%AC%E4%BC%97%E5%8F%B7dc008%E5%85%8D%E8%B4%B9%E5%88%86%E4%BA%AB%E3%80%91.md
课时3308_10.1.3古典概型-10.1.3古典概型【公众号dc008免费分享】.docx,必修二\第十章概率\10.1 随机事件与概率,原文件,.docx,0,,,0,概率与统计教案资源,必修二\第十章概率\10.1 随机事件与概率\课时3308_10.1.3古典概型-10.1.3古典概型【公众号dc008免费分享】.docx,https://math-1415627924.cos.ap-guangzhou.myqcloud.com/math-teaching-resources/03-%E6%A6%82%E7%8E%87%E4%B8%8E%E7%BB%9F%E8%AE%A1/01-%E6%95%99%E6%A1%88/%E5%BF%85%E4%BF%AE%E4%BA%8C/%E7%AC%AC%E5%8D%81%E7%AB%A0%E6%A6%82%E7%8E%87/10.1%20%E9%9A%8F%E6%9C%BA%E4%BA%8B%E4%BB%B6%E4%B8%8E%E6%A6%82%E7%8E%87/%E8%AF%BE%E6%97%B63308_10.1.3%E5%8F%A4%E5%85%B8%E6%A6%82%E5%9E%8B-10.1.3%E5%8F%A4%E5%85%B8%E6%A6%82%E5%9E%8B%E3%80%90%E5%85%AC%E4%BC%97%E5%8F%B7dc008%E5%85%8D%E8%B4%B9%E5%88%86%E4%BA%AB%E3%80%91.docx
课时3308_10.1.3古典概型-10.1.3古典概型【公众号dc008免费分享】.md,必修二\第十章概率\10.1 随机事件与概率,Markdown文件,.md,0,,,0,概率与统计教案资源,必修二\第十章概率\10.1 随机事件与概率\课时3308_10.1.3古典概型-10.1.3古典概型【公众号dc008免费分享】.md,https://math-1415627924.cos.ap-guangzhou.myqcloud.com/math-teaching-resources/03-%E6%A6%82%E7%8E%87%E4%B8%8E%E7%BB%9F%E8%AE%A1/01-%E6%95%99%E6%A1%88/%E5%BF%85%E4%BF%AE%E4%BA%8C/%E7%AC%AC%E5%8D%81%E7%AB%A0%E6%A6%82%E7%8E%87/10.1%20%E9%9A%8F%E6%9C%BA%E4%BA%8B%E4%BB%B6%E4%B8%8E%E6%A6%82%E7%8E%87/%E8%AF%BE%E6%97%B63308_10.1.3%E5%8F%A4%E5%85%B8%E6%A6%82%E5%9E%8B-10.1.3%E5%8F%A4%E5%85%B8%E6%A6%82%E5%9E%8B%E3%80%90%E5%85%AC%E4%BC%97%E5%8F%B7dc008%E5%85%8D%E8%B4%B9%E5%88%86%E4%BA%AB%E3%80%91.md
课时3310_10.1.4 概率的基本性质-10.1.4 概率的基本性质【公众号dc008免费分享】.docx,必修二\第十章概率\10.1 随机事件与概率,原文件,.docx,0,,,0,概率与统计教案资源,必修二\第十章概率\10.1 随机事件与概率\课时3310_10.1.4 概率的基本性质-10.1.4 概率的基本性质【公众号dc008免费分享】.docx,https://math-1415627924.cos.ap-guangzhou.myqcloud.com/math-teaching-resources/03-%E6%A6%82%E7%8E%87%E4%B8%8E%E7%BB%9F%E8%AE%A1/01-%E6%95%99%E6%A1%88/%E5%BF%85%E4%BF%AE%E4%BA%8C/%E7%AC%AC%E5%8D%81%E7%AB%A0%E6%A6%82%E7%8E%87/10.1%20%E9%9A%8F%E6%9C%BA%E4%BA%8B%E4%BB%B6%E4%B8%8E%E6%A6%82%E7%8E%87/%E8%AF%BE%E6%97%B63310_10.1.4%20%E6%A6%82%E7%8E%87%E7%9A%84%E5%9F%BA%E6%9C%AC%E6%80%A7%E8%B4%A8-10.1.4%20%E6%A6%82%E7%8E%87%E7%9A%84%E5%9F%BA%E6%9C%AC%E6%80%A7%E8%B4%A8%E3%80%90%E5%85%AC%E4%BC%97%E5%8F%B7dc008%E5%85%8D%E8%B4%B9%E5%88%86%E4%BA%AB%E3%80%91.docx
课时3310_10.1.4 概率的基本性质-10.1.4 概率的基本性质【公众号dc008免费分享】.md,必修二\第十章概率\10.1 随机事件与概率,Markdown文件,.md,0,,,0,概率与统计教案资源,必修二\第十章概率\10.1 随机事件与概率\课时3310_10.1.4 概率的基本性质-10.1.4 概率的基本性质【公众号dc008免费分享】.md,https://math-1415627924.cos.ap-guangzhou.myqcloud.com/math-teaching-resources/03-%E6%A6%82%E7%8E%87%E4%B8%8E%E7%BB%9F%E8%AE%A1/01-%E6%95%99%E6%A1%88/%E5%BF%85%E4%BF%AE%E4%BA%8C/%E7%AC%AC%E5%8D%81%E7%AB%A0%E6%A6%82%E7%8E%87/10.1%20%E9%9A%8F%E6%9C%BA%E4%BA%8B%E4%BB%B6%E4%B8%8E%E6%A6%82%E7%8E%87/%E8%AF%BE%E6%97%B63310_10.1.4%20%E6%A6%82%E7%8E%87%E7%9A%84%E5%9F%BA%E6%9C%AC%E6%80%A7%E8%B4%A8-10.1.4%20%E6%A6%82%E7%8E%87%E7%9A%84%E5%9F%BA%E6%9C%AC%E6%80%A7%E8%B4%A8%E3%80%90%E5%85%AC%E4%BC%97%E5%8F%B7dc008%E5%85%8D%E8%B4%B9%E5%88%86%E4%BA%AB%E3%80%91.md
课时47_第十章概率_10.1.1有限样本空间与随机事件-教案【公众号dc008免费分享】.md,必修二\第十章概率\10.1 随机事件与概率,Markdown文件,.md,0,,,0,概率与统计教案资源,必修二\第十章概率\10.1 随机事件与概率\课时47_第十章概率_10.1.1有限样本空间与随机事件-教案【公众号dc008免费分享】.md,https://math-1415627924.cos.ap-guangzhou.myqcloud.com/math-teaching-resources/03-%E6%A6%82%E7%8E%87%E4%B8%8E%E7%BB%9F%E8%AE%A1/01-%E6%95%99%E6%A1%88/%E5%BF%85%E4%BF%AE%E4%BA%8C/%E7%AC%AC%E5%8D%81%E7%AB%A0%E6%A6%82%E7%8E%87/10.1%20%E9%9A%8F%E6%9C%BA%E4%BA%8B%E4%BB%B6%E4%B8%8E%E6%A6%82%E7%8E%87/%E8%AF%BE%E6%97%B647_%E7%AC%AC%E5%8D%81%E7%AB%A0%E6%A6%82%E7%8E%87_10.1.1%E6%9C%89%E9%99%90%E6%A0%B7%E6%9C%AC%E7%A9%BA%E9%97%B4%E4%B8%8E%E9%9A%8F%E6%9C%BA%E4%BA%8B%E4%BB%B6-%E6%95%99%E6%A1%88%E3%80%90%E5%85%AC%E4%BC%97%E5%8F%B7dc008%E5%85%8D%E8%B4%B9%E5%88%86%E4%BA%AB%E3%80%91.md
课时47_第十章概率_10.1.1有限样本空间与随机事件-教案【公众号dc008免费分享】.pdf,必修二\第十章概率\10.1 随机事件与概率,原文件,.pdf,0,,,0,概率与统计教案资源,必修二\第十章概率\10.1 随机事件与概率\课时47_第十章概率_10.1.1有限样本空间与随机事件-教案【公众号dc008免费分享】.pdf,https://math-1415627924.cos.ap-guangzhou.myqcloud.com/math-teaching-resources/03-%E6%A6%82%E7%8E%87%E4%B8%8E%E7%BB%9F%E8%AE%A1/01-%E6%95%99%E6%A1%88/%E5%BF%85%E4%BF%AE%E4%BA%8C/%E7%AC%AC%E5%8D%81%E7%AB%A0%E6%A6%82%E7%8E%87/10.1%20%E9%9A%8F%E6%9C%BA%E4%BA%8B%E4%BB%B6%E4%B8%8E%E6%A6%82%E7%8E%87/%E8%AF%BE%E6%97%B647_%E7%AC%AC%E5%8D%81%E7%AB%A0%E6%A6%82%E7%8E%87_10.1.1%E6%9C%89%E9%99%90%E6%A0%B7%E6%9C%AC%E7%A9%BA%E9%97%B4%E4%B8%8E%E9%9A%8F%E6%9C%BA%E4%BA%8B%E4%BB%B6-%E6%95%99%E6%A1%88%E3%80%90%E5%85%AC%E4%BC%97%E5%8F%B7dc008%E5%85%8D%E8%B4%B9%E5%88%86%E4%BA%AB%E3%80%91.pdf
课时48_第十章概率_10.1.2事件的关系和运算-教案【公众号dc008免费分享】.md,必修二\第十章概率\10.1 随机事件与概率,Markdown文件,.md,0,,,0,概率与统计教案资源,必修二\第十章概率\10.1 随机事件与概率\课时48_第十章概率_10.1.2事件的关系和运算-教案【公众号dc008免费分享】.md,https://math-1415627924.cos.ap-guangzhou.myqcloud.com/math-teaching-resources/03-%E6%A6%82%E7%8E%87%E4%B8%8E%E7%BB%9F%E8%AE%A1/01-%E6%95%99%E6%A1%88/%E5%BF%85%E4%BF%AE%E4%BA%8C/%E7%AC%AC%E5%8D%81%E7%AB%A0%E6%A6%82%E7%8E%87/10.1%20%E9%9A%8F%E6%9C%BA%E4%BA%8B%E4%BB%B6%E4%B8%8E%E6%A6%82%E7%8E%87/%E8%AF%BE%E6%97%B648_%E7%AC%AC%E5%8D%81%E7%AB%A0%E6%A6%82%E7%8E%87_10.1.2%E4%BA%8B%E4%BB%B6%E7%9A%84%E5%85%B3%E7%B3%BB%E5%92%8C%E8%BF%90%E7%AE%97-%E6%95%99%E6%A1%88%E3%80%90%E5%85%AC%E4%BC%97%E5%8F%B7dc008%E5%85%8D%E8%B4%B9%E5%88%86%E4%BA%AB%E3%80%91.md
课时48_第十章概率_10.1.2事件的关系和运算-教案【公众号dc008免费分享】.pdf,必修二\第十章概率\10.1 随机事件与概率,原文件,.pdf,0,,,0,概率与统计教案资源,必修二\第十章概率\10.1 随机事件与概率\课时48_第十章概率_10.1.2事件的关系和运算-教案【公众号dc008免费分享】.pdf,https://math-1415627924.cos.ap-guangzhou.myqcloud.com/math-teaching-resources/03-%E6%A6%82%E7%8E%87%E4%B8%8E%E7%BB%9F%E8%AE%A1/01-%E6%95%99%E6%A1%88/%E5%BF%85%E4%BF%AE%E4%BA%8C/%E7%AC%AC%E5%8D%81%E7%AB%A0%E6%A6%82%E7%8E%87/10.1%20%E9%9A%8F%E6%9C%BA%E4%BA%8B%E4%BB%B6%E4%B8%8E%E6%A6%82%E7%8E%87/%E8%AF%BE%E6%97%B648_%E7%AC%AC%E5%8D%81%E7%AB%A0%E6%A6%82%E7%8E%87_10.1.2%E4%BA%8B%E4%BB%B6%E7%9A%84%E5%85%B3%E7%B3%BB%E5%92%8C%E8%BF%90%E7%AE%97-%E6%95%99%E6%A1%88%E3%80%90%E5%85%AC%E4%BC%97%E5%8F%B7dc008%E5%85%8D%E8%B4%B9%E5%88%86%E4%BA%AB%E3%80%91.pdf
课时49_第十章概率_10.1.3古典概型-教案【公众号dc008免费分享】.md,必修二\第十章概率\10.1 随机事件与概率,Markdown文件,.md,0,,,0,概率与统计教案资源,必修二\第十章概率\10.1 随机事件与概率\课时49_第十章概率_10.1.3古典概型-教案【公众号dc008免费分享】.md,https://math-1415627924.cos.ap-guangzhou.myqcloud.com/math-teaching-resources/03-%E6%A6%82%E7%8E%87%E4%B8%8E%E7%BB%9F%E8%AE%A1/01-%E6%95%99%E6%A1%88/%E5%BF%85%E4%BF%AE%E4%BA%8C/%E7%AC%AC%E5%8D%81%E7%AB%A0%E6%A6%82%E7%8E%87/10.1%20%E9%9A%8F%E6%9C%BA%E4%BA%8B%E4%BB%B6%E4%B8%8E%E6%A6%82%E7%8E%87/%E8%AF%BE%E6%97%B649_%E7%AC%AC%E5%8D%81%E7%AB%A0%E6%A6%82%E7%8E%87_10.1.3%E5%8F%A4%E5%85%B8%E6%A6%82%E5%9E%8B-%E6%95%99%E6%A1%88%E3%80%90%E5%85%AC%E4%BC%97%E5%8F%B7dc008%E5%85%8D%E8%B4%B9%E5%88%86%E4%BA%AB%E3%80%91.md
课时49_第十章概率_10.1.3古典概型-教案【公众号dc008免费分享】.pdf,必修二\第十章概率\10.1 随机事件与概率,原文件,.pdf,0,,,0,概率与统计教案资源,必修二\第十章概率\10.1 随机事件与概率\课时49_第十章概率_10.1.3古典概型-教案【公众号dc008免费分享】.pdf,https://math-1415627924.cos.ap-guangzhou.myqcloud.com/math-teaching-resources/03-%E6%A6%82%E7%8E%87%E4%B8%8E%E7%BB%9F%E8%AE%A1/01-%E6%95%99%E6%A1%88/%E5%BF%85%E4%BF%AE%E4%BA%8C/%E7%AC%AC%E5%8D%81%E7%AB%A0%E6%A6%82%E7%8E%87/10.1%20%E9%9A%8F%E6%9C%BA%E4%BA%8B%E4%BB%B6%E4%B8%8E%E6%A6%82%E7%8E%87/%E8%AF%BE%E6%97%B649_%E7%AC%AC%E5%8D%81%E7%AB%A0%E6%A6%82%E7%8E%87_10.1.3%E5%8F%A4%E5%85%B8%E6%A6%82%E5%9E%8B-%E6%95%99%E6%A1%88%E3%80%90%E5%85%AC%E4%BC%97%E5%8F%B7dc008%E5%85%8D%E8%B4%B9%E5%88%86%E4%BA%AB%E3%80%91.pdf
课时50_第十章概率_10.1.4概率的基本性质-教案【公众号dc008免费分享】.md,必修二\第十章概率\10.1 随机事件与概率,Markdown文件,.md,0,,,0,概率与统计教案资源,必修二\第十章概率\10.1 随机事件与概率\课时50_第十章概率_10.1.4概率的基本性质-教案【公众号dc008免费分享】.md,https://math-1415627924.cos.ap-guangzhou.myqcloud.com/math-teaching-resources/03-%E6%A6%82%E7%8E%87%E4%B8%8E%E7%BB%9F%E8%AE%A1/01-%E6%95%99%E6%A1%88/%E5%BF%85%E4%BF%AE%E4%BA%8C/%E7%AC%AC%E5%8D%81%E7%AB%A0%E6%A6%82%E7%8E%87/10.1%20%E9%9A%8F%E6%9C%BA%E4%BA%8B%E4%BB%B6%E4%B8%8E%E6%A6%82%E7%8E%87/%E8%AF%BE%E6%97%B650_%E7%AC%AC%E5%8D%81%E7%AB%A0%E6%A6%82%E7%8E%87_10.1.4%E6%A6%82%E7%8E%87%E7%9A%84%E5%9F%BA%E6%9C%AC%E6%80%A7%E8%B4%A8-%E6%95%99%E6%A1%88%E3%80%90%E5%85%AC%E4%BC%97%E5%8F%B7dc008%E5%85%8D%E8%B4%B9%E5%88%86%E4%BA%AB%E3%80%91.md
课时50_第十章概率_10.1.4概率的基本性质-教案【公众号dc008免费分享】.pdf,必修二\第十章概率\10.1 随机事件与概率,原文件,.pdf,0,,,0,概率与统计教案资源,必修二\第十章概率\10.1 随机事件与概率\课时50_第十章概率_10.1.4概率的基本性质-教案【公众号dc008免费分享】.pdf,https://math-1415627924.cos.ap-guangzhou.myqcloud.com/math-teaching-resources/03-%E6%A6%82%E7%8E%87%E4%B8%8E%E7%BB%9F%E8%AE%A1/01-%E6%95%99%E6%A1%88/%E5%BF%85%E4%BF%AE%E4%BA%8C/%E7%AC%AC%E5%8D%81%E7%AB%A0%E6%A6%82%E7%8E%87/10.1%20%E9%9A%8F%E6%9C%BA%E4%BA%8B%E4%BB%B6%E4%B8%8E%E6%A6%82%E7%8E%87/%E8%AF%BE%E6%97%B650_%E7%AC%AC%E5%8D%81%E7%AB%A0%E6%A6%82%E7%8E%87_10.1.4%E6%A6%82%E7%8E%87%E7%9A%84%E5%9F%BA%E6%9C%AC%E6%80%A7%E8%B4%A8-%E6%95%99%E6%A1%88%E3%80%90%E5%85%AC%E4%BC%97%E5%8F%B7dc008%E5%85%8D%E8%B4%B9%E5%88%86%E4%BA%AB%E3%80%91.pdf
0702高一数学(人教A版)-事件的相互独立性1教案 (2).docx,必修二\第十章概率\10.2 事件的相互独立性,原文件,.docx,0,,,0,概率与统计教案资源,必修二\第十章概率\10.2 事件的相互独立性\0702高一数学(人教A版)-事件的相互独立性1教案 (2).docx,https://math-1415627924.cos.ap-guangzhou.myqcloud.com/math-teaching-resources/03-%E6%A6%82%E7%8E%87%E4%B8%8E%E7%BB%9F%E8%AE%A1/01-%E6%95%99%E6%A1%88/%E5%BF%85%E4%BF%AE%E4%BA%8C/%E7%AC%AC%E5%8D%81%E7%AB%A0%E6%A6%82%E7%8E%87/10.2%20%E4%BA%8B%E4%BB%B6%E7%9A%84%E7%9B%B8%E4%BA%92%E7%8B%AC%E7%AB%8B%E6%80%A7/0702%E9%AB%98%E4%B8%80%E6%95%B0%E5%AD%A6%28%E4%BA%BA%E6%95%99A%E7%89%88%29-%E4%BA%8B%E4%BB%B6%E7%9A%84%E7%9B%B8%E4%BA%92%E7%8B%AC%E7%AB%8B%E6%80%A71%E6%95%99%E6%A1%88%20%282%29.docx
0702高一数学(人教A版)-事件的相互独立性1教案 (2).md,必修二\第十章概率\10.2 事件的相互独立性,Markdown文件,.md,0,,,0,概率与统计教案资源,必修二\第十章概率\10.2 事件的相互独立性\0702高一数学(人教A版)-事件的相互独立性1教案 (2).md,https://math-1415627924.cos.ap-guangzhou.myqcloud.com/math-teaching-resources/03-%E6%A6%82%E7%8E%87%E4%B8%8E%E7%BB%9F%E8%AE%A1/01-%E6%95%99%E6%A1%88/%E5%BF%85%E4%BF%AE%E4%BA%8C/%E7%AC%AC%E5%8D%81%E7%AB%A0%E6%A6%82%E7%8E%87/10.2%20%E4%BA%8B%E4%BB%B6%E7%9A%84%E7%9B%B8%E4%BA%92%E7%8B%AC%E7%AB%8B%E6%80%A7/0702%E9%AB%98%E4%B8%80%E6%95%B0%E5%AD%A6%28%E4%BA%BA%E6%95%99A%E7%89%88%29-%E4%BA%8B%E4%BB%B6%E7%9A%84%E7%9B%B8%E4%BA%92%E7%8B%AC%E7%AB%8B%E6%80%A71%E6%95%99%E6%A1%88%20%282%29.md
0702高一数学(人教A版)-事件的相互独立性1教案.docx,必修二\第十章概率\10.2 事件的相互独立性,原文件,.docx,0,,,0,概率与统计教案资源,必修二\第十章概率\10.2 事件的相互独立性\0702高一数学(人教A版)-事件的相互独立性1教案.docx,https://math-1415627924.cos.ap-guangzhou.myqcloud.com/math-teaching-resources/03-%E6%A6%82%E7%8E%87%E4%B8%8E%E7%BB%9F%E8%AE%A1/01-%E6%95%99%E6%A1%88/%E5%BF%85%E4%BF%AE%E4%BA%8C/%E7%AC%AC%E5%8D%81%E7%AB%A0%E6%A6%82%E7%8E%87/10.2%20%E4%BA%8B%E4%BB%B6%E7%9A%84%E7%9B%B8%E4%BA%92%E7%8B%AC%E7%AB%8B%E6%80%A7/0702%E9%AB%98%E4%B8%80%E6%95%B0%E5%AD%A6%28%E4%BA%BA%E6%95%99A%E7%89%88%29-%E4%BA%8B%E4%BB%B6%E7%9A%84%E7%9B%B8%E4%BA%92%E7%8B%AC%E7%AB%8B%E6%80%A71%E6%95%99%E6%A1%88.docx
0702高一数学(人教A版)-事件的相互独立性1教案.md,必修二\第十章概率\10.2 事件的相互独立性,Markdown文件,.md,0,,,0,概率与统计教案资源,必修二\第十章概率\10.2 事件的相互独立性\0702高一数学(人教A版)-事件的相互独立性1教案.md,https://math-1415627924.cos.ap-guangzhou.myqcloud.com/math-teaching-resources/03-%E6%A6%82%E7%8E%87%E4%B8%8E%E7%BB%9F%E8%AE%A1/01-%E6%95%99%E6%A1%88/%E5%BF%85%E4%BF%AE%E4%BA%8C/%E7%AC%AC%E5%8D%81%E7%AB%A0%E6%A6%82%E7%8E%87/10.2%20%E4%BA%8B%E4%BB%B6%E7%9A%84%E7%9B%B8%E4%BA%92%E7%8B%AC%E7%AB%8B%E6%80%A7/0702%E9%AB%98%E4%B8%80%E6%95%B0%E5%AD%A6%28%E4%BA%BA%E6%95%99A%E7%89%88%29-%E4%BA%8B%E4%BB%B6%E7%9A%84%E7%9B%B8%E4%BA%92%E7%8B%AC%E7%AB%8B%E6%80%A71%E6%95%99%E6%A1%88.md
0702高一数学(人教A版)-事件的相互独立性3学习任务单.docx,必修二\第十章概率\10.2 事件的相互独立性,原文件,.docx,0,,,0,概率与统计教案资源,必修二\第十章概率\10.2 事件的相互独立性\0702高一数学(人教A版)-事件的相互独立性3学习任务单.docx,https://math-1415627924.cos.ap-guangzhou.myqcloud.com/math-teaching-resources/03-%E6%A6%82%E7%8E%87%E4%B8%8E%E7%BB%9F%E8%AE%A1/01-%E6%95%99%E6%A1%88/%E5%BF%85%E4%BF%AE%E4%BA%8C/%E7%AC%AC%E5%8D%81%E7%AB%A0%E6%A6%82%E7%8E%87/10.2%20%E4%BA%8B%E4%BB%B6%E7%9A%84%E7%9B%B8%E4%BA%92%E7%8B%AC%E7%AB%8B%E6%80%A7/0702%E9%AB%98%E4%B8%80%E6%95%B0%E5%AD%A6%28%E4%BA%BA%E6%95%99A%E7%89%88%29-%E4%BA%8B%E4%BB%B6%E7%9A%84%E7%9B%B8%E4%BA%92%E7%8B%AC%E7%AB%8B%E6%80%A73%E5%AD%A6%E4%B9%A0%E4%BB%BB%E5%8A%A1%E5%8D%95.docx
0702高一数学(人教A版)-事件的相互独立性3学习任务单.md,必修二\第十章概率\10.2 事件的相互独立性,Markdown文件,.md,0,,,0,概率与统计教案资源,必修二\第十章概率\10.2 事件的相互独立性\0702高一数学(人教A版)-事件的相互独立性3学习任务单.md,https://math-1415627924.cos.ap-guangzhou.myqcloud.com/math-teaching-resources/03-%E6%A6%82%E7%8E%87%E4%B8%8E%E7%BB%9F%E8%AE%A1/01-%E6%95%99%E6%A1%88/%E5%BF%85%E4%BF%AE%E4%BA%8C/%E7%AC%AC%E5%8D%81%E7%AB%A0%E6%A6%82%E7%8E%87/10.2%20%E4%BA%8B%E4%BB%B6%E7%9A%84%E7%9B%B8%E4%BA%92%E7%8B%AC%E7%AB%8B%E6%80%A7/0702%E9%AB%98%E4%B8%80%E6%95%B0%E5%AD%A6%28%E4%BA%BA%E6%95%99A%E7%89%88%29-%E4%BA%8B%E4%BB%B6%E7%9A%84%E7%9B%B8%E4%BA%92%E7%8B%AC%E7%AB%8B%E6%80%A73%E5%AD%A6%E4%B9%A0%E4%BB%BB%E5%8A%A1%E5%8D%95.md
10.2事件的相互独立性导学案（2）-人教A版高中数学.docx,必修二\第十章概率\10.2 事件的相互独立性,原文件,.docx,0,,,0,概率与统计教案资源,必修二\第十章概率\10.2 事件的相互独立性\10.2事件的相互独立性导学案（2）-人教A版高中数学.docx,https://math-1415627924.cos.ap-guangzhou.myqcloud.com/math-teaching-resources/03-%E6%A6%82%E7%8E%87%E4%B8%8E%E7%BB%9F%E8%AE%A1/01-%E6%95%99%E6%A1%88/%E5%BF%85%E4%BF%AE%E4%BA%8C/%E7%AC%AC%E5%8D%81%E7%AB%A0%E6%A6%82%E7%8E%87/10.2%20%E4%BA%8B%E4%BB%B6%E7%9A%84%E7%9B%B8%E4%BA%92%E7%8B%AC%E7%AB%8B%E6%80%A7/10.2%E4%BA%8B%E4%BB%B6%E7%9A%84%E7%9B%B8%E4%BA%92%E7%8B%AC%E7%AB%8B%E6%80%A7%E5%AF%BC%E5%AD%A6%E6%A1%88%EF%BC%882%EF%BC%89-%E4%BA%BA%E6%95%99A%E7%89%88%E9%AB%98%E4%B8%AD%E6%95%B0%E5%AD%A6.docx
10.2事件的相互独立性导学案（2）-人教A版高中数学.md,必修二\第十章概率\10.2 事件的相互独立性,Markdown文件,.md,0,,,0,概率与统计教案资源,必修二\第十章概率\10.2 事件的相互独立性\10.2事件的相互独立性导学案（2）-人教A版高中数学.md,https://math-1415627924.cos.ap-guangzhou.myqcloud.com/math-teaching-resources/03-%E6%A6%82%E7%8E%87%E4%B8%8E%E7%BB%9F%E8%AE%A1/01-%E6%95%99%E6%A1%88/%E5%BF%85%E4%BF%AE%E4%BA%8C/%E7%AC%AC%E5%8D%81%E7%AB%A0%E6%A6%82%E7%8E%87/10.2%20%E4%BA%8B%E4%BB%B6%E7%9A%84%E7%9B%B8%E4%BA%92%E7%8B%AC%E7%AB%8B%E6%80%A7/10.2%E4%BA%8B%E4%BB%B6%E7%9A%84%E7%9B%B8%E4%BA%92%E7%8B%AC%E7%AB%8B%E6%80%A7%E5%AF%BC%E5%AD%A6%E6%A1%88%EF%BC%882%EF%BC%89-%E4%BA%BA%E6%95%99A%E7%89%88%E9%AB%98%E4%B8%AD%E6%95%B0%E5%AD%A6.md
10.2事件的相互独立性教学设计（2）-人教A版高中数学.docx,必修二\第十章概率\10.2 事件的相互独立性,原文件,.docx,0,,,0,概率与统计教案资源,必修二\第十章概率\10.2 事件的相互独立性\10.2事件的相互独立性教学设计（2）-人教A版高中数学.docx,https://math-1415627924.cos.ap-guangzhou.myqcloud.com/math-teaching-resources/03-%E6%A6%82%E7%8E%87%E4%B8%8E%E7%BB%9F%E8%AE%A1/01-%E6%95%99%E6%A1%88/%E5%BF%85%E4%BF%AE%E4%BA%8C/%E7%AC%AC%E5%8D%81%E7%AB%A0%E6%A6%82%E7%8E%87/10.2%20%E4%BA%8B%E4%BB%B6%E7%9A%84%E7%9B%B8%E4%BA%92%E7%8B%AC%E7%AB%8B%E6%80%A7/10.2%E4%BA%8B%E4%BB%B6%E7%9A%84%E7%9B%B8%E4%BA%92%E7%8B%AC%E7%AB%8B%E6%80%A7%E6%95%99%E5%AD%A6%E8%AE%BE%E8%AE%A1%EF%BC%882%EF%BC%89-%E4%BA%BA%E6%95%99A%E7%89%88%E9%AB%98%E4%B8%AD%E6%95%B0%E5%AD%A6.docx
10.2事件的相互独立性教学设计（2）-人教A版高中数学.md,必修二\第十章概率\10.2 事件的相互独立性,Markdown文件,.md,0,,,0,概率与统计教案资源,必修二\第十章概率\10.2 事件的相互独立性\10.2事件的相互独立性教学设计（2）-人教A版高中数学.md,https://math-1415627924.cos.ap-guangzhou.myqcloud.com/math-teaching-resources/03-%E6%A6%82%E7%8E%87%E4%B8%8E%E7%BB%9F%E8%AE%A1/01-%E6%95%99%E6%A1%88/%E5%BF%85%E4%BF%AE%E4%BA%8C/%E7%AC%AC%E5%8D%81%E7%AB%A0%E6%A6%82%E7%8E%87/10.2%20%E4%BA%8B%E4%BB%B6%E7%9A%84%E7%9B%B8%E4%BA%92%E7%8B%AC%E7%AB%8B%E6%80%A7/10.2%E4%BA%8B%E4%BB%B6%E7%9A%84%E7%9B%B8%E4%BA%92%E7%8B%AC%E7%AB%8B%E6%80%A7%E6%95%99%E5%AD%A6%E8%AE%BE%E8%AE%A1%EF%BC%882%EF%BC%89-%E4%BA%BA%E6%95%99A%E7%89%88%E9%AB%98%E4%B8%AD%E6%95%B0%E5%AD%A6.md
2事件的相互独立性教学设计一等奖可以编辑.md,必修二\第十章概率\10.2 事件的相互独立性,Markdown文件,.md,0,,,0,概率与统计教案资源,必修二\第十章概率\10.2 事件的相互独立性\2事件的相互独立性教学设计一等奖可以编辑.md,https://math-1415627924.cos.ap-guangzhou.myqcloud.com/math-teaching-resources/03-%E6%A6%82%E7%8E%87%E4%B8%8E%E7%BB%9F%E8%AE%A1/01-%E6%95%99%E6%A1%88/%E5%BF%85%E4%BF%AE%E4%BA%8C/%E7%AC%AC%E5%8D%81%E7%AB%A0%E6%A6%82%E7%8E%87/10.2%20%E4%BA%8B%E4%BB%B6%E7%9A%84%E7%9B%B8%E4%BA%92%E7%8B%AC%E7%AB%8B%E6%80%A7/2%E4%BA%8B%E4%BB%B6%E7%9A%84%E7%9B%B8%E4%BA%92%E7%8B%AC%E7%AB%8B%E6%80%A7%E6%95%99%E5%AD%A6%E8%AE%BE%E8%AE%A1%E4%B8%80%E7%AD%89%E5%A5%96%E5%8F%AF%E4%BB%A5%E7%BC%96%E8%BE%91.md
2事件的相互独立性教学设计一等奖可以编辑.pdf,必修二\第十章概率\10.2 事件的相互独立性,原文件,.pdf,0,,,0,概率与统计教案资源,必修二\第十章概率\10.2 事件的相互独立性\2事件的相互独立性教学设计一等奖可以编辑.pdf,https://math-1415627924.cos.ap-guangzhou.myqcloud.com/math-teaching-resources/03-%E6%A6%82%E7%8E%87%E4%B8%8E%E7%BB%9F%E8%AE%A1/01-%E6%95%99%E6%A1%88/%E5%BF%85%E4%BF%AE%E4%BA%8C/%E7%AC%AC%E5%8D%81%E7%AB%A0%E6%A6%82%E7%8E%87/10.2%20%E4%BA%8B%E4%BB%B6%E7%9A%84%E7%9B%B8%E4%BA%92%E7%8B%AC%E7%AB%8B%E6%80%A7/2%E4%BA%8B%E4%BB%B6%E7%9A%84%E7%9B%B8%E4%BA%92%E7%8B%AC%E7%AB%8B%E6%80%A7%E6%95%99%E5%AD%A6%E8%AE%BE%E8%AE%A1%E4%B8%80%E7%AD%89%E5%A5%96%E5%8F%AF%E4%BB%A5%E7%BC%96%E8%BE%91.pdf
事件的相互独立性教学设计-高一下学期数学人教A版（2019).docx,必修二\第十章概率\10.2 事件的相互独立性,原文件,.docx,0,,,0,概率与统计教案资源,必修二\第十章概率\10.2 事件的相互独立性\事件的相互独立性教学设计-高一下学期数学人教A版（2019).docx,https://math-1415627924.cos.ap-guangzhou.myqcloud.com/math-teaching-resources/03-%E6%A6%82%E7%8E%87%E4%B8%8E%E7%BB%9F%E8%AE%A1/01-%E6%95%99%E6%A1%88/%E5%BF%85%E4%BF%AE%E4%BA%8C/%E7%AC%AC%E5%8D%81%E7%AB%A0%E6%A6%82%E7%8E%87/10.2%20%E4%BA%8B%E4%BB%B6%E7%9A%84%E7%9B%B8%E4%BA%92%E7%8B%AC%E7%AB%8B%E6%80%A7/%E4%BA%8B%E4%BB%B6%E7%9A%84%E7%9B%B8%E4%BA%92%E7%8B%AC%E7%AB%8B%E6%80%A7%E6%95%99%E5%AD%A6%E8%AE%BE%E8%AE%A1-%E9%AB%98%E4%B8%80%E4%B8%8B%E5%AD%A6%E6%9C%9F%E6%95%B0%E5%AD%A6%E4%BA%BA%E6%95%99A%E7%89%88%EF%BC%882019%29.docx
事件的相互独立性教学设计-高一下学期数学人教A版（2019).md,必修二\第十章概率\10.2 事件的相互独立性,Markdown文件,.md,0,,,0,概率与统计教案资源,必修二\第十章概率\10.2 事件的相互独立性\事件的相互独立性教学设计-高一下学期数学人教A版（2019).md,https://math-1415627924.cos.ap-guangzhou.myqcloud.com/math-teaching-resources/03-%E6%A6%82%E7%8E%87%E4%B8%8E%E7%BB%9F%E8%AE%A1/01-%E6%95%99%E6%A1%88/%E5%BF%85%E4%BF%AE%E4%BA%8C/%E7%AC%AC%E5%8D%81%E7%AB%A0%E6%A6%82%E7%8E%87/10.2%20%E4%BA%8B%E4%BB%B6%E7%9A%84%E7%9B%B8%E4%BA%92%E7%8B%AC%E7%AB%8B%E6%80%A7/%E4%BA%8B%E4%BB%B6%E7%9A%84%E7%9B%B8%E4%BA%92%E7%8B%AC%E7%AB%8B%E6%80%A7%E6%95%99%E5%AD%A6%E8%AE%BE%E8%AE%A1-%E9%AB%98%E4%B8%80%E4%B8%8B%E5%AD%A6%E6%9C%9F%E6%95%B0%E5%AD%A6%E4%BA%BA%E6%95%99A%E7%89%88%EF%BC%882019%29.md
事件的相互独立性（教学设计）.md,必修二\第十章概率\10.2 事件的相互独立性,Markdown文件,.md,0,,,0,概率与统计教案资源,必修二\第十章概率\10.2 事件的相互独立性\事件的相互独立性（教学设计）.md,https://math-1415627924.cos.ap-guangzhou.myqcloud.com/math-teaching-resources/03-%E6%A6%82%E7%8E%87%E4%B8%8E%E7%BB%9F%E8%AE%A1/01-%E6%95%99%E6%A1%88/%E5%BF%85%E4%BF%AE%E4%BA%8C/%E7%AC%AC%E5%8D%81%E7%AB%A0%E6%A6%82%E7%8E%87/10.2%20%E4%BA%8B%E4%BB%B6%E7%9A%84%E7%9B%B8%E4%BA%92%E7%8B%AC%E7%AB%8B%E6%80%A7/%E4%BA%8B%E4%BB%B6%E7%9A%84%E7%9B%B8%E4%BA%92%E7%8B%AC%E7%AB%8B%E6%80%A7%EF%BC%88%E6%95%99%E5%AD%A6%E8%AE%BE%E8%AE%A1%EF%BC%89.md
事件的相互独立性（教学设计）.pdf,必修二\第十章概率\10.2 事件的相互独立性,原文件,.pdf,0,,,0,概率与统计教案资源,必修二\第十章概率\10.2 事件的相互独立性\事件的相互独立性（教学设计）.pdf,https://math-1415627924.cos.ap-guangzhou.myqcloud.com/math-teaching-resources/03-%E6%A6%82%E7%8E%87%E4%B8%8E%E7%BB%9F%E8%AE%A1/01-%E6%95%99%E6%A1%88/%E5%BF%85%E4%BF%AE%E4%BA%8C/%E7%AC%AC%E5%8D%81%E7%AB%A0%E6%A6%82%E7%8E%87/10.2%20%E4%BA%8B%E4%BB%B6%E7%9A%84%E7%9B%B8%E4%BA%92%E7%8B%AC%E7%AB%8B%E6%80%A7/%E4%BA%8B%E4%BB%B6%E7%9A%84%E7%9B%B8%E4%BA%92%E7%8B%AC%E7%AB%8B%E6%80%A7%EF%BC%88%E6%95%99%E5%AD%A6%E8%AE%BE%E8%AE%A1%EF%BC%89.pdf
课时3313_10.2事件的相互独立性-10.2事件的相互独立性【公众号dc008免费分享】.docx,必修二\第十章概率\10.2 事件的相互独立性,原文件,.docx,0,,,0,概率与统计教案资源,必修二\第十章概率\10.2 事件的相互独立性\课时3313_10.2事件的相互独立性-10.2事件的相互独立性【公众号dc008免费分享】.docx,https://math-1415627924.cos.ap-guangzhou.myqcloud.com/math-teaching-resources/03-%E6%A6%82%E7%8E%87%E4%B8%8E%E7%BB%9F%E8%AE%A1/01-%E6%95%99%E6%A1%88/%E5%BF%85%E4%BF%AE%E4%BA%8C/%E7%AC%AC%E5%8D%81%E7%AB%A0%E6%A6%82%E7%8E%87/10.2%20%E4%BA%8B%E4%BB%B6%E7%9A%84%E7%9B%B8%E4%BA%92%E7%8B%AC%E7%AB%8B%E6%80%A7/%E8%AF%BE%E6%97%B63313_10.2%E4%BA%8B%E4%BB%B6%E7%9A%84%E7%9B%B8%E4%BA%92%E7%8B%AC%E7%AB%8B%E6%80%A7-10.2%E4%BA%8B%E4%BB%B6%E7%9A%84%E7%9B%B8%E4%BA%92%E7%8B%AC%E7%AB%8B%E6%80%A7%E3%80%90%E5%85%AC%E4%BC%97%E5%8F%B7dc008%E5%85%8D%E8%B4%B9%E5%88%86%E4%BA%AB%E3%80%91.docx
课时3313_10.2事件的相互独立性-10.2事件的相互独立性【公众号dc008免费分享】.md,必修二\第十章概率\10.2 事件的相互独立性,Markdown文件,.md,0,,,0,概率与统计教案资源,必修二\第十章概率\10.2 事件的相互独立性\课时3313_10.2事件的相互独立性-10.2事件的相互独立性【公众号dc008免费分享】.md,https://math-1415627924.cos.ap-guangzhou.myqcloud.com/math-teaching-resources/03-%E6%A6%82%E7%8E%87%E4%B8%8E%E7%BB%9F%E8%AE%A1/01-%E6%95%99%E6%A1%88/%E5%BF%85%E4%BF%AE%E4%BA%8C/%E7%AC%AC%E5%8D%81%E7%AB%A0%E6%A6%82%E7%8E%87/10.2%20%E4%BA%8B%E4%BB%B6%E7%9A%84%E7%9B%B8%E4%BA%92%E7%8B%AC%E7%AB%8B%E6%80%A7/%E8%AF%BE%E6%97%B63313_10.2%E4%BA%8B%E4%BB%B6%E7%9A%84%E7%9B%B8%E4%BA%92%E7%8B%AC%E7%AB%8B%E6%80%A7-10.2%E4%BA%8B%E4%BB%B6%E7%9A%84%E7%9B%B8%E4%BA%92%E7%8B%AC%E7%AB%8B%E6%80%A7%E3%80%90%E5%85%AC%E4%BC%97%E5%8F%B7dc008%E5%85%8D%E8%B4%B9%E5%88%86%E4%BA%AB%E3%80%91.md
课时51_第十章概率_10.2事件的相互独立性-教案【公众号dc008免费分享】.md,必修二\第十章概率\10.2 事件的相互独立性,Markdown文件,.md,0,,,0,概率与统计教案资源,必修二\第十章概率\10.2 事件的相互独立性\课时51_第十章概率_10.2事件的相互独立性-教案【公众号dc008免费分享】.md,https://math-1415627924.cos.ap-guangzhou.myqcloud.com/math-teaching-resources/03-%E6%A6%82%E7%8E%87%E4%B8%8E%E7%BB%9F%E8%AE%A1/01-%E6%95%99%E6%A1%88/%E5%BF%85%E4%BF%AE%E4%BA%8C/%E7%AC%AC%E5%8D%81%E7%AB%A0%E6%A6%82%E7%8E%87/10.2%20%E4%BA%8B%E4%BB%B6%E7%9A%84%E7%9B%B8%E4%BA%92%E7%8B%AC%E7%AB%8B%E6%80%A7/%E8%AF%BE%E6%97%B651_%E7%AC%AC%E5%8D%81%E7%AB%A0%E6%A6%82%E7%8E%87_10.2%E4%BA%8B%E4%BB%B6%E7%9A%84%E7%9B%B8%E4%BA%92%E7%8B%AC%E7%AB%8B%E6%80%A7-%E6%95%99%E6%A1%88%E3%80%90%E5%85%AC%E4%BC%97%E5%8F%B7dc008%E5%85%8D%E8%B4%B9%E5%88%86%E4%BA%AB%E3%80%91.md
课时51_第十章概率_10.2事件的相互独立性-教案【公众号dc008免费分享】.pdf,必修二\第十章概率\10.2 事件的相互独立性,原文件,.pdf,0,,,0,概率与统计教案资源,必修二\第十章概率\10.2 事件的相互独立性\课时51_第十章概率_10.2事件的相互独立性-教案【公众号dc008免费分享】.pdf,https://math-1415627924.cos.ap-guangzhou.myqcloud.com/math-teaching-resources/03-%E6%A6%82%E7%8E%87%E4%B8%8E%E7%BB%9F%E8%AE%A1/01-%E6%95%99%E6%A1%88/%E5%BF%85%E4%BF%AE%E4%BA%8C/%E7%AC%AC%E5%8D%81%E7%AB%A0%E6%A6%82%E7%8E%87/10.2%20%E4%BA%8B%E4%BB%B6%E7%9A%84%E7%9B%B8%E4%BA%92%E7%8B%AC%E7%AB%8B%E6%80%A7/%E8%AF%BE%E6%97%B651_%E7%AC%AC%E5%8D%81%E7%AB%A0%E6%A6%82%E7%8E%87_10.2%E4%BA%8B%E4%BB%B6%E7%9A%84%E7%9B%B8%E4%BA%92%E7%8B%AC%E7%AB%8B%E6%80%A7-%E6%95%99%E6%A1%88%E3%80%90%E5%85%AC%E4%BC%97%E5%8F%B7dc008%E5%85%8D%E8%B4%B9%E5%88%86%E4%BA%AB%E3%80%91.pdf
0703高一数学(人教A版)随机模拟-1教案 (2).docx,必修二\第十章概率\10.3 频率与概率,原文件,.docx,0,,,0,概率与统计教案资源,必修二\第十章概率\10.3 频率与概率\0703高一数学(人教A版)随机模拟-1教案 (2).docx,https://math-1415627924.cos.ap-guangzhou.myqcloud.com/math-teaching-resources/03-%E6%A6%82%E7%8E%87%E4%B8%8E%E7%BB%9F%E8%AE%A1/01-%E6%95%99%E6%A1%88/%E5%BF%85%E4%BF%AE%E4%BA%8C/%E7%AC%AC%E5%8D%81%E7%AB%A0%E6%A6%82%E7%8E%87/10.3%20%E9%A2%91%E7%8E%87%E4%B8%8E%E6%A6%82%E7%8E%87/0703%E9%AB%98%E4%B8%80%E6%95%B0%E5%AD%A6%28%E4%BA%BA%E6%95%99A%E7%89%88%29%E9%9A%8F%E6%9C%BA%E6%A8%A1%E6%8B%9F-1%E6%95%99%E6%A1%88%20%282%29.docx
0703高一数学(人教A版)随机模拟-1教案 (2).md,必修二\第十章概率\10.3 频率与概率,Markdown文件,.md,0,,,0,概率与统计教案资源,必修二\第十章概率\10.3 频率与概率\0703高一数学(人教A版)随机模拟-1教案 (2).md,https://math-1415627924.cos.ap-guangzhou.myqcloud.com/math-teaching-resources/03-%E6%A6%82%E7%8E%87%E4%B8%8E%E7%BB%9F%E8%AE%A1/01-%E6%95%99%E6%A1%88/%E5%BF%85%E4%BF%AE%E4%BA%8C/%E7%AC%AC%E5%8D%81%E7%AB%A0%E6%A6%82%E7%8E%87/10.3%20%E9%A2%91%E7%8E%87%E4%B8%8E%E6%A6%82%E7%8E%87/0703%E9%AB%98%E4%B8%80%E6%95%B0%E5%AD%A6%28%E4%BA%BA%E6%95%99A%E7%89%88%29%E9%9A%8F%E6%9C%BA%E6%A8%A1%E6%8B%9F-1%E6%95%99%E6%A1%88%20%282%29.md
0703高一数学(人教A版)随机模拟-1教案.docx,必修二\第十章概率\10.3 频率与概率,原文件,.docx,0,,,0,概率与统计教案资源,必修二\第十章概率\10.3 频率与概率\0703高一数学(人教A版)随机模拟-1教案.docx,https://math-1415627924.cos.ap-guangzhou.myqcloud.com/math-teaching-resources/03-%E6%A6%82%E7%8E%87%E4%B8%8E%E7%BB%9F%E8%AE%A1/01-%E6%95%99%E6%A1%88/%E5%BF%85%E4%BF%AE%E4%BA%8C/%E7%AC%AC%E5%8D%81%E7%AB%A0%E6%A6%82%E7%8E%87/10.3%20%E9%A2%91%E7%8E%87%E4%B8%8E%E6%A6%82%E7%8E%87/0703%E9%AB%98%E4%B8%80%E6%95%B0%E5%AD%A6%28%E4%BA%BA%E6%95%99A%E7%89%88%29%E9%9A%8F%E6%9C%BA%E6%A8%A1%E6%8B%9F-1%E6%95%99%E6%A1%88.docx
0703高一数学(人教A版)随机模拟-1教案.md,必修二\第十章概率\10.3 频率与概率,Markdown文件,.md,0,,,0,概率与统计教案资源,必修二\第十章概率\10.3 频率与概率\0703高一数学(人教A版)随机模拟-1教案.md,https://math-1415627924.cos.ap-guangzhou.myqcloud.com/math-teaching-resources/03-%E6%A6%82%E7%8E%87%E4%B8%8E%E7%BB%9F%E8%AE%A1/01-%E6%95%99%E6%A1%88/%E5%BF%85%E4%BF%AE%E4%BA%8C/%E7%AC%AC%E5%8D%81%E7%AB%A0%E6%A6%82%E7%8E%87/10.3%20%E9%A2%91%E7%8E%87%E4%B8%8E%E6%A6%82%E7%8E%87/0703%E9%AB%98%E4%B8%80%E6%95%B0%E5%AD%A6%28%E4%BA%BA%E6%95%99A%E7%89%88%29%E9%9A%8F%E6%9C%BA%E6%A8%A1%E6%8B%9F-1%E6%95%99%E6%A1%88.md
《频率与概率》教学设计1详案.docx,必修二\第十章概率\10.3 频率与概率,原文件,.docx,0,,,0,概率与统计教案资源,必修二\第十章概率\10.3 频率与概率\《频率与概率》教学设计1详案.docx,https://math-1415627924.cos.ap-guangzhou.myqcloud.com/math-teaching-resources/03-%E6%A6%82%E7%8E%87%E4%B8%8E%E7%BB%9F%E8%AE%A1/01-%E6%95%99%E6%A1%88/%E5%BF%85%E4%BF%AE%E4%BA%8C/%E7%AC%AC%E5%8D%81%E7%AB%A0%E6%A6%82%E7%8E%87/10.3%20%E9%A2%91%E7%8E%87%E4%B8%8E%E6%A6%82%E7%8E%87/%E3%80%8A%E9%A2%91%E7%8E%87%E4%B8%8E%E6%A6%82%E7%8E%87%E3%80%8B%E6%95%99%E5%AD%A6%E8%AE%BE%E8%AE%A11%E8%AF%A6%E6%A1%88.docx
《频率与概率》教学设计1详案.md,必修二\第十章概率\10.3 频率与概率,Markdown文件,.md,0,,,0,概率与统计教案资源,必修二\第十章概率\10.3 频率与概率\《频率与概率》教学设计1详案.md,https://math-1415627924.cos.ap-guangzhou.myqcloud.com/math-teaching-resources/03-%E6%A6%82%E7%8E%87%E4%B8%8E%E7%BB%9F%E8%AE%A1/01-%E6%95%99%E6%A1%88/%E5%BF%85%E4%BF%AE%E4%BA%8C/%E7%AC%AC%E5%8D%81%E7%AB%A0%E6%A6%82%E7%8E%87/10.3%20%E9%A2%91%E7%8E%87%E4%B8%8E%E6%A6%82%E7%8E%87/%E3%80%8A%E9%A2%91%E7%8E%87%E4%B8%8E%E6%A6%82%E7%8E%87%E3%80%8B%E6%95%99%E5%AD%A6%E8%AE%BE%E8%AE%A11%E8%AF%A6%E6%A1%88.md
《频率与概率》教案 (1).docx,必修二\第十章概率\10.3 频率与概率,原文件,.docx,0,,,0,概率与统计教案资源,必修二\第十章概率\10.3 频率与概率\《频率与概率》教案 (1).docx,https://math-1415627924.cos.ap-guangzhou.myqcloud.com/math-teaching-resources/03-%E6%A6%82%E7%8E%87%E4%B8%8E%E7%BB%9F%E8%AE%A1/01-%E6%95%99%E6%A1%88/%E5%BF%85%E4%BF%AE%E4%BA%8C/%E7%AC%AC%E5%8D%81%E7%AB%A0%E6%A6%82%E7%8E%87/10.3%20%E9%A2%91%E7%8E%87%E4%B8%8E%E6%A6%82%E7%8E%87/%E3%80%8A%E9%A2%91%E7%8E%87%E4%B8%8E%E6%A6%82%E7%8E%87%E3%80%8B%E6%95%99%E6%A1%88%20%281%29.docx
《频率与概率》教案 (1).md,必修二\第十章概率\10.3 频率与概率,Markdown文件,.md,0,,,0,概率与统计教案资源,必修二\第十章概率\10.3 频率与概率\《频率与概率》教案 (1).md,https://math-1415627924.cos.ap-guangzhou.myqcloud.com/math-teaching-resources/03-%E6%A6%82%E7%8E%87%E4%B8%8E%E7%BB%9F%E8%AE%A1/01-%E6%95%99%E6%A1%88/%E5%BF%85%E4%BF%AE%E4%BA%8C/%E7%AC%AC%E5%8D%81%E7%AB%A0%E6%A6%82%E7%8E%87/10.3%20%E9%A2%91%E7%8E%87%E4%B8%8E%E6%A6%82%E7%8E%87/%E3%80%8A%E9%A2%91%E7%8E%87%E4%B8%8E%E6%A6%82%E7%8E%87%E3%80%8B%E6%95%99%E6%A1%88%20%281%29.md
《频率与概率》教案.docx,必修二\第十章概率\10.3 频率与概率,原文件,.docx,0,,,0,概率与统计教案资源,必修二\第十章概率\10.3 频率与概率\《频率与概率》教案.docx,https://math-1415627924.cos.ap-guangzhou.myqcloud.com/math-teaching-resources/03-%E6%A6%82%E7%8E%87%E4%B8%8E%E7%BB%9F%E8%AE%A1/01-%E6%95%99%E6%A1%88/%E5%BF%85%E4%BF%AE%E4%BA%8C/%E7%AC%AC%E5%8D%81%E7%AB%A0%E6%A6%82%E7%8E%87/10.3%20%E9%A2%91%E7%8E%87%E4%B8%8E%E6%A6%82%E7%8E%87/%E3%80%8A%E9%A2%91%E7%8E%87%E4%B8%8E%E6%A6%82%E7%8E%87%E3%80%8B%E6%95%99%E6%A1%88.docx
《频率与概率》教案.md,必修二\第十章概率\10.3 频率与概率,Markdown文件,.md,0,,,0,概率与统计教案资源,必修二\第十章概率\10.3 频率与概率\《频率与概率》教案.md,https://math-1415627924.cos.ap-guangzhou.myqcloud.com/math-teaching-resources/03-%E6%A6%82%E7%8E%87%E4%B8%8E%E7%BB%9F%E8%AE%A1/01-%E6%95%99%E6%A1%88/%E5%BF%85%E4%BF%AE%E4%BA%8C/%E7%AC%AC%E5%8D%81%E7%AB%A0%E6%A6%82%E7%8E%87/10.3%20%E9%A2%91%E7%8E%87%E4%B8%8E%E6%A6%82%E7%8E%87/%E3%80%8A%E9%A2%91%E7%8E%87%E4%B8%8E%E6%A6%82%E7%8E%87%E3%80%8B%E6%95%99%E6%A1%88.md
【教学设计】频率与概率.docx,必修二\第十章概率\10.3 频率与概率,原文件,.docx,0,,,0,概率与统计教案资源,必修二\第十章概率\10.3 频率与概率\【教学设计】频率与概率.docx,https://math-1415627924.cos.ap-guangzhou.myqcloud.com/math-teaching-resources/03-%E6%A6%82%E7%8E%87%E4%B8%8E%E7%BB%9F%E8%AE%A1/01-%E6%95%99%E6%A1%88/%E5%BF%85%E4%BF%AE%E4%BA%8C/%E7%AC%AC%E5%8D%81%E7%AB%A0%E6%A6%82%E7%8E%87/10.3%20%E9%A2%91%E7%8E%87%E4%B8%8E%E6%A6%82%E7%8E%87/%E3%80%90%E6%95%99%E5%AD%A6%E8%AE%BE%E8%AE%A1%E3%80%91%E9%A2%91%E7%8E%87%E4%B8%8E%E6%A6%82%E7%8E%87.docx
【教学设计】频率与概率.md,必修二\第十章概率\10.3 频率与概率,Markdown文件,.md,0,,,0,概率与统计教案资源,必修二\第十章概率\10.3 频率与概率\【教学设计】频率与概率.md,https://math-1415627924.cos.ap-guangzhou.myqcloud.com/math-teaching-resources/03-%E6%A6%82%E7%8E%87%E4%B8%8E%E7%BB%9F%E8%AE%A1/01-%E6%95%99%E6%A1%88/%E5%BF%85%E4%BF%AE%E4%BA%8C/%E7%AC%AC%E5%8D%81%E7%AB%A0%E6%A6%82%E7%8E%87/10.3%20%E9%A2%91%E7%8E%87%E4%B8%8E%E6%A6%82%E7%8E%87/%E3%80%90%E6%95%99%E5%AD%A6%E8%AE%BE%E8%AE%A1%E3%80%91%E9%A2%91%E7%8E%87%E4%B8%8E%E6%A6%82%E7%8E%87.md
课时3317_10.3.1频率的稳定性-10.3.1频率的稳定性【公众号dc008免费分享】.docx,必修二\第十章概率\10.3 频率与概率,原文件,.docx,0,,,0,概率与统计教案资源,必修二\第十章概率\10.3 频率与概率\课时3317_10.3.1频率的稳定性-10.3.1频率的稳定性【公众号dc008免费分享】.docx,https://math-1415627924.cos.ap-guangzhou.myqcloud.com/math-teaching-resources/03-%E6%A6%82%E7%8E%87%E4%B8%8E%E7%BB%9F%E8%AE%A1/01-%E6%95%99%E6%A1%88/%E5%BF%85%E4%BF%AE%E4%BA%8C/%E7%AC%AC%E5%8D%81%E7%AB%A0%E6%A6%82%E7%8E%87/10.3%20%E9%A2%91%E7%8E%87%E4%B8%8E%E6%A6%82%E7%8E%87/%E8%AF%BE%E6%97%B63317_10.3.1%E9%A2%91%E7%8E%87%E7%9A%84%E7%A8%B3%E5%AE%9A%E6%80%A7-10.3.1%E9%A2%91%E7%8E%87%E7%9A%84%E7%A8%B3%E5%AE%9A%E6%80%A7%E3%80%90%E5%85%AC%E4%BC%97%E5%8F%B7dc008%E5%85%8D%E8%B4%B9%E5%88%86%E4%BA%AB%E3%80%91.docx
课时3317_10.3.1频率的稳定性-10.3.1频率的稳定性【公众号dc008免费分享】.md,必修二\第十章概率\10.3 频率与概率,Markdown文件,.md,0,,,0,概率与统计教案资源,必修二\第十章概率\10.3 频率与概率\课时3317_10.3.1频率的稳定性-10.3.1频率的稳定性【公众号dc008免费分享】.md,https://math-1415627924.cos.ap-guangzhou.myqcloud.com/math-teaching-resources/03-%E6%A6%82%E7%8E%87%E4%B8%8E%E7%BB%9F%E8%AE%A1/01-%E6%95%99%E6%A1%88/%E5%BF%85%E4%BF%AE%E4%BA%8C/%E7%AC%AC%E5%8D%81%E7%AB%A0%E6%A6%82%E7%8E%87/10.3%20%E9%A2%91%E7%8E%87%E4%B8%8E%E6%A6%82%E7%8E%87/%E8%AF%BE%E6%97%B63317_10.3.1%E9%A2%91%E7%8E%87%E7%9A%84%E7%A8%B3%E5%AE%9A%E6%80%A7-10.3.1%E9%A2%91%E7%8E%87%E7%9A%84%E7%A8%B3%E5%AE%9A%E6%80%A7%E3%80%90%E5%85%AC%E4%BC%97%E5%8F%B7dc008%E5%85%8D%E8%B4%B9%E5%88%86%E4%BA%AB%E3%80%91.md
课时3320_10.3.2随机模拟-10.3.2随机模拟  教案【公众号dc008免费分享】.docx,必修二\第十章概率\10.3 频率与概率,原文件,.docx,0,,,0,概率与统计教案资源,必修二\第十章概率\10.3 频率与概率\课时3320_10.3.2随机模拟-10.3.2随机模拟  教案【公众号dc008免费分享】.docx,https://math-1415627924.cos.ap-guangzhou.myqcloud.com/math-teaching-resources/03-%E6%A6%82%E7%8E%87%E4%B8%8E%E7%BB%9F%E8%AE%A1/01-%E6%95%99%E6%A1%88/%E5%BF%85%E4%BF%AE%E4%BA%8C/%E7%AC%AC%E5%8D%81%E7%AB%A0%E6%A6%82%E7%8E%87/10.3%20%E9%A2%91%E7%8E%87%E4%B8%8E%E6%A6%82%E7%8E%87/%E8%AF%BE%E6%97%B63320_10.3.2%E9%9A%8F%E6%9C%BA%E6%A8%A1%E6%8B%9F-10.3.2%E9%9A%8F%E6%9C%BA%E6%A8%A1%E6%8B%9F%20%20%E6%95%99%E6%A1%88%E3%80%90%E5%85%AC%E4%BC%97%E5%8F%B7dc008%E5%85%8D%E8%B4%B9%E5%88%86%E4%BA%AB%E3%80%91.docx
课时3320_10.3.2随机模拟-10.3.2随机模拟  教案【公众号dc008免费分享】.md,必修二\第十章概率\10.3 频率与概率,Markdown文件,.md,0,,,0,概率与统计教案资源,必修二\第十章概率\10.3 频率与概率\课时3320_10.3.2随机模拟-10.3.2随机模拟  教案【公众号dc008免费分享】.md,https://math-1415627924.cos.ap-guangzhou.myqcloud.com/math-teaching-resources/03-%E6%A6%82%E7%8E%87%E4%B8%8E%E7%BB%9F%E8%AE%A1/01-%E6%95%99%E6%A1%88/%E5%BF%85%E4%BF%AE%E4%BA%8C/%E7%AC%AC%E5%8D%81%E7%AB%A0%E6%A6%82%E7%8E%87/10.3%20%E9%A2%91%E7%8E%87%E4%B8%8E%E6%A6%82%E7%8E%87/%E8%AF%BE%E6%97%B63320_10.3.2%E9%9A%8F%E6%9C%BA%E6%A8%A1%E6%8B%9F-10.3.2%E9%9A%8F%E6%9C%BA%E6%A8%A1%E6%8B%9F%20%20%E6%95%99%E6%A1%88%E3%80%90%E5%85%AC%E4%BC%97%E5%8F%B7dc008%E5%85%8D%E8%B4%B9%E5%88%86%E4%BA%AB%E3%80%91.md
课时52_第十章概率_10.3.1频率的稳定性-教案【公众号dc008免费分享】.md,必修二\第十章概率\10.3 频率与概率,Markdown文件,.md,0,,,0,概率与统计教案资源,必修二\第十章概率\10.3 频率与概率\课时52_第十章概率_10.3.1频率的稳定性-教案【公众号dc008免费分享】.md,https://math-1415627924.cos.ap-guangzhou.myqcloud.com/math-teaching-resources/03-%E6%A6%82%E7%8E%87%E4%B8%8E%E7%BB%9F%E8%AE%A1/01-%E6%95%99%E6%A1%88/%E5%BF%85%E4%BF%AE%E4%BA%8C/%E7%AC%AC%E5%8D%81%E7%AB%A0%E6%A6%82%E7%8E%87/10.3%20%E9%A2%91%E7%8E%87%E4%B8%8E%E6%A6%82%E7%8E%87/%E8%AF%BE%E6%97%B652_%E7%AC%AC%E5%8D%81%E7%AB%A0%E6%A6%82%E7%8E%87_10.3.1%E9%A2%91%E7%8E%87%E7%9A%84%E7%A8%B3%E5%AE%9A%E6%80%A7-%E6%95%99%E6%A1%88%E3%80%90%E5%85%AC%E4%BC%97%E5%8F%B7dc008%E5%85%8D%E8%B4%B9%E5%88%86%E4%BA%AB%E3%80%91.md
课时52_第十章概率_10.3.1频率的稳定性-教案【公众号dc008免费分享】.pdf,必修二\第十章概率\10.3 频率与概率,原文件,.pdf,0,,,0,概率与统计教案资源,必修二\第十章概率\10.3 频率与概率\课时52_第十章概率_10.3.1频率的稳定性-教案【公众号dc008免费分享】.pdf,https://math-1415627924.cos.ap-guangzhou.myqcloud.com/math-teaching-resources/03-%E6%A6%82%E7%8E%87%E4%B8%8E%E7%BB%9F%E8%AE%A1/01-%E6%95%99%E6%A1%88/%E5%BF%85%E4%BF%AE%E4%BA%8C/%E7%AC%AC%E5%8D%81%E7%AB%A0%E6%A6%82%E7%8E%87/10.3%20%E9%A2%91%E7%8E%87%E4%B8%8E%E6%A6%82%E7%8E%87/%E8%AF%BE%E6%97%B652_%E7%AC%AC%E5%8D%81%E7%AB%A0%E6%A6%82%E7%8E%87_10.3.1%E9%A2%91%E7%8E%87%E7%9A%84%E7%A8%B3%E5%AE%9A%E6%80%A7-%E6%95%99%E6%A1%88%E3%80%90%E5%85%AC%E4%BC%97%E5%8F%B7dc008%E5%85%8D%E8%B4%B9%E5%88%86%E4%BA%AB%E3%80%91.pdf
课时53_第十章概率_10.3.2随机模拟-教案【公众号dc008免费分享】.md,必修二\第十章概率\10.3 频率与概率,Markdown文件,.md,0,,,0,概率与统计教案资源,必修二\第十章概率\10.3 频率与概率\课时53_第十章概率_10.3.2随机模拟-教案【公众号dc008免费分享】.md,https://math-1415627924.cos.ap-guangzhou.myqcloud.com/math-teaching-resources/03-%E6%A6%82%E7%8E%87%E4%B8%8E%E7%BB%9F%E8%AE%A1/01-%E6%95%99%E6%A1%88/%E5%BF%85%E4%BF%AE%E4%BA%8C/%E7%AC%AC%E5%8D%81%E7%AB%A0%E6%A6%82%E7%8E%87/10.3%20%E9%A2%91%E7%8E%87%E4%B8%8E%E6%A6%82%E7%8E%87/%E8%AF%BE%E6%97%B653_%E7%AC%AC%E5%8D%81%E7%AB%A0%E6%A6%82%E7%8E%87_10.3.2%E9%9A%8F%E6%9C%BA%E6%A8%A1%E6%8B%9F-%E6%95%99%E6%A1%88%E3%80%90%E5%85%AC%E4%BC%97%E5%8F%B7dc008%E5%85%8D%E8%B4%B9%E5%88%86%E4%BA%AB%E3%80%91.md
课时53_第十章概率_10.3.2随机模拟-教案【公众号dc008免费分享】.pdf,必修二\第十章概率\10.3 频率与概率,原文件,.pdf,0,,,0,概率与统计教案资源,必修二\第十章概率\10.3 频率与概率\课时53_第十章概率_10.3.2随机模拟-教案【公众号dc008免费分享】.pdf,https://math-1415627924.cos.ap-guangzhou.myqcloud.com/math-teaching-resources/03-%E6%A6%82%E7%8E%87%E4%B8%8E%E7%BB%9F%E8%AE%A1/01-%E6%95%99%E6%A1%88/%E5%BF%85%E4%BF%AE%E4%BA%8C/%E7%AC%AC%E5%8D%81%E7%AB%A0%E6%A6%82%E7%8E%87/10.3%20%E9%A2%91%E7%8E%87%E4%B8%8E%E6%A6%82%E7%8E%87/%E8%AF%BE%E6%97%B653_%E7%AC%AC%E5%8D%81%E7%AB%A0%E6%A6%82%E7%8E%87_10.3.2%E9%9A%8F%E6%9C%BA%E6%A8%A1%E6%8B%9F-%E6%95%99%E6%A1%88%E3%80%90%E5%85%AC%E4%BC%97%E5%8F%B7dc008%E5%85%8D%E8%B4%B9%E5%88%86%E4%BA%AB%E3%80%91.pdf
频率与概率教案+.docx,必修二\第十章概率\10.3 频率与概率,原文件,.docx,0,,,0,概率与统计教案资源,必修二\第十章概率\10.3 频率与概率\频率与概率教案+.docx,https://math-1415627924.cos.ap-guangzhou.myqcloud.com/math-teaching-resources/03-%E6%A6%82%E7%8E%87%E4%B8%8E%E7%BB%9F%E8%AE%A1/01-%E6%95%99%E6%A1%88/%E5%BF%85%E4%BF%AE%E4%BA%8C/%E7%AC%AC%E5%8D%81%E7%AB%A0%E6%A6%82%E7%8E%87/10.3%20%E9%A2%91%E7%8E%87%E4%B8%8E%E6%A6%82%E7%8E%87/%E9%A2%91%E7%8E%87%E4%B8%8E%E6%A6%82%E7%8E%87%E6%95%99%E6%A1%88%2B.docx
频率与概率教案+.md,必修二\第十章概率\10.3 频率与概率,Markdown文件,.md,0,,,0,概率与统计教案资源,必修二\第十章概率\10.3 频率与概率\频率与概率教案+.md,https://math-1415627924.cos.ap-guangzhou.myqcloud.com/math-teaching-resources/03-%E6%A6%82%E7%8E%87%E4%B8%8E%E7%BB%9F%E8%AE%A1/01-%E6%95%99%E6%A1%88/%E5%BF%85%E4%BF%AE%E4%BA%8C/%E7%AC%AC%E5%8D%81%E7%AB%A0%E6%A6%82%E7%8E%87/10.3%20%E9%A2%91%E7%8E%87%E4%B8%8E%E6%A6%82%E7%8E%87/%E9%A2%91%E7%8E%87%E4%B8%8E%E6%A6%82%E7%8E%87%E6%95%99%E6%A1%88%2B.md
频率与概率教案.docx,必修二\第十章概率\10.3 频率与概率,原文件,.docx,0,,,0,概率与统计教案资源,必修二\第十章概率\10.3 频率与概率\频率与概率教案.docx,https://math-1415627924.cos.ap-guangzhou.myqcloud.com/math-teaching-resources/03-%E6%A6%82%E7%8E%87%E4%B8%8E%E7%BB%9F%E8%AE%A1/01-%E6%95%99%E6%A1%88/%E5%BF%85%E4%BF%AE%E4%BA%8C/%E7%AC%AC%E5%8D%81%E7%AB%A0%E6%A6%82%E7%8E%87/10.3%20%E9%A2%91%E7%8E%87%E4%B8%8E%E6%A6%82%E7%8E%87/%E9%A2%91%E7%8E%87%E4%B8%8E%E6%A6%82%E7%8E%87%E6%95%99%E6%A1%88.docx
频率与概率教案.md,必修二\第十章概率\10.3 频率与概率,Markdown文件,.md,0,,,0,概率与统计教案资源,必修二\第十章概率\10.3 频率与概率\频率与概率教案.md,https://math-1415627924.cos.ap-guangzhou.myqcloud.com/math-teaching-resources/03-%E6%A6%82%E7%8E%87%E4%B8%8E%E7%BB%9F%E8%AE%A1/01-%E6%95%99%E6%A1%88/%E5%BF%85%E4%BF%AE%E4%BA%8C/%E7%AC%AC%E5%8D%81%E7%AB%A0%E6%A6%82%E7%8E%87/10.3%20%E9%A2%91%E7%8E%87%E4%B8%8E%E6%A6%82%E7%8E%87/%E9%A2%91%E7%8E%87%E4%B8%8E%E6%A6%82%E7%8E%87%E6%95%99%E6%A1%88.md
0703高一数学(人教A版)概率章节复习1教案.docx,必修二\第十章概率\第十章综合,原文件,.docx,0,,,0,概率与统计教案资源,必修二\第十章概率\第十章综合\0703高一数学(人教A版)概率章节复习1教案.docx,https://math-1415627924.cos.ap-guangzhou.myqcloud.com/math-teaching-resources/03-%E6%A6%82%E7%8E%87%E4%B8%8E%E7%BB%9F%E8%AE%A1/01-%E6%95%99%E6%A1%88/%E5%BF%85%E4%BF%AE%E4%BA%8C/%E7%AC%AC%E5%8D%81%E7%AB%A0%E6%A6%82%E7%8E%87/%E7%AC%AC%E5%8D%81%E7%AB%A0%E7%BB%BC%E5%90%88/0703%E9%AB%98%E4%B8%80%E6%95%B0%E5%AD%A6%28%E4%BA%BA%E6%95%99A%E7%89%88%29%E6%A6%82%E7%8E%87%E7%AB%A0%E8%8A%82%E5%A4%8D%E4%B9%A01%E6%95%99%E6%A1%88.docx
0703高一数学(人教A版)概率章节复习1教案.md,必修二\第十章概率\第十章综合,Markdown文件,.md,0,,,0,概率与统计教案资源,必修二\第十章概率\第十章综合\0703高一数学(人教A版)概率章节复习1教案.md,https://math-1415627924.cos.ap-guangzhou.myqcloud.com/math-teaching-resources/03-%E6%A6%82%E7%8E%87%E4%B8%8E%E7%BB%9F%E8%AE%A1/01-%E6%95%99%E6%A1%88/%E5%BF%85%E4%BF%AE%E4%BA%8C/%E7%AC%AC%E5%8D%81%E7%AB%A0%E6%A6%82%E7%8E%87/%E7%AC%AC%E5%8D%81%E7%AB%A0%E7%BB%BC%E5%90%88/0703%E9%AB%98%E4%B8%80%E6%95%B0%E5%AD%A6%28%E4%BA%BA%E6%95%99A%E7%89%88%29%E6%A6%82%E7%8E%87%E7%AB%A0%E8%8A%82%E5%A4%8D%E4%B9%A01%E6%95%99%E6%A1%88.md
0703高一数学(人教A版)概率章节复习3学习任务单.docx,必修二\第十章概率\第十章综合,原文件,.docx,0,,,0,概率与统计教案资源,必修二\第十章概率\第十章综合\0703高一数学(人教A版)概率章节复习3学习任务单.docx,https://math-1415627924.cos.ap-guangzhou.myqcloud.com/math-teaching-resources/03-%E6%A6%82%E7%8E%87%E4%B8%8E%E7%BB%9F%E8%AE%A1/01-%E6%95%99%E6%A1%88/%E5%BF%85%E4%BF%AE%E4%BA%8C/%E7%AC%AC%E5%8D%81%E7%AB%A0%E6%A6%82%E7%8E%87/%E7%AC%AC%E5%8D%81%E7%AB%A0%E7%BB%BC%E5%90%88/0703%E9%AB%98%E4%B8%80%E6%95%B0%E5%AD%A6%28%E4%BA%BA%E6%95%99A%E7%89%88%29%E6%A6%82%E7%8E%87%E7%AB%A0%E8%8A%82%E5%A4%8D%E4%B9%A03%E5%AD%A6%E4%B9%A0%E4%BB%BB%E5%8A%A1%E5%8D%95.docx
0703高一数学(人教A版)概率章节复习3学习任务单.md,必修二\第十章概率\第十章综合,Markdown文件,.md,0,,,0,概率与统计教案资源,必修二\第十章概率\第十章综合\0703高一数学(人教A版)概率章节复习3学习任务单.md,https://math-1415627924.cos.ap-guangzhou.myqcloud.com/math-teaching-resources/03-%E6%A6%82%E7%8E%87%E4%B8%8E%E7%BB%9F%E8%AE%A1/01-%E6%95%99%E6%A1%88/%E5%BF%85%E4%BF%AE%E4%BA%8C/%E7%AC%AC%E5%8D%81%E7%AB%A0%E6%A6%82%E7%8E%87/%E7%AC%AC%E5%8D%81%E7%AB%A0%E7%BB%BC%E5%90%88/0703%E9%AB%98%E4%B8%80%E6%95%B0%E5%AD%A6%28%E4%BA%BA%E6%95%99A%E7%89%88%29%E6%A6%82%E7%8E%87%E7%AB%A0%E8%8A%82%E5%A4%8D%E4%B9%A03%E5%AD%A6%E4%B9%A0%E4%BB%BB%E5%8A%A1%E5%8D%95.md
7.1.1  条件概率教学设计模板.docx,选择性必修三\第七章 随机变量及其分布\7.1 条件概率与全概率公式,原文件,.docx,0,,,0,概率与统计教案资源,选择性必修三\第七章 随机变量及其分布\7.1 条件概率与全概率公式\7.1.1  条件概率教学设计模板.docx,https://math-1415627924.cos.ap-guangzhou.myqcloud.com/math-teaching-resources/03-%E6%A6%82%E7%8E%87%E4%B8%8E%E7%BB%9F%E8%AE%A1/01-%E6%95%99%E6%A1%88/%E9%80%89%E6%8B%A9%E6%80%A7%E5%BF%85%E4%BF%AE%E4%B8%89/%E7%AC%AC%E4%B8%83%E7%AB%A0%20%E9%9A%8F%E6%9C%BA%E5%8F%98%E9%87%8F%E5%8F%8A%E5%85%B6%E5%88%86%E5%B8%83/7.1%20%E6%9D%A1%E4%BB%B6%E6%A6%82%E7%8E%87%E4%B8%8E%E5%85%A8%E6%A6%82%E7%8E%87%E5%85%AC%E5%BC%8F/7.1.1%20%20%E6%9D%A1%E4%BB%B6%E6%A6%82%E7%8E%87%E6%95%99%E5%AD%A6%E8%AE%BE%E8%AE%A1%E6%A8%A1%E6%9D%BF.docx
7.1.1  条件概率教学设计模板.md,选择性必修三\第七章 随机变量及其分布\7.1 条件概率与全概率公式,Markdown文件,.md,0,,,0,概率与统计教案资源,选择性必修三\第七章 随机变量及其分布\7.1 条件概率与全概率公式\7.1.1  条件概率教学设计模板.md,https://math-1415627924.cos.ap-guangzhou.myqcloud.com/math-teaching-resources/03-%E6%A6%82%E7%8E%87%E4%B8%8E%E7%BB%9F%E8%AE%A1/01-%E6%95%99%E6%A1%88/%E9%80%89%E6%8B%A9%E6%80%A7%E5%BF%85%E4%BF%AE%E4%B8%89/%E7%AC%AC%E4%B8%83%E7%AB%A0%20%E9%9A%8F%E6%9C%BA%E5%8F%98%E9%87%8F%E5%8F%8A%E5%85%B6%E5%88%86%E5%B8%83/7.1%20%E6%9D%A1%E4%BB%B6%E6%A6%82%E7%8E%87%E4%B8%8E%E5%85%A8%E6%A6%82%E7%8E%87%E5%85%AC%E5%BC%8F/7.1.1%20%20%E6%9D%A1%E4%BB%B6%E6%A6%82%E7%8E%87%E6%95%99%E5%AD%A6%E8%AE%BE%E8%AE%A1%E6%A8%A1%E6%9D%BF.md
7.1.1 条件概率   教学设计.docx,选择性必修三\第七章 随机变量及其分布\7.1 条件概率与全概率公式,原文件,.docx,0,,,0,概率与统计教案资源,选择性必修三\第七章 随机变量及其分布\7.1 条件概率与全概率公式\7.1.1 条件概率   教学设计.docx,https://math-1415627924.cos.ap-guangzhou.myqcloud.com/math-teaching-resources/03-%E6%A6%82%E7%8E%87%E4%B8%8E%E7%BB%9F%E8%AE%A1/01-%E6%95%99%E6%A1%88/%E9%80%89%E6%8B%A9%E6%80%A7%E5%BF%85%E4%BF%AE%E4%B8%89/%E7%AC%AC%E4%B8%83%E7%AB%A0%20%E9%9A%8F%E6%9C%BA%E5%8F%98%E9%87%8F%E5%8F%8A%E5%85%B6%E5%88%86%E5%B8%83/7.1%20%E6%9D%A1%E4%BB%B6%E6%A6%82%E7%8E%87%E4%B8%8E%E5%85%A8%E6%A6%82%E7%8E%87%E5%85%AC%E5%BC%8F/7.1.1%20%E6%9D%A1%E4%BB%B6%E6%A6%82%E7%8E%87%20%20%20%E6%95%99%E5%AD%A6%E8%AE%BE%E8%AE%A1.docx
7.1.1 条件概率   教学设计.md,选择性必修三\第七章 随机变量及其分布\7.1 条件概率与全概率公式,Markdown文件,.md,0,,,0,概率与统计教案资源,选择性必修三\第七章 随机变量及其分布\7.1 条件概率与全概率公式\7.1.1 条件概率   教学设计.md,https://math-1415627924.cos.ap-guangzhou.myqcloud.com/math-teaching-resources/03-%E6%A6%82%E7%8E%87%E4%B8%8E%E7%BB%9F%E8%AE%A1/01-%E6%95%99%E6%A1%88/%E9%80%89%E6%8B%A9%E6%80%A7%E5%BF%85%E4%BF%AE%E4%B8%89/%E7%AC%AC%E4%B8%83%E7%AB%A0%20%E9%9A%8F%E6%9C%BA%E5%8F%98%E9%87%8F%E5%8F%8A%E5%85%B6%E5%88%86%E5%B8%83/7.1%20%E6%9D%A1%E4%BB%B6%E6%A6%82%E7%8E%87%E4%B8%8E%E5%85%A8%E6%A6%82%E7%8E%87%E5%85%AC%E5%BC%8F/7.1.1%20%E6%9D%A1%E4%BB%B6%E6%A6%82%E7%8E%87%20%20%20%E6%95%99%E5%AD%A6%E8%AE%BE%E8%AE%A1.md
7.1.1 条件概率  导学案.docx,选择性必修三\第七章 随机变量及其分布\7.1 条件概率与全概率公式,原文件,.docx,0,,,0,概率与统计教案资源,选择性必修三\第七章 随机变量及其分布\7.1 条件概率与全概率公式\7.1.1 条件概率  导学案.docx,https://math-1415627924.cos.ap-guangzhou.myqcloud.com/math-teaching-resources/03-%E6%A6%82%E7%8E%87%E4%B8%8E%E7%BB%9F%E8%AE%A1/01-%E6%95%99%E6%A1%88/%E9%80%89%E6%8B%A9%E6%80%A7%E5%BF%85%E4%BF%AE%E4%B8%89/%E7%AC%AC%E4%B8%83%E7%AB%A0%20%E9%9A%8F%E6%9C%BA%E5%8F%98%E9%87%8F%E5%8F%8A%E5%85%B6%E5%88%86%E5%B8%83/7.1%20%E6%9D%A1%E4%BB%B6%E6%A6%82%E7%8E%87%E4%B8%8E%E5%85%A8%E6%A6%82%E7%8E%87%E5%85%AC%E5%BC%8F/7.1.1%20%E6%9D%A1%E4%BB%B6%E6%A6%82%E7%8E%87%20%20%E5%AF%BC%E5%AD%A6%E6%A1%88.docx
7.1.1 条件概率  导学案.md,选择性必修三\第七章 随机变量及其分布\7.1 条件概率与全概率公式,Markdown文件,.md,0,,,0,概率与统计教案资源,选择性必修三\第七章 随机变量及其分布\7.1 条件概率与全概率公式\7.1.1 条件概率  导学案.md,https://math-1415627924.cos.ap-guangzhou.myqcloud.com/math-teaching-resources/03-%E6%A6%82%E7%8E%87%E4%B8%8E%E7%BB%9F%E8%AE%A1/01-%E6%95%99%E6%A1%88/%E9%80%89%E6%8B%A9%E6%80%A7%E5%BF%85%E4%BF%AE%E4%B8%89/%E7%AC%AC%E4%B8%83%E7%AB%A0%20%E9%9A%8F%E6%9C%BA%E5%8F%98%E9%87%8F%E5%8F%8A%E5%85%B6%E5%88%86%E5%B8%83/7.1%20%E6%9D%A1%E4%BB%B6%E6%A6%82%E7%8E%87%E4%B8%8E%E5%85%A8%E6%A6%82%E7%8E%87%E5%85%AC%E5%BC%8F/7.1.1%20%E6%9D%A1%E4%BB%B6%E6%A6%82%E7%8E%87%20%20%E5%AF%BC%E5%AD%A6%E6%A1%88.md
7.1.1+条件概率（学案）-高二数学（A版2019必三）.docx,选择性必修三\第七章 随机变量及其分布\7.1 条件概率与全概率公式,原文件,.docx,0,,,0,概率与统计教案资源,选择性必修三\第七章 随机变量及其分布\7.1 条件概率与全概率公式\7.1.1+条件概率（学案）-高二数学（A版2019必三）.docx,https://math-1415627924.cos.ap-guangzhou.myqcloud.com/math-teaching-resources/03-%E6%A6%82%E7%8E%87%E4%B8%8E%E7%BB%9F%E8%AE%A1/01-%E6%95%99%E6%A1%88/%E9%80%89%E6%8B%A9%E6%80%A7%E5%BF%85%E4%BF%AE%E4%B8%89/%E7%AC%AC%E4%B8%83%E7%AB%A0%20%E9%9A%8F%E6%9C%BA%E5%8F%98%E9%87%8F%E5%8F%8A%E5%85%B6%E5%88%86%E5%B8%83/7.1%20%E6%9D%A1%E4%BB%B6%E6%A6%82%E7%8E%87%E4%B8%8E%E5%85%A8%E6%A6%82%E7%8E%87%E5%85%AC%E5%BC%8F/7.1.1%2B%E6%9D%A1%E4%BB%B6%E6%A6%82%E7%8E%87%EF%BC%88%E5%AD%A6%E6%A1%88%EF%BC%89-%E9%AB%98%E4%BA%8C%E6%95%B0%E5%AD%A6%EF%BC%88A%E7%89%882019%E5%BF%85%E4%B8%89%EF%BC%89.docx
7.1.1+条件概率（学案）-高二数学（A版2019必三）.md,选择性必修三\第七章 随机变量及其分布\7.1 条件概率与全概率公式,Markdown文件,.md,0,,,0,概率与统计教案资源,选择性必修三\第七章 随机变量及其分布\7.1 条件概率与全概率公式\7.1.1+条件概率（学案）-高二数学（A版2019必三）.md,https://math-1415627924.cos.ap-guangzhou.myqcloud.com/math-teaching-resources/03-%E6%A6%82%E7%8E%87%E4%B8%8E%E7%BB%9F%E8%AE%A1/01-%E6%95%99%E6%A1%88/%E9%80%89%E6%8B%A9%E6%80%A7%E5%BF%85%E4%BF%AE%E4%B8%89/%E7%AC%AC%E4%B8%83%E7%AB%A0%20%E9%9A%8F%E6%9C%BA%E5%8F%98%E9%87%8F%E5%8F%8A%E5%85%B6%E5%88%86%E5%B8%83/7.1%20%E6%9D%A1%E4%BB%B6%E6%A6%82%E7%8E%87%E4%B8%8E%E5%85%A8%E6%A6%82%E7%8E%87%E5%85%AC%E5%BC%8F/7.1.1%2B%E6%9D%A1%E4%BB%B6%E6%A6%82%E7%8E%87%EF%BC%88%E5%AD%A6%E6%A1%88%EF%BC%89-%E9%AB%98%E4%BA%8C%E6%95%B0%E5%AD%A6%EF%BC%88A%E7%89%882019%E5%BF%85%E4%B8%89%EF%BC%89.md
7.1.2  全概率公式教学设计模板.docx,选择性必修三\第七章 随机变量及其分布\7.1 条件概率与全概率公式,原文件,.docx,0,,,0,概率与统计教案资源,选择性必修三\第七章 随机变量及其分布\7.1 条件概率与全概率公式\7.1.2  全概率公式教学设计模板.docx,https://math-1415627924.cos.ap-guangzhou.myqcloud.com/math-teaching-resources/03-%E6%A6%82%E7%8E%87%E4%B8%8E%E7%BB%9F%E8%AE%A1/01-%E6%95%99%E6%A1%88/%E9%80%89%E6%8B%A9%E6%80%A7%E5%BF%85%E4%BF%AE%E4%B8%89/%E7%AC%AC%E4%B8%83%E7%AB%A0%20%E9%9A%8F%E6%9C%BA%E5%8F%98%E9%87%8F%E5%8F%8A%E5%85%B6%E5%88%86%E5%B8%83/7.1%20%E6%9D%A1%E4%BB%B6%E6%A6%82%E7%8E%87%E4%B8%8E%E5%85%A8%E6%A6%82%E7%8E%87%E5%85%AC%E5%BC%8F/7.1.2%20%20%E5%85%A8%E6%A6%82%E7%8E%87%E5%85%AC%E5%BC%8F%E6%95%99%E5%AD%A6%E8%AE%BE%E8%AE%A1%E6%A8%A1%E6%9D%BF.docx
7.1.2  全概率公式教学设计模板.md,选择性必修三\第七章 随机变量及其分布\7.1 条件概率与全概率公式,Markdown文件,.md,0,,,0,概率与统计教案资源,选择性必修三\第七章 随机变量及其分布\7.1 条件概率与全概率公式\7.1.2  全概率公式教学设计模板.md,https://math-1415627924.cos.ap-guangzhou.myqcloud.com/math-teaching-resources/03-%E6%A6%82%E7%8E%87%E4%B8%8E%E7%BB%9F%E8%AE%A1/01-%E6%95%99%E6%A1%88/%E9%80%89%E6%8B%A9%E6%80%A7%E5%BF%85%E4%BF%AE%E4%B8%89/%E7%AC%AC%E4%B8%83%E7%AB%A0%20%E9%9A%8F%E6%9C%BA%E5%8F%98%E9%87%8F%E5%8F%8A%E5%85%B6%E5%88%86%E5%B8%83/7.1%20%E6%9D%A1%E4%BB%B6%E6%A6%82%E7%8E%87%E4%B8%8E%E5%85%A8%E6%A6%82%E7%8E%87%E5%85%AC%E5%BC%8F/7.1.2%20%20%E5%85%A8%E6%A6%82%E7%8E%87%E5%85%AC%E5%BC%8F%E6%95%99%E5%AD%A6%E8%AE%BE%E8%AE%A1%E6%A8%A1%E6%9D%BF.md
7.1.2+全概率公式（学案）-高二数学（A版2019必三）.docx,选择性必修三\第七章 随机变量及其分布\7.1 条件概率与全概率公式,原文件,.docx,0,,,0,概率与统计教案资源,选择性必修三\第七章 随机变量及其分布\7.1 条件概率与全概率公式\7.1.2+全概率公式（学案）-高二数学（A版2019必三）.docx,https://math-1415627924.cos.ap-guangzhou.myqcloud.com/math-teaching-resources/03-%E6%A6%82%E7%8E%87%E4%B8%8E%E7%BB%9F%E8%AE%A1/01-%E6%95%99%E6%A1%88/%E9%80%89%E6%8B%A9%E6%80%A7%E5%BF%85%E4%BF%AE%E4%B8%89/%E7%AC%AC%E4%B8%83%E7%AB%A0%20%E9%9A%8F%E6%9C%BA%E5%8F%98%E9%87%8F%E5%8F%8A%E5%85%B6%E5%88%86%E5%B8%83/7.1%20%E6%9D%A1%E4%BB%B6%E6%A6%82%E7%8E%87%E4%B8%8E%E5%85%A8%E6%A6%82%E7%8E%87%E5%85%AC%E5%BC%8F/7.1.2%2B%E5%85%A8%E6%A6%82%E7%8E%87%E5%85%AC%E5%BC%8F%EF%BC%88%E5%AD%A6%E6%A1%88%EF%BC%89-%E9%AB%98%E4%BA%8C%E6%95%B0%E5%AD%A6%EF%BC%88A%E7%89%882019%E5%BF%85%E4%B8%89%EF%BC%89.docx
7.1.2+全概率公式（学案）-高二数学（A版2019必三）.md,选择性必修三\第七章 随机变量及其分布\7.1 条件概率与全概率公式,Markdown文件,.md,0,,,0,概率与统计教案资源,选择性必修三\第七章 随机变量及其分布\7.1 条件概率与全概率公式\7.1.2+全概率公式（学案）-高二数学（A版2019必三）.md,https://math-1415627924.cos.ap-guangzhou.myqcloud.com/math-teaching-resources/03-%E6%A6%82%E7%8E%87%E4%B8%8E%E7%BB%9F%E8%AE%A1/01-%E6%95%99%E6%A1%88/%E9%80%89%E6%8B%A9%E6%80%A7%E5%BF%85%E4%BF%AE%E4%B8%89/%E7%AC%AC%E4%B8%83%E7%AB%A0%20%E9%9A%8F%E6%9C%BA%E5%8F%98%E9%87%8F%E5%8F%8A%E5%85%B6%E5%88%86%E5%B8%83/7.1%20%E6%9D%A1%E4%BB%B6%E6%A6%82%E7%8E%87%E4%B8%8E%E5%85%A8%E6%A6%82%E7%8E%87%E5%85%AC%E5%BC%8F/7.1.2%2B%E5%85%A8%E6%A6%82%E7%8E%87%E5%85%AC%E5%BC%8F%EF%BC%88%E5%AD%A6%E6%A1%88%EF%BC%89-%E9%AB%98%E4%BA%8C%E6%95%B0%E5%AD%A6%EF%BC%88A%E7%89%882019%E5%BF%85%E4%B8%89%EF%BC%89.md
7.1.2全概率公式     导学案.docx,选择性必修三\第七章 随机变量及其分布\7.1 条件概率与全概率公式,原文件,.docx,0,,,0,概率与统计教案资源,选择性必修三\第七章 随机变量及其分布\7.1 条件概率与全概率公式\7.1.2全概率公式     导学案.docx,https://math-1415627924.cos.ap-guangzhou.myqcloud.com/math-teaching-resources/03-%E6%A6%82%E7%8E%87%E4%B8%8E%E7%BB%9F%E8%AE%A1/01-%E6%95%99%E6%A1%88/%E9%80%89%E6%8B%A9%E6%80%A7%E5%BF%85%E4%BF%AE%E4%B8%89/%E7%AC%AC%E4%B8%83%E7%AB%A0%20%E9%9A%8F%E6%9C%BA%E5%8F%98%E9%87%8F%E5%8F%8A%E5%85%B6%E5%88%86%E5%B8%83/7.1%20%E6%9D%A1%E4%BB%B6%E6%A6%82%E7%8E%87%E4%B8%8E%E5%85%A8%E6%A6%82%E7%8E%87%E5%85%AC%E5%BC%8F/7.1.2%E5%85%A8%E6%A6%82%E7%8E%87%E5%85%AC%E5%BC%8F%20%20%20%20%20%E5%AF%BC%E5%AD%A6%E6%A1%88.docx
7.1.2全概率公式     导学案.md,选择性必修三\第七章 随机变量及其分布\7.1 条件概率与全概率公式,Markdown文件,.md,0,,,0,概率与统计教案资源,选择性必修三\第七章 随机变量及其分布\7.1 条件概率与全概率公式\7.1.2全概率公式     导学案.md,https://math-1415627924.cos.ap-guangzhou.myqcloud.com/math-teaching-resources/03-%E6%A6%82%E7%8E%87%E4%B8%8E%E7%BB%9F%E8%AE%A1/01-%E6%95%99%E6%A1%88/%E9%80%89%E6%8B%A9%E6%80%A7%E5%BF%85%E4%BF%AE%E4%B8%89/%E7%AC%AC%E4%B8%83%E7%AB%A0%20%E9%9A%8F%E6%9C%BA%E5%8F%98%E9%87%8F%E5%8F%8A%E5%85%B6%E5%88%86%E5%B8%83/7.1%20%E6%9D%A1%E4%BB%B6%E6%A6%82%E7%8E%87%E4%B8%8E%E5%85%A8%E6%A6%82%E7%8E%87%E5%85%AC%E5%BC%8F/7.1.2%E5%85%A8%E6%A6%82%E7%8E%87%E5%85%AC%E5%BC%8F%20%20%20%20%20%E5%AF%BC%E5%AD%A6%E6%A1%88.md
7.1.2全概率公式     教学设计.docx,选择性必修三\第七章 随机变量及其分布\7.1 条件概率与全概率公式,原文件,.docx,0,,,0,概率与统计教案资源,选择性必修三\第七章 随机变量及其分布\7.1 条件概率与全概率公式\7.1.2全概率公式     教学设计.docx,https://math-1415627924.cos.ap-guangzhou.myqcloud.com/math-teaching-resources/03-%E6%A6%82%E7%8E%87%E4%B8%8E%E7%BB%9F%E8%AE%A1/01-%E6%95%99%E6%A1%88/%E9%80%89%E6%8B%A9%E6%80%A7%E5%BF%85%E4%BF%AE%E4%B8%89/%E7%AC%AC%E4%B8%83%E7%AB%A0%20%E9%9A%8F%E6%9C%BA%E5%8F%98%E9%87%8F%E5%8F%8A%E5%85%B6%E5%88%86%E5%B8%83/7.1%20%E6%9D%A1%E4%BB%B6%E6%A6%82%E7%8E%87%E4%B8%8E%E5%85%A8%E6%A6%82%E7%8E%87%E5%85%AC%E5%BC%8F/7.1.2%E5%85%A8%E6%A6%82%E7%8E%87%E5%85%AC%E5%BC%8F%20%20%20%20%20%E6%95%99%E5%AD%A6%E8%AE%BE%E8%AE%A1.docx
7.1.2全概率公式     教学设计.md,选择性必修三\第七章 随机变量及其分布\7.1 条件概率与全概率公式,Markdown文件,.md,0,,,0,概率与统计教案资源,选择性必修三\第七章 随机变量及其分布\7.1 条件概率与全概率公式\7.1.2全概率公式     教学设计.md,https://math-1415627924.cos.ap-guangzhou.myqcloud.com/math-teaching-resources/03-%E6%A6%82%E7%8E%87%E4%B8%8E%E7%BB%9F%E8%AE%A1/01-%E6%95%99%E6%A1%88/%E9%80%89%E6%8B%A9%E6%80%A7%E5%BF%85%E4%BF%AE%E4%B8%89/%E7%AC%AC%E4%B8%83%E7%AB%A0%20%E9%9A%8F%E6%9C%BA%E5%8F%98%E9%87%8F%E5%8F%8A%E5%85%B6%E5%88%86%E5%B8%83/7.1%20%E6%9D%A1%E4%BB%B6%E6%A6%82%E7%8E%87%E4%B8%8E%E5%85%A8%E6%A6%82%E7%8E%87%E5%85%AC%E5%BC%8F/7.1.2%E5%85%A8%E6%A6%82%E7%8E%87%E5%85%AC%E5%BC%8F%20%20%20%20%20%E6%95%99%E5%AD%A6%E8%AE%BE%E8%AE%A1.md
课时21855_7.1.1条件概率-7.1.1条件概率【微信公众号：全都要半糖 免费分享】.docx,选择性必修三\第七章 随机变量及其分布\7.1 条件概率与全概率公式,原文件,.docx,0,,,0,概率与统计教案资源,选择性必修三\第七章 随机变量及其分布\7.1 条件概率与全概率公式\课时21855_7.1.1条件概率-7.1.1条件概率【微信公众号：全都要半糖 免费分享】.docx,https://math-1415627924.cos.ap-guangzhou.myqcloud.com/math-teaching-resources/03-%E6%A6%82%E7%8E%87%E4%B8%8E%E7%BB%9F%E8%AE%A1/01-%E6%95%99%E6%A1%88/%E9%80%89%E6%8B%A9%E6%80%A7%E5%BF%85%E4%BF%AE%E4%B8%89/%E7%AC%AC%E4%B8%83%E7%AB%A0%20%E9%9A%8F%E6%9C%BA%E5%8F%98%E9%87%8F%E5%8F%8A%E5%85%B6%E5%88%86%E5%B8%83/7.1%20%E6%9D%A1%E4%BB%B6%E6%A6%82%E7%8E%87%E4%B8%8E%E5%85%A8%E6%A6%82%E7%8E%87%E5%85%AC%E5%BC%8F/%E8%AF%BE%E6%97%B621855_7.1.1%E6%9D%A1%E4%BB%B6%E6%A6%82%E7%8E%87-7.1.1%E6%9D%A1%E4%BB%B6%E6%A6%82%E7%8E%87%E3%80%90%E5%BE%AE%E4%BF%A1%E5%85%AC%E4%BC%97%E5%8F%B7%EF%BC%9A%E5%85%A8%E9%83%BD%E8%A6%81%E5%8D%8A%E7%B3%96%20%E5%85%8D%E8%B4%B9%E5%88%86%E4%BA%AB%E3%80%91.docx
课时21855_7.1.1条件概率-7.1.1条件概率【微信公众号：全都要半糖 免费分享】.md,选择性必修三\第七章 随机变量及其分布\7.1 条件概率与全概率公式,Markdown文件,.md,0,,,0,概率与统计教案资源,选择性必修三\第七章 随机变量及其分布\7.1 条件概率与全概率公式\课时21855_7.1.1条件概率-7.1.1条件概率【微信公众号：全都要半糖 免费分享】.md,https://math-1415627924.cos.ap-guangzhou.myqcloud.com/math-teaching-resources/03-%E6%A6%82%E7%8E%87%E4%B8%8E%E7%BB%9F%E8%AE%A1/01-%E6%95%99%E6%A1%88/%E9%80%89%E6%8B%A9%E6%80%A7%E5%BF%85%E4%BF%AE%E4%B8%89/%E7%AC%AC%E4%B8%83%E7%AB%A0%20%E9%9A%8F%E6%9C%BA%E5%8F%98%E9%87%8F%E5%8F%8A%E5%85%B6%E5%88%86%E5%B8%83/7.1%20%E6%9D%A1%E4%BB%B6%E6%A6%82%E7%8E%87%E4%B8%8E%E5%85%A8%E6%A6%82%E7%8E%87%E5%85%AC%E5%BC%8F/%E8%AF%BE%E6%97%B621855_7.1.1%E6%9D%A1%E4%BB%B6%E6%A6%82%E7%8E%87-7.1.1%E6%9D%A1%E4%BB%B6%E6%A6%82%E7%8E%87%E3%80%90%E5%BE%AE%E4%BF%A1%E5%85%AC%E4%BC%97%E5%8F%B7%EF%BC%9A%E5%85%A8%E9%83%BD%E8%A6%81%E5%8D%8A%E7%B3%96%20%E5%85%8D%E8%B4%B9%E5%88%86%E4%BA%AB%E3%80%91.md
课时21856_7.1.2全概率公式-7.1.2全概率公式【微信公众号：全都要半糖 免费分享】.docx,选择性必修三\第七章 随机变量及其分布\7.1 条件概率与全概率公式,原文件,.docx,0,,,0,概率与统计教案资源,选择性必修三\第七章 随机变量及其分布\7.1 条件概率与全概率公式\课时21856_7.1.2全概率公式-7.1.2全概率公式【微信公众号：全都要半糖 免费分享】.docx,https://math-1415627924.cos.ap-guangzhou.myqcloud.com/math-teaching-resources/03-%E6%A6%82%E7%8E%87%E4%B8%8E%E7%BB%9F%E8%AE%A1/01-%E6%95%99%E6%A1%88/%E9%80%89%E6%8B%A9%E6%80%A7%E5%BF%85%E4%BF%AE%E4%B8%89/%E7%AC%AC%E4%B8%83%E7%AB%A0%20%E9%9A%8F%E6%9C%BA%E5%8F%98%E9%87%8F%E5%8F%8A%E5%85%B6%E5%88%86%E5%B8%83/7.1%20%E6%9D%A1%E4%BB%B6%E6%A6%82%E7%8E%87%E4%B8%8E%E5%85%A8%E6%A6%82%E7%8E%87%E5%85%AC%E5%BC%8F/%E8%AF%BE%E6%97%B621856_7.1.2%E5%85%A8%E6%A6%82%E7%8E%87%E5%85%AC%E5%BC%8F-7.1.2%E5%85%A8%E6%A6%82%E7%8E%87%E5%85%AC%E5%BC%8F%E3%80%90%E5%BE%AE%E4%BF%A1%E5%85%AC%E4%BC%97%E5%8F%B7%EF%BC%9A%E5%85%A8%E9%83%BD%E8%A6%81%E5%8D%8A%E7%B3%96%20%E5%85%8D%E8%B4%B9%E5%88%86%E4%BA%AB%E3%80%91.docx
课时21856_7.1.2全概率公式-7.1.2全概率公式【微信公众号：全都要半糖 免费分享】.md,选择性必修三\第七章 随机变量及其分布\7.1 条件概率与全概率公式,Markdown文件,.md,0,,,0,概率与统计教案资源,选择性必修三\第七章 随机变量及其分布\7.1 条件概率与全概率公式\课时21856_7.1.2全概率公式-7.1.2全概率公式【微信公众号：全都要半糖 免费分享】.md,https://math-1415627924.cos.ap-guangzhou.myqcloud.com/math-teaching-resources/03-%E6%A6%82%E7%8E%87%E4%B8%8E%E7%BB%9F%E8%AE%A1/01-%E6%95%99%E6%A1%88/%E9%80%89%E6%8B%A9%E6%80%A7%E5%BF%85%E4%BF%AE%E4%B8%89/%E7%AC%AC%E4%B8%83%E7%AB%A0%20%E9%9A%8F%E6%9C%BA%E5%8F%98%E9%87%8F%E5%8F%8A%E5%85%B6%E5%88%86%E5%B8%83/7.1%20%E6%9D%A1%E4%BB%B6%E6%A6%82%E7%8E%87%E4%B8%8E%E5%85%A8%E6%A6%82%E7%8E%87%E5%85%AC%E5%BC%8F/%E8%AF%BE%E6%97%B621856_7.1.2%E5%85%A8%E6%A6%82%E7%8E%87%E5%85%AC%E5%BC%8F-7.1.2%E5%85%A8%E6%A6%82%E7%8E%87%E5%85%AC%E5%BC%8F%E3%80%90%E5%BE%AE%E4%BF%A1%E5%85%AC%E4%BC%97%E5%8F%B7%EF%BC%9A%E5%85%A8%E9%83%BD%E8%A6%81%E5%8D%8A%E7%B3%96%20%E5%85%8D%E8%B4%B9%E5%88%86%E4%BA%AB%E3%80%91.md
7.2  离散型随机变量及其分布列教学设计模板.docx,选择性必修三\第七章 随机变量及其分布\7.2 离散型随机变量及其分布列,原文件,.docx,0,,,0,概率与统计教案资源,选择性必修三\第七章 随机变量及其分布\7.2 离散型随机变量及其分布列\7.2  离散型随机变量及其分布列教学设计模板.docx,https://math-1415627924.cos.ap-guangzhou.myqcloud.com/math-teaching-resources/03-%E6%A6%82%E7%8E%87%E4%B8%8E%E7%BB%9F%E8%AE%A1/01-%E6%95%99%E6%A1%88/%E9%80%89%E6%8B%A9%E6%80%A7%E5%BF%85%E4%BF%AE%E4%B8%89/%E7%AC%AC%E4%B8%83%E7%AB%A0%20%E9%9A%8F%E6%9C%BA%E5%8F%98%E9%87%8F%E5%8F%8A%E5%85%B6%E5%88%86%E5%B8%83/7.2%20%E7%A6%BB%E6%95%A3%E5%9E%8B%E9%9A%8F%E6%9C%BA%E5%8F%98%E9%87%8F%E5%8F%8A%E5%85%B6%E5%88%86%E5%B8%83%E5%88%97/7.2%20%20%E7%A6%BB%E6%95%A3%E5%9E%8B%E9%9A%8F%E6%9C%BA%E5%8F%98%E9%87%8F%E5%8F%8A%E5%85%B6%E5%88%86%E5%B8%83%E5%88%97%E6%95%99%E5%AD%A6%E8%AE%BE%E8%AE%A1%E6%A8%A1%E6%9D%BF.docx
7.2  离散型随机变量及其分布列教学设计模板.md,选择性必修三\第七章 随机变量及其分布\7.2 离散型随机变量及其分布列,Markdown文件,.md,0,,,0,概率与统计教案资源,选择性必修三\第七章 随机变量及其分布\7.2 离散型随机变量及其分布列\7.2  离散型随机变量及其分布列教学设计模板.md,https://math-1415627924.cos.ap-guangzhou.myqcloud.com/math-teaching-resources/03-%E6%A6%82%E7%8E%87%E4%B8%8E%E7%BB%9F%E8%AE%A1/01-%E6%95%99%E6%A1%88/%E9%80%89%E6%8B%A9%E6%80%A7%E5%BF%85%E4%BF%AE%E4%B8%89/%E7%AC%AC%E4%B8%83%E7%AB%A0%20%E9%9A%8F%E6%9C%BA%E5%8F%98%E9%87%8F%E5%8F%8A%E5%85%B6%E5%88%86%E5%B8%83/7.2%20%E7%A6%BB%E6%95%A3%E5%9E%8B%E9%9A%8F%E6%9C%BA%E5%8F%98%E9%87%8F%E5%8F%8A%E5%85%B6%E5%88%86%E5%B8%83%E5%88%97/7.2%20%20%E7%A6%BB%E6%95%A3%E5%9E%8B%E9%9A%8F%E6%9C%BA%E5%8F%98%E9%87%8F%E5%8F%8A%E5%85%B6%E5%88%86%E5%B8%83%E5%88%97%E6%95%99%E5%AD%A6%E8%AE%BE%E8%AE%A1%E6%A8%A1%E6%9D%BF.md
7.2 离散型随机变量及其分布列 (1)     导学案.docx,选择性必修三\第七章 随机变量及其分布\7.2 离散型随机变量及其分布列,原文件,.docx,0,,,0,概率与统计教案资源,选择性必修三\第七章 随机变量及其分布\7.2 离散型随机变量及其分布列\7.2 离散型随机变量及其分布列 (1)     导学案.docx,https://math-1415627924.cos.ap-guangzhou.myqcloud.com/math-teaching-resources/03-%E6%A6%82%E7%8E%87%E4%B8%8E%E7%BB%9F%E8%AE%A1/01-%E6%95%99%E6%A1%88/%E9%80%89%E6%8B%A9%E6%80%A7%E5%BF%85%E4%BF%AE%E4%B8%89/%E7%AC%AC%E4%B8%83%E7%AB%A0%20%E9%9A%8F%E6%9C%BA%E5%8F%98%E9%87%8F%E5%8F%8A%E5%85%B6%E5%88%86%E5%B8%83/7.2%20%E7%A6%BB%E6%95%A3%E5%9E%8B%E9%9A%8F%E6%9C%BA%E5%8F%98%E9%87%8F%E5%8F%8A%E5%85%B6%E5%88%86%E5%B8%83%E5%88%97/7.2%20%E7%A6%BB%E6%95%A3%E5%9E%8B%E9%9A%8F%E6%9C%BA%E5%8F%98%E9%87%8F%E5%8F%8A%E5%85%B6%E5%88%86%E5%B8%83%E5%88%97%20%281%29%20%20%20%20%20%E5%AF%BC%E5%AD%A6%E6%A1%88.docx
7.2 离散型随机变量及其分布列 (1)     导学案.md,选择性必修三\第七章 随机变量及其分布\7.2 离散型随机变量及其分布列,Markdown文件,.md,0,,,0,概率与统计教案资源,选择性必修三\第七章 随机变量及其分布\7.2 离散型随机变量及其分布列\7.2 离散型随机变量及其分布列 (1)     导学案.md,https://math-1415627924.cos.ap-guangzhou.myqcloud.com/math-teaching-resources/03-%E6%A6%82%E7%8E%87%E4%B8%8E%E7%BB%9F%E8%AE%A1/01-%E6%95%99%E6%A1%88/%E9%80%89%E6%8B%A9%E6%80%A7%E5%BF%85%E4%BF%AE%E4%B8%89/%E7%AC%AC%E4%B8%83%E7%AB%A0%20%E9%9A%8F%E6%9C%BA%E5%8F%98%E9%87%8F%E5%8F%8A%E5%85%B6%E5%88%86%E5%B8%83/7.2%20%E7%A6%BB%E6%95%A3%E5%9E%8B%E9%9A%8F%E6%9C%BA%E5%8F%98%E9%87%8F%E5%8F%8A%E5%85%B6%E5%88%86%E5%B8%83%E5%88%97/7.2%20%E7%A6%BB%E6%95%A3%E5%9E%8B%E9%9A%8F%E6%9C%BA%E5%8F%98%E9%87%8F%E5%8F%8A%E5%85%B6%E5%88%86%E5%B8%83%E5%88%97%20%281%29%20%20%20%20%20%E5%AF%BC%E5%AD%A6%E6%A1%88.md
7.2 离散型随机变量及其分布列 (1)    教学设计.docx,选择性必修三\第七章 随机变量及其分布\7.2 离散型随机变量及其分布列,原文件,.docx,0,,,0,概率与统计教案资源,选择性必修三\第七章 随机变量及其分布\7.2 离散型随机变量及其分布列\7.2 离散型随机变量及其分布列 (1)    教学设计.docx,https://math-1415627924.cos.ap-guangzhou.myqcloud.com/math-teaching-resources/03-%E6%A6%82%E7%8E%87%E4%B8%8E%E7%BB%9F%E8%AE%A1/01-%E6%95%99%E6%A1%88/%E9%80%89%E6%8B%A9%E6%80%A7%E5%BF%85%E4%BF%AE%E4%B8%89/%E7%AC%AC%E4%B8%83%E7%AB%A0%20%E9%9A%8F%E6%9C%BA%E5%8F%98%E9%87%8F%E5%8F%8A%E5%85%B6%E5%88%86%E5%B8%83/7.2%20%E7%A6%BB%E6%95%A3%E5%9E%8B%E9%9A%8F%E6%9C%BA%E5%8F%98%E9%87%8F%E5%8F%8A%E5%85%B6%E5%88%86%E5%B8%83%E5%88%97/7.2%20%E7%A6%BB%E6%95%A3%E5%9E%8B%E9%9A%8F%E6%9C%BA%E5%8F%98%E9%87%8F%E5%8F%8A%E5%85%B6%E5%88%86%E5%B8%83%E5%88%97%20%281%29%20%20%20%20%E6%95%99%E5%AD%A6%E8%AE%BE%E8%AE%A1.docx
7.2 离散型随机变量及其分布列 (1)    教学设计.md,选择性必修三\第七章 随机变量及其分布\7.2 离散型随机变量及其分布列,Markdown文件,.md,0,,,0,概率与统计教案资源,选择性必修三\第七章 随机变量及其分布\7.2 离散型随机变量及其分布列\7.2 离散型随机变量及其分布列 (1)    教学设计.md,https://math-1415627924.cos.ap-guangzhou.myqcloud.com/math-teaching-resources/03-%E6%A6%82%E7%8E%87%E4%B8%8E%E7%BB%9F%E8%AE%A1/01-%E6%95%99%E6%A1%88/%E9%80%89%E6%8B%A9%E6%80%A7%E5%BF%85%E4%BF%AE%E4%B8%89/%E7%AC%AC%E4%B8%83%E7%AB%A0%20%E9%9A%8F%E6%9C%BA%E5%8F%98%E9%87%8F%E5%8F%8A%E5%85%B6%E5%88%86%E5%B8%83/7.2%20%E7%A6%BB%E6%95%A3%E5%9E%8B%E9%9A%8F%E6%9C%BA%E5%8F%98%E9%87%8F%E5%8F%8A%E5%85%B6%E5%88%86%E5%B8%83%E5%88%97/7.2%20%E7%A6%BB%E6%95%A3%E5%9E%8B%E9%9A%8F%E6%9C%BA%E5%8F%98%E9%87%8F%E5%8F%8A%E5%85%B6%E5%88%86%E5%B8%83%E5%88%97%20%281%29%20%20%20%20%E6%95%99%E5%AD%A6%E8%AE%BE%E8%AE%A1.md
7.2 离散型随机变量及其分布列 (2)     导学案.docx,选择性必修三\第七章 随机变量及其分布\7.2 离散型随机变量及其分布列,原文件,.docx,0,,,0,概率与统计教案资源,选择性必修三\第七章 随机变量及其分布\7.2 离散型随机变量及其分布列\7.2 离散型随机变量及其分布列 (2)     导学案.docx,https://math-1415627924.cos.ap-guangzhou.myqcloud.com/math-teaching-resources/03-%E6%A6%82%E7%8E%87%E4%B8%8E%E7%BB%9F%E8%AE%A1/01-%E6%95%99%E6%A1%88/%E9%80%89%E6%8B%A9%E6%80%A7%E5%BF%85%E4%BF%AE%E4%B8%89/%E7%AC%AC%E4%B8%83%E7%AB%A0%20%E9%9A%8F%E6%9C%BA%E5%8F%98%E9%87%8F%E5%8F%8A%E5%85%B6%E5%88%86%E5%B8%83/7.2%20%E7%A6%BB%E6%95%A3%E5%9E%8B%E9%9A%8F%E6%9C%BA%E5%8F%98%E9%87%8F%E5%8F%8A%E5%85%B6%E5%88%86%E5%B8%83%E5%88%97/7.2%20%E7%A6%BB%E6%95%A3%E5%9E%8B%E9%9A%8F%E6%9C%BA%E5%8F%98%E9%87%8F%E5%8F%8A%E5%85%B6%E5%88%86%E5%B8%83%E5%88%97%20%282%29%20%20%20%20%20%E5%AF%BC%E5%AD%A6%E6%A1%88.docx
7.2 离散型随机变量及其分布列 (2)     导学案.md,选择性必修三\第七章 随机变量及其分布\7.2 离散型随机变量及其分布列,Markdown文件,.md,0,,,0,概率与统计教案资源,选择性必修三\第七章 随机变量及其分布\7.2 离散型随机变量及其分布列\7.2 离散型随机变量及其分布列 (2)     导学案.md,https://math-1415627924.cos.ap-guangzhou.myqcloud.com/math-teaching-resources/03-%E6%A6%82%E7%8E%87%E4%B8%8E%E7%BB%9F%E8%AE%A1/01-%E6%95%99%E6%A1%88/%E9%80%89%E6%8B%A9%E6%80%A7%E5%BF%85%E4%BF%AE%E4%B8%89/%E7%AC%AC%E4%B8%83%E7%AB%A0%20%E9%9A%8F%E6%9C%BA%E5%8F%98%E9%87%8F%E5%8F%8A%E5%85%B6%E5%88%86%E5%B8%83/7.2%20%E7%A6%BB%E6%95%A3%E5%9E%8B%E9%9A%8F%E6%9C%BA%E5%8F%98%E9%87%8F%E5%8F%8A%E5%85%B6%E5%88%86%E5%B8%83%E5%88%97/7.2%20%E7%A6%BB%E6%95%A3%E5%9E%8B%E9%9A%8F%E6%9C%BA%E5%8F%98%E9%87%8F%E5%8F%8A%E5%85%B6%E5%88%86%E5%B8%83%E5%88%97%20%282%29%20%20%20%20%20%E5%AF%BC%E5%AD%A6%E6%A1%88.md
7.2 离散型随机变量及其分布列 (2)    教学设计.docx,选择性必修三\第七章 随机变量及其分布\7.2 离散型随机变量及其分布列,原文件,.docx,0,,,0,概率与统计教案资源,选择性必修三\第七章 随机变量及其分布\7.2 离散型随机变量及其分布列\7.2 离散型随机变量及其分布列 (2)    教学设计.docx,https://math-1415627924.cos.ap-guangzhou.myqcloud.com/math-teaching-resources/03-%E6%A6%82%E7%8E%87%E4%B8%8E%E7%BB%9F%E8%AE%A1/01-%E6%95%99%E6%A1%88/%E9%80%89%E6%8B%A9%E6%80%A7%E5%BF%85%E4%BF%AE%E4%B8%89/%E7%AC%AC%E4%B8%83%E7%AB%A0%20%E9%9A%8F%E6%9C%BA%E5%8F%98%E9%87%8F%E5%8F%8A%E5%85%B6%E5%88%86%E5%B8%83/7.2%20%E7%A6%BB%E6%95%A3%E5%9E%8B%E9%9A%8F%E6%9C%BA%E5%8F%98%E9%87%8F%E5%8F%8A%E5%85%B6%E5%88%86%E5%B8%83%E5%88%97/7.2%20%E7%A6%BB%E6%95%A3%E5%9E%8B%E9%9A%8F%E6%9C%BA%E5%8F%98%E9%87%8F%E5%8F%8A%E5%85%B6%E5%88%86%E5%B8%83%E5%88%97%20%282%29%20%20%20%20%E6%95%99%E5%AD%A6%E8%AE%BE%E8%AE%A1.docx
7.2 离散型随机变量及其分布列 (2)    教学设计.md,选择性必修三\第七章 随机变量及其分布\7.2 离散型随机变量及其分布列,Markdown文件,.md,0,,,0,概率与统计教案资源,选择性必修三\第七章 随机变量及其分布\7.2 离散型随机变量及其分布列\7.2 离散型随机变量及其分布列 (2)    教学设计.md,https://math-1415627924.cos.ap-guangzhou.myqcloud.com/math-teaching-resources/03-%E6%A6%82%E7%8E%87%E4%B8%8E%E7%BB%9F%E8%AE%A1/01-%E6%95%99%E6%A1%88/%E9%80%89%E6%8B%A9%E6%80%A7%E5%BF%85%E4%BF%AE%E4%B8%89/%E7%AC%AC%E4%B8%83%E7%AB%A0%20%E9%9A%8F%E6%9C%BA%E5%8F%98%E9%87%8F%E5%8F%8A%E5%85%B6%E5%88%86%E5%B8%83/7.2%20%E7%A6%BB%E6%95%A3%E5%9E%8B%E9%9A%8F%E6%9C%BA%E5%8F%98%E9%87%8F%E5%8F%8A%E5%85%B6%E5%88%86%E5%B8%83%E5%88%97/7.2%20%E7%A6%BB%E6%95%A3%E5%9E%8B%E9%9A%8F%E6%9C%BA%E5%8F%98%E9%87%8F%E5%8F%8A%E5%85%B6%E5%88%86%E5%B8%83%E5%88%97%20%282%29%20%20%20%20%E6%95%99%E5%AD%A6%E8%AE%BE%E8%AE%A1.md
7.2+离散型随机变量及其分布列（学案）-高二数学（A版2019必三）.docx,选择性必修三\第七章 随机变量及其分布\7.2 离散型随机变量及其分布列,原文件,.docx,0,,,0,概率与统计教案资源,选择性必修三\第七章 随机变量及其分布\7.2 离散型随机变量及其分布列\7.2+离散型随机变量及其分布列（学案）-高二数学（A版2019必三）.docx,https://math-1415627924.cos.ap-guangzhou.myqcloud.com/math-teaching-resources/03-%E6%A6%82%E7%8E%87%E4%B8%8E%E7%BB%9F%E8%AE%A1/01-%E6%95%99%E6%A1%88/%E9%80%89%E6%8B%A9%E6%80%A7%E5%BF%85%E4%BF%AE%E4%B8%89/%E7%AC%AC%E4%B8%83%E7%AB%A0%20%E9%9A%8F%E6%9C%BA%E5%8F%98%E9%87%8F%E5%8F%8A%E5%85%B6%E5%88%86%E5%B8%83/7.2%20%E7%A6%BB%E6%95%A3%E5%9E%8B%E9%9A%8F%E6%9C%BA%E5%8F%98%E9%87%8F%E5%8F%8A%E5%85%B6%E5%88%86%E5%B8%83%E5%88%97/7.2%2B%E7%A6%BB%E6%95%A3%E5%9E%8B%E9%9A%8F%E6%9C%BA%E5%8F%98%E9%87%8F%E5%8F%8A%E5%85%B6%E5%88%86%E5%B8%83%E5%88%97%EF%BC%88%E5%AD%A6%E6%A1%88%EF%BC%89-%E9%AB%98%E4%BA%8C%E6%95%B0%E5%AD%A6%EF%BC%88A%E7%89%882019%E5%BF%85%E4%B8%89%EF%BC%89.docx
7.2+离散型随机变量及其分布列（学案）-高二数学（A版2019必三）.md,选择性必修三\第七章 随机变量及其分布\7.2 离散型随机变量及其分布列,Markdown文件,.md,0,,,0,概率与统计教案资源,选择性必修三\第七章 随机变量及其分布\7.2 离散型随机变量及其分布列\7.2+离散型随机变量及其分布列（学案）-高二数学（A版2019必三）.md,https://math-1415627924.cos.ap-guangzhou.myqcloud.com/math-teaching-resources/03-%E6%A6%82%E7%8E%87%E4%B8%8E%E7%BB%9F%E8%AE%A1/01-%E6%95%99%E6%A1%88/%E9%80%89%E6%8B%A9%E6%80%A7%E5%BF%85%E4%BF%AE%E4%B8%89/%E7%AC%AC%E4%B8%83%E7%AB%A0%20%E9%9A%8F%E6%9C%BA%E5%8F%98%E9%87%8F%E5%8F%8A%E5%85%B6%E5%88%86%E5%B8%83/7.2%20%E7%A6%BB%E6%95%A3%E5%9E%8B%E9%9A%8F%E6%9C%BA%E5%8F%98%E9%87%8F%E5%8F%8A%E5%85%B6%E5%88%86%E5%B8%83%E5%88%97/7.2%2B%E7%A6%BB%E6%95%A3%E5%9E%8B%E9%9A%8F%E6%9C%BA%E5%8F%98%E9%87%8F%E5%8F%8A%E5%85%B6%E5%88%86%E5%B8%83%E5%88%97%EF%BC%88%E5%AD%A6%E6%A1%88%EF%BC%89-%E9%AB%98%E4%BA%8C%E6%95%B0%E5%AD%A6%EF%BC%88A%E7%89%882019%E5%BF%85%E4%B8%89%EF%BC%89.md
课时21861_7.2.3离散型随机变量方差-7.3.2离散型随机变量的方差【微信公众号：全都要半糖 免费分享】.docx,选择性必修三\第七章 随机变量及其分布\7.2 离散型随机变量及其分布列,原文件,.docx,0,,,0,概率与统计教案资源,选择性必修三\第七章 随机变量及其分布\7.2 离散型随机变量及其分布列\课时21861_7.2.3离散型随机变量方差-7.3.2离散型随机变量的方差【微信公众号：全都要半糖 免费分享】.docx,https://math-1415627924.cos.ap-guangzhou.myqcloud.com/math-teaching-resources/03-%E6%A6%82%E7%8E%87%E4%B8%8E%E7%BB%9F%E8%AE%A1/01-%E6%95%99%E6%A1%88/%E9%80%89%E6%8B%A9%E6%80%A7%E5%BF%85%E4%BF%AE%E4%B8%89/%E7%AC%AC%E4%B8%83%E7%AB%A0%20%E9%9A%8F%E6%9C%BA%E5%8F%98%E9%87%8F%E5%8F%8A%E5%85%B6%E5%88%86%E5%B8%83/7.2%20%E7%A6%BB%E6%95%A3%E5%9E%8B%E9%9A%8F%E6%9C%BA%E5%8F%98%E9%87%8F%E5%8F%8A%E5%85%B6%E5%88%86%E5%B8%83%E5%88%97/%E8%AF%BE%E6%97%B621861_7.2.3%E7%A6%BB%E6%95%A3%E5%9E%8B%E9%9A%8F%E6%9C%BA%E5%8F%98%E9%87%8F%E6%96%B9%E5%B7%AE-7.3.2%E7%A6%BB%E6%95%A3%E5%9E%8B%E9%9A%8F%E6%9C%BA%E5%8F%98%E9%87%8F%E7%9A%84%E6%96%B9%E5%B7%AE%E3%80%90%E5%BE%AE%E4%BF%A1%E5%85%AC%E4%BC%97%E5%8F%B7%EF%BC%9A%E5%85%A8%E9%83%BD%E8%A6%81%E5%8D%8A%E7%B3%96%20%E5%85%8D%E8%B4%B9%E5%88%86%E4%BA%AB%E3%80%91.docx
课时21861_7.2.3离散型随机变量方差-7.3.2离散型随机变量的方差【微信公众号：全都要半糖 免费分享】.md,选择性必修三\第七章 随机变量及其分布\7.2 离散型随机变量及其分布列,Markdown文件,.md,0,,,0,概率与统计教案资源,选择性必修三\第七章 随机变量及其分布\7.2 离散型随机变量及其分布列\课时21861_7.2.3离散型随机变量方差-7.3.2离散型随机变量的方差【微信公众号：全都要半糖 免费分享】.md,https://math-1415627924.cos.ap-guangzhou.myqcloud.com/math-teaching-resources/03-%E6%A6%82%E7%8E%87%E4%B8%8E%E7%BB%9F%E8%AE%A1/01-%E6%95%99%E6%A1%88/%E9%80%89%E6%8B%A9%E6%80%A7%E5%BF%85%E4%BF%AE%E4%B8%89/%E7%AC%AC%E4%B8%83%E7%AB%A0%20%E9%9A%8F%E6%9C%BA%E5%8F%98%E9%87%8F%E5%8F%8A%E5%85%B6%E5%88%86%E5%B8%83/7.2%20%E7%A6%BB%E6%95%A3%E5%9E%8B%E9%9A%8F%E6%9C%BA%E5%8F%98%E9%87%8F%E5%8F%8A%E5%85%B6%E5%88%86%E5%B8%83%E5%88%97/%E8%AF%BE%E6%97%B621861_7.2.3%E7%A6%BB%E6%95%A3%E5%9E%8B%E9%9A%8F%E6%9C%BA%E5%8F%98%E9%87%8F%E6%96%B9%E5%B7%AE-7.3.2%E7%A6%BB%E6%95%A3%E5%9E%8B%E9%9A%8F%E6%9C%BA%E5%8F%98%E9%87%8F%E7%9A%84%E6%96%B9%E5%B7%AE%E3%80%90%E5%BE%AE%E4%BF%A1%E5%85%AC%E4%BC%97%E5%8F%B7%EF%BC%9A%E5%85%A8%E9%83%BD%E8%A6%81%E5%8D%8A%E7%B3%96%20%E5%85%8D%E8%B4%B9%E5%88%86%E4%BA%AB%E3%80%91.md
7.3.1  离散型随机变量的均值教学设计.docx,选择性必修三\第七章 随机变量及其分布\7.3 离散型随机变量的数字特征,原文件,.docx,0,,,0,概率与统计教案资源,选择性必修三\第七章 随机变量及其分布\7.3 离散型随机变量的数字特征\7.3.1  离散型随机变量的均值教学设计.docx,https://math-1415627924.cos.ap-guangzhou.myqcloud.com/math-teaching-resources/03-%E6%A6%82%E7%8E%87%E4%B8%8E%E7%BB%9F%E8%AE%A1/01-%E6%95%99%E6%A1%88/%E9%80%89%E6%8B%A9%E6%80%A7%E5%BF%85%E4%BF%AE%E4%B8%89/%E7%AC%AC%E4%B8%83%E7%AB%A0%20%E9%9A%8F%E6%9C%BA%E5%8F%98%E9%87%8F%E5%8F%8A%E5%85%B6%E5%88%86%E5%B8%83/7.3%20%E7%A6%BB%E6%95%A3%E5%9E%8B%E9%9A%8F%E6%9C%BA%E5%8F%98%E9%87%8F%E7%9A%84%E6%95%B0%E5%AD%97%E7%89%B9%E5%BE%81/7.3.1%20%20%E7%A6%BB%E6%95%A3%E5%9E%8B%E9%9A%8F%E6%9C%BA%E5%8F%98%E9%87%8F%E7%9A%84%E5%9D%87%E5%80%BC%E6%95%99%E5%AD%A6%E8%AE%BE%E8%AE%A1.docx
7.3.1  离散型随机变量的均值教学设计.md,选择性必修三\第七章 随机变量及其分布\7.3 离散型随机变量的数字特征,Markdown文件,.md,0,,,0,概率与统计教案资源,选择性必修三\第七章 随机变量及其分布\7.3 离散型随机变量的数字特征\7.3.1  离散型随机变量的均值教学设计.md,https://math-1415627924.cos.ap-guangzhou.myqcloud.com/math-teaching-resources/03-%E6%A6%82%E7%8E%87%E4%B8%8E%E7%BB%9F%E8%AE%A1/01-%E6%95%99%E6%A1%88/%E9%80%89%E6%8B%A9%E6%80%A7%E5%BF%85%E4%BF%AE%E4%B8%89/%E7%AC%AC%E4%B8%83%E7%AB%A0%20%E9%9A%8F%E6%9C%BA%E5%8F%98%E9%87%8F%E5%8F%8A%E5%85%B6%E5%88%86%E5%B8%83/7.3%20%E7%A6%BB%E6%95%A3%E5%9E%8B%E9%9A%8F%E6%9C%BA%E5%8F%98%E9%87%8F%E7%9A%84%E6%95%B0%E5%AD%97%E7%89%B9%E5%BE%81/7.3.1%20%20%E7%A6%BB%E6%95%A3%E5%9E%8B%E9%9A%8F%E6%9C%BA%E5%8F%98%E9%87%8F%E7%9A%84%E5%9D%87%E5%80%BC%E6%95%99%E5%AD%A6%E8%AE%BE%E8%AE%A1.md
7.3.1+离散型随机变量的均值（学案）-高二数学（A版2019必三）.docx,选择性必修三\第七章 随机变量及其分布\7.3 离散型随机变量的数字特征,原文件,.docx,0,,,0,概率与统计教案资源,选择性必修三\第七章 随机变量及其分布\7.3 离散型随机变量的数字特征\7.3.1+离散型随机变量的均值（学案）-高二数学（A版2019必三）.docx,https://math-1415627924.cos.ap-guangzhou.myqcloud.com/math-teaching-resources/03-%E6%A6%82%E7%8E%87%E4%B8%8E%E7%BB%9F%E8%AE%A1/01-%E6%95%99%E6%A1%88/%E9%80%89%E6%8B%A9%E6%80%A7%E5%BF%85%E4%BF%AE%E4%B8%89/%E7%AC%AC%E4%B8%83%E7%AB%A0%20%E9%9A%8F%E6%9C%BA%E5%8F%98%E9%87%8F%E5%8F%8A%E5%85%B6%E5%88%86%E5%B8%83/7.3%20%E7%A6%BB%E6%95%A3%E5%9E%8B%E9%9A%8F%E6%9C%BA%E5%8F%98%E9%87%8F%E7%9A%84%E6%95%B0%E5%AD%97%E7%89%B9%E5%BE%81/7.3.1%2B%E7%A6%BB%E6%95%A3%E5%9E%8B%E9%9A%8F%E6%9C%BA%E5%8F%98%E9%87%8F%E7%9A%84%E5%9D%87%E5%80%BC%EF%BC%88%E5%AD%A6%E6%A1%88%EF%BC%89-%E9%AB%98%E4%BA%8C%E6%95%B0%E5%AD%A6%EF%BC%88A%E7%89%882019%E5%BF%85%E4%B8%89%EF%BC%89.docx
7.3.1+离散型随机变量的均值（学案）-高二数学（A版2019必三）.md,选择性必修三\第七章 随机变量及其分布\7.3 离散型随机变量的数字特征,Markdown文件,.md,0,,,0,概率与统计教案资源,选择性必修三\第七章 随机变量及其分布\7.3 离散型随机变量的数字特征\7.3.1+离散型随机变量的均值（学案）-高二数学（A版2019必三）.md,https://math-1415627924.cos.ap-guangzhou.myqcloud.com/math-teaching-resources/03-%E6%A6%82%E7%8E%87%E4%B8%8E%E7%BB%9F%E8%AE%A1/01-%E6%95%99%E6%A1%88/%E9%80%89%E6%8B%A9%E6%80%A7%E5%BF%85%E4%BF%AE%E4%B8%89/%E7%AC%AC%E4%B8%83%E7%AB%A0%20%E9%9A%8F%E6%9C%BA%E5%8F%98%E9%87%8F%E5%8F%8A%E5%85%B6%E5%88%86%E5%B8%83/7.3%20%E7%A6%BB%E6%95%A3%E5%9E%8B%E9%9A%8F%E6%9C%BA%E5%8F%98%E9%87%8F%E7%9A%84%E6%95%B0%E5%AD%97%E7%89%B9%E5%BE%81/7.3.1%2B%E7%A6%BB%E6%95%A3%E5%9E%8B%E9%9A%8F%E6%9C%BA%E5%8F%98%E9%87%8F%E7%9A%84%E5%9D%87%E5%80%BC%EF%BC%88%E5%AD%A6%E6%A1%88%EF%BC%89-%E9%AB%98%E4%BA%8C%E6%95%B0%E5%AD%A6%EF%BC%88A%E7%89%882019%E5%BF%85%E4%B8%89%EF%BC%89.md
7.3.1离散型随机变量的均值  导学案.docx,选择性必修三\第七章 随机变量及其分布\7.3 离散型随机变量的数字特征,原文件,.docx,0,,,0,概率与统计教案资源,选择性必修三\第七章 随机变量及其分布\7.3 离散型随机变量的数字特征\7.3.1离散型随机变量的均值  导学案.docx,https://math-1415627924.cos.ap-guangzhou.myqcloud.com/math-teaching-resources/03-%E6%A6%82%E7%8E%87%E4%B8%8E%E7%BB%9F%E8%AE%A1/01-%E6%95%99%E6%A1%88/%E9%80%89%E6%8B%A9%E6%80%A7%E5%BF%85%E4%BF%AE%E4%B8%89/%E7%AC%AC%E4%B8%83%E7%AB%A0%20%E9%9A%8F%E6%9C%BA%E5%8F%98%E9%87%8F%E5%8F%8A%E5%85%B6%E5%88%86%E5%B8%83/7.3%20%E7%A6%BB%E6%95%A3%E5%9E%8B%E9%9A%8F%E6%9C%BA%E5%8F%98%E9%87%8F%E7%9A%84%E6%95%B0%E5%AD%97%E7%89%B9%E5%BE%81/7.3.1%E7%A6%BB%E6%95%A3%E5%9E%8B%E9%9A%8F%E6%9C%BA%E5%8F%98%E9%87%8F%E7%9A%84%E5%9D%87%E5%80%BC%20%20%E5%AF%BC%E5%AD%A6%E6%A1%88.docx
7.3.1离散型随机变量的均值  导学案.md,选择性必修三\第七章 随机变量及其分布\7.3 离散型随机变量的数字特征,Markdown文件,.md,0,,,0,概率与统计教案资源,选择性必修三\第七章 随机变量及其分布\7.3 离散型随机变量的数字特征\7.3.1离散型随机变量的均值  导学案.md,https://math-1415627924.cos.ap-guangzhou.myqcloud.com/math-teaching-resources/03-%E6%A6%82%E7%8E%87%E4%B8%8E%E7%BB%9F%E8%AE%A1/01-%E6%95%99%E6%A1%88/%E9%80%89%E6%8B%A9%E6%80%A7%E5%BF%85%E4%BF%AE%E4%B8%89/%E7%AC%AC%E4%B8%83%E7%AB%A0%20%E9%9A%8F%E6%9C%BA%E5%8F%98%E9%87%8F%E5%8F%8A%E5%85%B6%E5%88%86%E5%B8%83/7.3%20%E7%A6%BB%E6%95%A3%E5%9E%8B%E9%9A%8F%E6%9C%BA%E5%8F%98%E9%87%8F%E7%9A%84%E6%95%B0%E5%AD%97%E7%89%B9%E5%BE%81/7.3.1%E7%A6%BB%E6%95%A3%E5%9E%8B%E9%9A%8F%E6%9C%BA%E5%8F%98%E9%87%8F%E7%9A%84%E5%9D%87%E5%80%BC%20%20%E5%AF%BC%E5%AD%A6%E6%A1%88.md
7.3.1离散型随机变量的均值 教学设计.docx,选择性必修三\第七章 随机变量及其分布\7.3 离散型随机变量的数字特征,原文件,.docx,0,,,0,概率与统计教案资源,选择性必修三\第七章 随机变量及其分布\7.3 离散型随机变量的数字特征\7.3.1离散型随机变量的均值 教学设计.docx,https://math-1415627924.cos.ap-guangzhou.myqcloud.com/math-teaching-resources/03-%E6%A6%82%E7%8E%87%E4%B8%8E%E7%BB%9F%E8%AE%A1/01-%E6%95%99%E6%A1%88/%E9%80%89%E6%8B%A9%E6%80%A7%E5%BF%85%E4%BF%AE%E4%B8%89/%E7%AC%AC%E4%B8%83%E7%AB%A0%20%E9%9A%8F%E6%9C%BA%E5%8F%98%E9%87%8F%E5%8F%8A%E5%85%B6%E5%88%86%E5%B8%83/7.3%20%E7%A6%BB%E6%95%A3%E5%9E%8B%E9%9A%8F%E6%9C%BA%E5%8F%98%E9%87%8F%E7%9A%84%E6%95%B0%E5%AD%97%E7%89%B9%E5%BE%81/7.3.1%E7%A6%BB%E6%95%A3%E5%9E%8B%E9%9A%8F%E6%9C%BA%E5%8F%98%E9%87%8F%E7%9A%84%E5%9D%87%E5%80%BC%20%E6%95%99%E5%AD%A6%E8%AE%BE%E8%AE%A1.docx
7.3.1离散型随机变量的均值 教学设计.md,选择性必修三\第七章 随机变量及其分布\7.3 离散型随机变量的数字特征,Markdown文件,.md,0,,,0,概率与统计教案资源,选择性必修三\第七章 随机变量及其分布\7.3 离散型随机变量的数字特征\7.3.1离散型随机变量的均值 教学设计.md,https://math-1415627924.cos.ap-guangzhou.myqcloud.com/math-teaching-resources/03-%E6%A6%82%E7%8E%87%E4%B8%8E%E7%BB%9F%E8%AE%A1/01-%E6%95%99%E6%A1%88/%E9%80%89%E6%8B%A9%E6%80%A7%E5%BF%85%E4%BF%AE%E4%B8%89/%E7%AC%AC%E4%B8%83%E7%AB%A0%20%E9%9A%8F%E6%9C%BA%E5%8F%98%E9%87%8F%E5%8F%8A%E5%85%B6%E5%88%86%E5%B8%83/7.3%20%E7%A6%BB%E6%95%A3%E5%9E%8B%E9%9A%8F%E6%9C%BA%E5%8F%98%E9%87%8F%E7%9A%84%E6%95%B0%E5%AD%97%E7%89%B9%E5%BE%81/7.3.1%E7%A6%BB%E6%95%A3%E5%9E%8B%E9%9A%8F%E6%9C%BA%E5%8F%98%E9%87%8F%E7%9A%84%E5%9D%87%E5%80%BC%20%E6%95%99%E5%AD%A6%E8%AE%BE%E8%AE%A1.md
7.3.2  离散型随机变量的方差教案.docx,选择性必修三\第七章 随机变量及其分布\7.3 离散型随机变量的数字特征,原文件,.docx,0,,,0,概率与统计教案资源,选择性必修三\第七章 随机变量及其分布\7.3 离散型随机变量的数字特征\7.3.2  离散型随机变量的方差教案.docx,https://math-1415627924.cos.ap-guangzhou.myqcloud.com/math-teaching-resources/03-%E6%A6%82%E7%8E%87%E4%B8%8E%E7%BB%9F%E8%AE%A1/01-%E6%95%99%E6%A1%88/%E9%80%89%E6%8B%A9%E6%80%A7%E5%BF%85%E4%BF%AE%E4%B8%89/%E7%AC%AC%E4%B8%83%E7%AB%A0%20%E9%9A%8F%E6%9C%BA%E5%8F%98%E9%87%8F%E5%8F%8A%E5%85%B6%E5%88%86%E5%B8%83/7.3%20%E7%A6%BB%E6%95%A3%E5%9E%8B%E9%9A%8F%E6%9C%BA%E5%8F%98%E9%87%8F%E7%9A%84%E6%95%B0%E5%AD%97%E7%89%B9%E5%BE%81/7.3.2%20%20%E7%A6%BB%E6%95%A3%E5%9E%8B%E9%9A%8F%E6%9C%BA%E5%8F%98%E9%87%8F%E7%9A%84%E6%96%B9%E5%B7%AE%E6%95%99%E6%A1%88.docx
7.3.2  离散型随机变量的方差教案.md,选择性必修三\第七章 随机变量及其分布\7.3 离散型随机变量的数字特征,Markdown文件,.md,0,,,0,概率与统计教案资源,选择性必修三\第七章 随机变量及其分布\7.3 离散型随机变量的数字特征\7.3.2  离散型随机变量的方差教案.md,https://math-1415627924.cos.ap-guangzhou.myqcloud.com/math-teaching-resources/03-%E6%A6%82%E7%8E%87%E4%B8%8E%E7%BB%9F%E8%AE%A1/01-%E6%95%99%E6%A1%88/%E9%80%89%E6%8B%A9%E6%80%A7%E5%BF%85%E4%BF%AE%E4%B8%89/%E7%AC%AC%E4%B8%83%E7%AB%A0%20%E9%9A%8F%E6%9C%BA%E5%8F%98%E9%87%8F%E5%8F%8A%E5%85%B6%E5%88%86%E5%B8%83/7.3%20%E7%A6%BB%E6%95%A3%E5%9E%8B%E9%9A%8F%E6%9C%BA%E5%8F%98%E9%87%8F%E7%9A%84%E6%95%B0%E5%AD%97%E7%89%B9%E5%BE%81/7.3.2%20%20%E7%A6%BB%E6%95%A3%E5%9E%8B%E9%9A%8F%E6%9C%BA%E5%8F%98%E9%87%8F%E7%9A%84%E6%96%B9%E5%B7%AE%E6%95%99%E6%A1%88.md
7.3.2+离散型随机变量的方差（学案）-高二数学（A版2019必三）.docx,选择性必修三\第七章 随机变量及其分布\7.3 离散型随机变量的数字特征,原文件,.docx,0,,,0,概率与统计教案资源,选择性必修三\第七章 随机变量及其分布\7.3 离散型随机变量的数字特征\7.3.2+离散型随机变量的方差（学案）-高二数学（A版2019必三）.docx,https://math-1415627924.cos.ap-guangzhou.myqcloud.com/math-teaching-resources/03-%E6%A6%82%E7%8E%87%E4%B8%8E%E7%BB%9F%E8%AE%A1/01-%E6%95%99%E6%A1%88/%E9%80%89%E6%8B%A9%E6%80%A7%E5%BF%85%E4%BF%AE%E4%B8%89/%E7%AC%AC%E4%B8%83%E7%AB%A0%20%E9%9A%8F%E6%9C%BA%E5%8F%98%E9%87%8F%E5%8F%8A%E5%85%B6%E5%88%86%E5%B8%83/7.3%20%E7%A6%BB%E6%95%A3%E5%9E%8B%E9%9A%8F%E6%9C%BA%E5%8F%98%E9%87%8F%E7%9A%84%E6%95%B0%E5%AD%97%E7%89%B9%E5%BE%81/7.3.2%2B%E7%A6%BB%E6%95%A3%E5%9E%8B%E9%9A%8F%E6%9C%BA%E5%8F%98%E9%87%8F%E7%9A%84%E6%96%B9%E5%B7%AE%EF%BC%88%E5%AD%A6%E6%A1%88%EF%BC%89-%E9%AB%98%E4%BA%8C%E6%95%B0%E5%AD%A6%EF%BC%88A%E7%89%882019%E5%BF%85%E4%B8%89%EF%BC%89.docx
7.3.2+离散型随机变量的方差（学案）-高二数学（A版2019必三）.md,选择性必修三\第七章 随机变量及其分布\7.3 离散型随机变量的数字特征,Markdown文件,.md,0,,,0,概率与统计教案资源,选择性必修三\第七章 随机变量及其分布\7.3 离散型随机变量的数字特征\7.3.2+离散型随机变量的方差（学案）-高二数学（A版2019必三）.md,https://math-1415627924.cos.ap-guangzhou.myqcloud.com/math-teaching-resources/03-%E6%A6%82%E7%8E%87%E4%B8%8E%E7%BB%9F%E8%AE%A1/01-%E6%95%99%E6%A1%88/%E9%80%89%E6%8B%A9%E6%80%A7%E5%BF%85%E4%BF%AE%E4%B8%89/%E7%AC%AC%E4%B8%83%E7%AB%A0%20%E9%9A%8F%E6%9C%BA%E5%8F%98%E9%87%8F%E5%8F%8A%E5%85%B6%E5%88%86%E5%B8%83/7.3%20%E7%A6%BB%E6%95%A3%E5%9E%8B%E9%9A%8F%E6%9C%BA%E5%8F%98%E9%87%8F%E7%9A%84%E6%95%B0%E5%AD%97%E7%89%B9%E5%BE%81/7.3.2%2B%E7%A6%BB%E6%95%A3%E5%9E%8B%E9%9A%8F%E6%9C%BA%E5%8F%98%E9%87%8F%E7%9A%84%E6%96%B9%E5%B7%AE%EF%BC%88%E5%AD%A6%E6%A1%88%EF%BC%89-%E9%AB%98%E4%BA%8C%E6%95%B0%E5%AD%A6%EF%BC%88A%E7%89%882019%E5%BF%85%E4%B8%89%EF%BC%89.md
7.3.2离散型随机变量的方差   导学案.docx,选择性必修三\第七章 随机变量及其分布\7.3 离散型随机变量的数字特征,原文件,.docx,0,,,0,概率与统计教案资源,选择性必修三\第七章 随机变量及其分布\7.3 离散型随机变量的数字特征\7.3.2离散型随机变量的方差   导学案.docx,https://math-1415627924.cos.ap-guangzhou.myqcloud.com/math-teaching-resources/03-%E6%A6%82%E7%8E%87%E4%B8%8E%E7%BB%9F%E8%AE%A1/01-%E6%95%99%E6%A1%88/%E9%80%89%E6%8B%A9%E6%80%A7%E5%BF%85%E4%BF%AE%E4%B8%89/%E7%AC%AC%E4%B8%83%E7%AB%A0%20%E9%9A%8F%E6%9C%BA%E5%8F%98%E9%87%8F%E5%8F%8A%E5%85%B6%E5%88%86%E5%B8%83/7.3%20%E7%A6%BB%E6%95%A3%E5%9E%8B%E9%9A%8F%E6%9C%BA%E5%8F%98%E9%87%8F%E7%9A%84%E6%95%B0%E5%AD%97%E7%89%B9%E5%BE%81/7.3.2%E7%A6%BB%E6%95%A3%E5%9E%8B%E9%9A%8F%E6%9C%BA%E5%8F%98%E9%87%8F%E7%9A%84%E6%96%B9%E5%B7%AE%20%20%20%E5%AF%BC%E5%AD%A6%E6%A1%88.docx
7.3.2离散型随机变量的方差   导学案.md,选择性必修三\第七章 随机变量及其分布\7.3 离散型随机变量的数字特征,Markdown文件,.md,0,,,0,概率与统计教案资源,选择性必修三\第七章 随机变量及其分布\7.3 离散型随机变量的数字特征\7.3.2离散型随机变量的方差   导学案.md,https://math-1415627924.cos.ap-guangzhou.myqcloud.com/math-teaching-resources/03-%E6%A6%82%E7%8E%87%E4%B8%8E%E7%BB%9F%E8%AE%A1/01-%E6%95%99%E6%A1%88/%E9%80%89%E6%8B%A9%E6%80%A7%E5%BF%85%E4%BF%AE%E4%B8%89/%E7%AC%AC%E4%B8%83%E7%AB%A0%20%E9%9A%8F%E6%9C%BA%E5%8F%98%E9%87%8F%E5%8F%8A%E5%85%B6%E5%88%86%E5%B8%83/7.3%20%E7%A6%BB%E6%95%A3%E5%9E%8B%E9%9A%8F%E6%9C%BA%E5%8F%98%E9%87%8F%E7%9A%84%E6%95%B0%E5%AD%97%E7%89%B9%E5%BE%81/7.3.2%E7%A6%BB%E6%95%A3%E5%9E%8B%E9%9A%8F%E6%9C%BA%E5%8F%98%E9%87%8F%E7%9A%84%E6%96%B9%E5%B7%AE%20%20%20%E5%AF%BC%E5%AD%A6%E6%A1%88.md
7.3.2离散型随机变量的方差   教学设计.docx,选择性必修三\第七章 随机变量及其分布\7.3 离散型随机变量的数字特征,原文件,.docx,0,,,0,概率与统计教案资源,选择性必修三\第七章 随机变量及其分布\7.3 离散型随机变量的数字特征\7.3.2离散型随机变量的方差   教学设计.docx,https://math-1415627924.cos.ap-guangzhou.myqcloud.com/math-teaching-resources/03-%E6%A6%82%E7%8E%87%E4%B8%8E%E7%BB%9F%E8%AE%A1/01-%E6%95%99%E6%A1%88/%E9%80%89%E6%8B%A9%E6%80%A7%E5%BF%85%E4%BF%AE%E4%B8%89/%E7%AC%AC%E4%B8%83%E7%AB%A0%20%E9%9A%8F%E6%9C%BA%E5%8F%98%E9%87%8F%E5%8F%8A%E5%85%B6%E5%88%86%E5%B8%83/7.3%20%E7%A6%BB%E6%95%A3%E5%9E%8B%E9%9A%8F%E6%9C%BA%E5%8F%98%E9%87%8F%E7%9A%84%E6%95%B0%E5%AD%97%E7%89%B9%E5%BE%81/7.3.2%E7%A6%BB%E6%95%A3%E5%9E%8B%E9%9A%8F%E6%9C%BA%E5%8F%98%E9%87%8F%E7%9A%84%E6%96%B9%E5%B7%AE%20%20%20%E6%95%99%E5%AD%A6%E8%AE%BE%E8%AE%A1.docx
7.3.2离散型随机变量的方差   教学设计.md,选择性必修三\第七章 随机变量及其分布\7.3 离散型随机变量的数字特征,Markdown文件,.md,0,,,0,概率与统计教案资源,选择性必修三\第七章 随机变量及其分布\7.3 离散型随机变量的数字特征\7.3.2离散型随机变量的方差   教学设计.md,https://math-1415627924.cos.ap-guangzhou.myqcloud.com/math-teaching-resources/03-%E6%A6%82%E7%8E%87%E4%B8%8E%E7%BB%9F%E8%AE%A1/01-%E6%95%99%E6%A1%88/%E9%80%89%E6%8B%A9%E6%80%A7%E5%BF%85%E4%BF%AE%E4%B8%89/%E7%AC%AC%E4%B8%83%E7%AB%A0%20%E9%9A%8F%E6%9C%BA%E5%8F%98%E9%87%8F%E5%8F%8A%E5%85%B6%E5%88%86%E5%B8%83/7.3%20%E7%A6%BB%E6%95%A3%E5%9E%8B%E9%9A%8F%E6%9C%BA%E5%8F%98%E9%87%8F%E7%9A%84%E6%95%B0%E5%AD%97%E7%89%B9%E5%BE%81/7.3.2%E7%A6%BB%E6%95%A3%E5%9E%8B%E9%9A%8F%E6%9C%BA%E5%8F%98%E9%87%8F%E7%9A%84%E6%96%B9%E5%B7%AE%20%20%20%E6%95%99%E5%AD%A6%E8%AE%BE%E8%AE%A1.md
7.4.1 二项分布     导学案.docx,选择性必修三\第七章 随机变量及其分布\7.4 二项分布与超几何分布,原文件,.docx,0,,,0,概率与统计教案资源,选择性必修三\第七章 随机变量及其分布\7.4 二项分布与超几何分布\7.4.1 二项分布     导学案.docx,https://math-1415627924.cos.ap-guangzhou.myqcloud.com/math-teaching-resources/03-%E6%A6%82%E7%8E%87%E4%B8%8E%E7%BB%9F%E8%AE%A1/01-%E6%95%99%E6%A1%88/%E9%80%89%E6%8B%A9%E6%80%A7%E5%BF%85%E4%BF%AE%E4%B8%89/%E7%AC%AC%E4%B8%83%E7%AB%A0%20%E9%9A%8F%E6%9C%BA%E5%8F%98%E9%87%8F%E5%8F%8A%E5%85%B6%E5%88%86%E5%B8%83/7.4%20%E4%BA%8C%E9%A1%B9%E5%88%86%E5%B8%83%E4%B8%8E%E8%B6%85%E5%87%A0%E4%BD%95%E5%88%86%E5%B8%83/7.4.1%20%E4%BA%8C%E9%A1%B9%E5%88%86%E5%B8%83%20%20%20%20%20%E5%AF%BC%E5%AD%A6%E6%A1%88.docx
7.4.1 二项分布     导学案.md,选择性必修三\第七章 随机变量及其分布\7.4 二项分布与超几何分布,Markdown文件,.md,0,,,0,概率与统计教案资源,选择性必修三\第七章 随机变量及其分布\7.4 二项分布与超几何分布\7.4.1 二项分布     导学案.md,https://math-1415627924.cos.ap-guangzhou.myqcloud.com/math-teaching-resources/03-%E6%A6%82%E7%8E%87%E4%B8%8E%E7%BB%9F%E8%AE%A1/01-%E6%95%99%E6%A1%88/%E9%80%89%E6%8B%A9%E6%80%A7%E5%BF%85%E4%BF%AE%E4%B8%89/%E7%AC%AC%E4%B8%83%E7%AB%A0%20%E9%9A%8F%E6%9C%BA%E5%8F%98%E9%87%8F%E5%8F%8A%E5%85%B6%E5%88%86%E5%B8%83/7.4%20%E4%BA%8C%E9%A1%B9%E5%88%86%E5%B8%83%E4%B8%8E%E8%B6%85%E5%87%A0%E4%BD%95%E5%88%86%E5%B8%83/7.4.1%20%E4%BA%8C%E9%A1%B9%E5%88%86%E5%B8%83%20%20%20%20%20%E5%AF%BC%E5%AD%A6%E6%A1%88.md
7.4.1 二项分布     教学设计.docx,选择性必修三\第七章 随机变量及其分布\7.4 二项分布与超几何分布,原文件,.docx,0,,,0,概率与统计教案资源,选择性必修三\第七章 随机变量及其分布\7.4 二项分布与超几何分布\7.4.1 二项分布     教学设计.docx,https://math-1415627924.cos.ap-guangzhou.myqcloud.com/math-teaching-resources/03-%E6%A6%82%E7%8E%87%E4%B8%8E%E7%BB%9F%E8%AE%A1/01-%E6%95%99%E6%A1%88/%E9%80%89%E6%8B%A9%E6%80%A7%E5%BF%85%E4%BF%AE%E4%B8%89/%E7%AC%AC%E4%B8%83%E7%AB%A0%20%E9%9A%8F%E6%9C%BA%E5%8F%98%E9%87%8F%E5%8F%8A%E5%85%B6%E5%88%86%E5%B8%83/7.4%20%E4%BA%8C%E9%A1%B9%E5%88%86%E5%B8%83%E4%B8%8E%E8%B6%85%E5%87%A0%E4%BD%95%E5%88%86%E5%B8%83/7.4.1%20%E4%BA%8C%E9%A1%B9%E5%88%86%E5%B8%83%20%20%20%20%20%E6%95%99%E5%AD%A6%E8%AE%BE%E8%AE%A1.docx
7.4.1 二项分布     教学设计.md,选择性必修三\第七章 随机变量及其分布\7.4 二项分布与超几何分布,Markdown文件,.md,0,,,0,概率与统计教案资源,选择性必修三\第七章 随机变量及其分布\7.4 二项分布与超几何分布\7.4.1 二项分布     教学设计.md,https://math-1415627924.cos.ap-guangzhou.myqcloud.com/math-teaching-resources/03-%E6%A6%82%E7%8E%87%E4%B8%8E%E7%BB%9F%E8%AE%A1/01-%E6%95%99%E6%A1%88/%E9%80%89%E6%8B%A9%E6%80%A7%E5%BF%85%E4%BF%AE%E4%B8%89/%E7%AC%AC%E4%B8%83%E7%AB%A0%20%E9%9A%8F%E6%9C%BA%E5%8F%98%E9%87%8F%E5%8F%8A%E5%85%B6%E5%88%86%E5%B8%83/7.4%20%E4%BA%8C%E9%A1%B9%E5%88%86%E5%B8%83%E4%B8%8E%E8%B6%85%E5%87%A0%E4%BD%95%E5%88%86%E5%B8%83/7.4.1%20%E4%BA%8C%E9%A1%B9%E5%88%86%E5%B8%83%20%20%20%20%20%E6%95%99%E5%AD%A6%E8%AE%BE%E8%AE%A1.md
7.4.1 二项分布.docx,选择性必修三\第七章 随机变量及其分布\7.4 二项分布与超几何分布,原文件,.docx,0,,,0,概率与统计教案资源,选择性必修三\第七章 随机变量及其分布\7.4 二项分布与超几何分布\7.4.1 二项分布.docx,https://math-1415627924.cos.ap-guangzhou.myqcloud.com/math-teaching-resources/03-%E6%A6%82%E7%8E%87%E4%B8%8E%E7%BB%9F%E8%AE%A1/01-%E6%95%99%E6%A1%88/%E9%80%89%E6%8B%A9%E6%80%A7%E5%BF%85%E4%BF%AE%E4%B8%89/%E7%AC%AC%E4%B8%83%E7%AB%A0%20%E9%9A%8F%E6%9C%BA%E5%8F%98%E9%87%8F%E5%8F%8A%E5%85%B6%E5%88%86%E5%B8%83/7.4%20%E4%BA%8C%E9%A1%B9%E5%88%86%E5%B8%83%E4%B8%8E%E8%B6%85%E5%87%A0%E4%BD%95%E5%88%86%E5%B8%83/7.4.1%20%E4%BA%8C%E9%A1%B9%E5%88%86%E5%B8%83.docx
7.4.1 二项分布.md,选择性必修三\第七章 随机变量及其分布\7.4 二项分布与超几何分布,Markdown文件,.md,0,,,0,概率与统计教案资源,选择性必修三\第七章 随机变量及其分布\7.4 二项分布与超几何分布\7.4.1 二项分布.md,https://math-1415627924.cos.ap-guangzhou.myqcloud.com/math-teaching-resources/03-%E6%A6%82%E7%8E%87%E4%B8%8E%E7%BB%9F%E8%AE%A1/01-%E6%95%99%E6%A1%88/%E9%80%89%E6%8B%A9%E6%80%A7%E5%BF%85%E4%BF%AE%E4%B8%89/%E7%AC%AC%E4%B8%83%E7%AB%A0%20%E9%9A%8F%E6%9C%BA%E5%8F%98%E9%87%8F%E5%8F%8A%E5%85%B6%E5%88%86%E5%B8%83/7.4%20%E4%BA%8C%E9%A1%B9%E5%88%86%E5%B8%83%E4%B8%8E%E8%B6%85%E5%87%A0%E4%BD%95%E5%88%86%E5%B8%83/7.4.1%20%E4%BA%8C%E9%A1%B9%E5%88%86%E5%B8%83.md
7.4.1+二项分布（学案）-高二数学（A版2019必三）.docx,选择性必修三\第七章 随机变量及其分布\7.4 二项分布与超几何分布,原文件,.docx,0,,,0,概率与统计教案资源,选择性必修三\第七章 随机变量及其分布\7.4 二项分布与超几何分布\7.4.1+二项分布（学案）-高二数学（A版2019必三）.docx,https://math-1415627924.cos.ap-guangzhou.myqcloud.com/math-teaching-resources/03-%E6%A6%82%E7%8E%87%E4%B8%8E%E7%BB%9F%E8%AE%A1/01-%E6%95%99%E6%A1%88/%E9%80%89%E6%8B%A9%E6%80%A7%E5%BF%85%E4%BF%AE%E4%B8%89/%E7%AC%AC%E4%B8%83%E7%AB%A0%20%E9%9A%8F%E6%9C%BA%E5%8F%98%E9%87%8F%E5%8F%8A%E5%85%B6%E5%88%86%E5%B8%83/7.4%20%E4%BA%8C%E9%A1%B9%E5%88%86%E5%B8%83%E4%B8%8E%E8%B6%85%E5%87%A0%E4%BD%95%E5%88%86%E5%B8%83/7.4.1%2B%E4%BA%8C%E9%A1%B9%E5%88%86%E5%B8%83%EF%BC%88%E5%AD%A6%E6%A1%88%EF%BC%89-%E9%AB%98%E4%BA%8C%E6%95%B0%E5%AD%A6%EF%BC%88A%E7%89%882019%E5%BF%85%E4%B8%89%EF%BC%89.docx
7.4.1+二项分布（学案）-高二数学（A版2019必三）.md,选择性必修三\第七章 随机变量及其分布\7.4 二项分布与超几何分布,Markdown文件,.md,0,,,0,概率与统计教案资源,选择性必修三\第七章 随机变量及其分布\7.4 二项分布与超几何分布\7.4.1+二项分布（学案）-高二数学（A版2019必三）.md,https://math-1415627924.cos.ap-guangzhou.myqcloud.com/math-teaching-resources/03-%E6%A6%82%E7%8E%87%E4%B8%8E%E7%BB%9F%E8%AE%A1/01-%E6%95%99%E6%A1%88/%E9%80%89%E6%8B%A9%E6%80%A7%E5%BF%85%E4%BF%AE%E4%B8%89/%E7%AC%AC%E4%B8%83%E7%AB%A0%20%E9%9A%8F%E6%9C%BA%E5%8F%98%E9%87%8F%E5%8F%8A%E5%85%B6%E5%88%86%E5%B8%83/7.4%20%E4%BA%8C%E9%A1%B9%E5%88%86%E5%B8%83%E4%B8%8E%E8%B6%85%E5%87%A0%E4%BD%95%E5%88%86%E5%B8%83/7.4.1%2B%E4%BA%8C%E9%A1%B9%E5%88%86%E5%B8%83%EF%BC%88%E5%AD%A6%E6%A1%88%EF%BC%89-%E9%AB%98%E4%BA%8C%E6%95%B0%E5%AD%A6%EF%BC%88A%E7%89%882019%E5%BF%85%E4%B8%89%EF%BC%89.md
7.4.2 超几何分布教案.docx,选择性必修三\第七章 随机变量及其分布\7.4 二项分布与超几何分布,原文件,.docx,0,,,0,概率与统计教案资源,选择性必修三\第七章 随机变量及其分布\7.4 二项分布与超几何分布\7.4.2 超几何分布教案.docx,https://math-1415627924.cos.ap-guangzhou.myqcloud.com/math-teaching-resources/03-%E6%A6%82%E7%8E%87%E4%B8%8E%E7%BB%9F%E8%AE%A1/01-%E6%95%99%E6%A1%88/%E9%80%89%E6%8B%A9%E6%80%A7%E5%BF%85%E4%BF%AE%E4%B8%89/%E7%AC%AC%E4%B8%83%E7%AB%A0%20%E9%9A%8F%E6%9C%BA%E5%8F%98%E9%87%8F%E5%8F%8A%E5%85%B6%E5%88%86%E5%B8%83/7.4%20%E4%BA%8C%E9%A1%B9%E5%88%86%E5%B8%83%E4%B8%8E%E8%B6%85%E5%87%A0%E4%BD%95%E5%88%86%E5%B8%83/7.4.2%20%E8%B6%85%E5%87%A0%E4%BD%95%E5%88%86%E5%B8%83%E6%95%99%E6%A1%88.docx
7.4.2 超几何分布教案.md,选择性必修三\第七章 随机变量及其分布\7.4 二项分布与超几何分布,Markdown文件,.md,0,,,0,概率与统计教案资源,选择性必修三\第七章 随机变量及其分布\7.4 二项分布与超几何分布\7.4.2 超几何分布教案.md,https://math-1415627924.cos.ap-guangzhou.myqcloud.com/math-teaching-resources/03-%E6%A6%82%E7%8E%87%E4%B8%8E%E7%BB%9F%E8%AE%A1/01-%E6%95%99%E6%A1%88/%E9%80%89%E6%8B%A9%E6%80%A7%E5%BF%85%E4%BF%AE%E4%B8%89/%E7%AC%AC%E4%B8%83%E7%AB%A0%20%E9%9A%8F%E6%9C%BA%E5%8F%98%E9%87%8F%E5%8F%8A%E5%85%B6%E5%88%86%E5%B8%83/7.4%20%E4%BA%8C%E9%A1%B9%E5%88%86%E5%B8%83%E4%B8%8E%E8%B6%85%E5%87%A0%E4%BD%95%E5%88%86%E5%B8%83/7.4.2%20%E8%B6%85%E5%87%A0%E4%BD%95%E5%88%86%E5%B8%83%E6%95%99%E6%A1%88.md
7.4.2+超几何分布（学案）-高二数学（A版2019必三）.docx,选择性必修三\第七章 随机变量及其分布\7.4 二项分布与超几何分布,原文件,.docx,0,,,0,概率与统计教案资源,选择性必修三\第七章 随机变量及其分布\7.4 二项分布与超几何分布\7.4.2+超几何分布（学案）-高二数学（A版2019必三）.docx,https://math-1415627924.cos.ap-guangzhou.myqcloud.com/math-teaching-resources/03-%E6%A6%82%E7%8E%87%E4%B8%8E%E7%BB%9F%E8%AE%A1/01-%E6%95%99%E6%A1%88/%E9%80%89%E6%8B%A9%E6%80%A7%E5%BF%85%E4%BF%AE%E4%B8%89/%E7%AC%AC%E4%B8%83%E7%AB%A0%20%E9%9A%8F%E6%9C%BA%E5%8F%98%E9%87%8F%E5%8F%8A%E5%85%B6%E5%88%86%E5%B8%83/7.4%20%E4%BA%8C%E9%A1%B9%E5%88%86%E5%B8%83%E4%B8%8E%E8%B6%85%E5%87%A0%E4%BD%95%E5%88%86%E5%B8%83/7.4.2%2B%E8%B6%85%E5%87%A0%E4%BD%95%E5%88%86%E5%B8%83%EF%BC%88%E5%AD%A6%E6%A1%88%EF%BC%89-%E9%AB%98%E4%BA%8C%E6%95%B0%E5%AD%A6%EF%BC%88A%E7%89%882019%E5%BF%85%E4%B8%89%EF%BC%89.docx
7.4.2+超几何分布（学案）-高二数学（A版2019必三）.md,选择性必修三\第七章 随机变量及其分布\7.4 二项分布与超几何分布,Markdown文件,.md,0,,,0,概率与统计教案资源,选择性必修三\第七章 随机变量及其分布\7.4 二项分布与超几何分布\7.4.2+超几何分布（学案）-高二数学（A版2019必三）.md,https://math-1415627924.cos.ap-guangzhou.myqcloud.com/math-teaching-resources/03-%E6%A6%82%E7%8E%87%E4%B8%8E%E7%BB%9F%E8%AE%A1/01-%E6%95%99%E6%A1%88/%E9%80%89%E6%8B%A9%E6%80%A7%E5%BF%85%E4%BF%AE%E4%B8%89/%E7%AC%AC%E4%B8%83%E7%AB%A0%20%E9%9A%8F%E6%9C%BA%E5%8F%98%E9%87%8F%E5%8F%8A%E5%85%B6%E5%88%86%E5%B8%83/7.4%20%E4%BA%8C%E9%A1%B9%E5%88%86%E5%B8%83%E4%B8%8E%E8%B6%85%E5%87%A0%E4%BD%95%E5%88%86%E5%B8%83/7.4.2%2B%E8%B6%85%E5%87%A0%E4%BD%95%E5%88%86%E5%B8%83%EF%BC%88%E5%AD%A6%E6%A1%88%EF%BC%89-%E9%AB%98%E4%BA%8C%E6%95%B0%E5%AD%A6%EF%BC%88A%E7%89%882019%E5%BF%85%E4%B8%89%EF%BC%89.md
7.4.2超几何分布     导学案.docx,选择性必修三\第七章 随机变量及其分布\7.4 二项分布与超几何分布,原文件,.docx,0,,,0,概率与统计教案资源,选择性必修三\第七章 随机变量及其分布\7.4 二项分布与超几何分布\7.4.2超几何分布     导学案.docx,https://math-1415627924.cos.ap-guangzhou.myqcloud.com/math-teaching-resources/03-%E6%A6%82%E7%8E%87%E4%B8%8E%E7%BB%9F%E8%AE%A1/01-%E6%95%99%E6%A1%88/%E9%80%89%E6%8B%A9%E6%80%A7%E5%BF%85%E4%BF%AE%E4%B8%89/%E7%AC%AC%E4%B8%83%E7%AB%A0%20%E9%9A%8F%E6%9C%BA%E5%8F%98%E9%87%8F%E5%8F%8A%E5%85%B6%E5%88%86%E5%B8%83/7.4%20%E4%BA%8C%E9%A1%B9%E5%88%86%E5%B8%83%E4%B8%8E%E8%B6%85%E5%87%A0%E4%BD%95%E5%88%86%E5%B8%83/7.4.2%E8%B6%85%E5%87%A0%E4%BD%95%E5%88%86%E5%B8%83%20%20%20%20%20%E5%AF%BC%E5%AD%A6%E6%A1%88.docx
7.4.2超几何分布     导学案.md,选择性必修三\第七章 随机变量及其分布\7.4 二项分布与超几何分布,Markdown文件,.md,0,,,0,概率与统计教案资源,选择性必修三\第七章 随机变量及其分布\7.4 二项分布与超几何分布\7.4.2超几何分布     导学案.md,https://math-1415627924.cos.ap-guangzhou.myqcloud.com/math-teaching-resources/03-%E6%A6%82%E7%8E%87%E4%B8%8E%E7%BB%9F%E8%AE%A1/01-%E6%95%99%E6%A1%88/%E9%80%89%E6%8B%A9%E6%80%A7%E5%BF%85%E4%BF%AE%E4%B8%89/%E7%AC%AC%E4%B8%83%E7%AB%A0%20%E9%9A%8F%E6%9C%BA%E5%8F%98%E9%87%8F%E5%8F%8A%E5%85%B6%E5%88%86%E5%B8%83/7.4%20%E4%BA%8C%E9%A1%B9%E5%88%86%E5%B8%83%E4%B8%8E%E8%B6%85%E5%87%A0%E4%BD%95%E5%88%86%E5%B8%83/7.4.2%E8%B6%85%E5%87%A0%E4%BD%95%E5%88%86%E5%B8%83%20%20%20%20%20%E5%AF%BC%E5%AD%A6%E6%A1%88.md
7.4.2超几何分布    教学设计.docx,选择性必修三\第七章 随机变量及其分布\7.4 二项分布与超几何分布,原文件,.docx,0,,,0,概率与统计教案资源,选择性必修三\第七章 随机变量及其分布\7.4 二项分布与超几何分布\7.4.2超几何分布    教学设计.docx,https://math-1415627924.cos.ap-guangzhou.myqcloud.com/math-teaching-resources/03-%E6%A6%82%E7%8E%87%E4%B8%8E%E7%BB%9F%E8%AE%A1/01-%E6%95%99%E6%A1%88/%E9%80%89%E6%8B%A9%E6%80%A7%E5%BF%85%E4%BF%AE%E4%B8%89/%E7%AC%AC%E4%B8%83%E7%AB%A0%20%E9%9A%8F%E6%9C%BA%E5%8F%98%E9%87%8F%E5%8F%8A%E5%85%B6%E5%88%86%E5%B8%83/7.4%20%E4%BA%8C%E9%A1%B9%E5%88%86%E5%B8%83%E4%B8%8E%E8%B6%85%E5%87%A0%E4%BD%95%E5%88%86%E5%B8%83/7.4.2%E8%B6%85%E5%87%A0%E4%BD%95%E5%88%86%E5%B8%83%20%20%20%20%E6%95%99%E5%AD%A6%E8%AE%BE%E8%AE%A1.docx
7.4.2超几何分布    教学设计.md,选择性必修三\第七章 随机变量及其分布\7.4 二项分布与超几何分布,Markdown文件,.md,0,,,0,概率与统计教案资源,选择性必修三\第七章 随机变量及其分布\7.4 二项分布与超几何分布\7.4.2超几何分布    教学设计.md,https://math-1415627924.cos.ap-guangzhou.myqcloud.com/math-teaching-resources/03-%E6%A6%82%E7%8E%87%E4%B8%8E%E7%BB%9F%E8%AE%A1/01-%E6%95%99%E6%A1%88/%E9%80%89%E6%8B%A9%E6%80%A7%E5%BF%85%E4%BF%AE%E4%B8%89/%E7%AC%AC%E4%B8%83%E7%AB%A0%20%E9%9A%8F%E6%9C%BA%E5%8F%98%E9%87%8F%E5%8F%8A%E5%85%B6%E5%88%86%E5%B8%83/7.4%20%E4%BA%8C%E9%A1%B9%E5%88%86%E5%B8%83%E4%B8%8E%E8%B6%85%E5%87%A0%E4%BD%95%E5%88%86%E5%B8%83/7.4.2%E8%B6%85%E5%87%A0%E4%BD%95%E5%88%86%E5%B8%83%20%20%20%20%E6%95%99%E5%AD%A6%E8%AE%BE%E8%AE%A1.md
课时21863_7.4.1二项分布-7.4.1二项分布【微信公众号：全都要半糖 免费分享】.docx,选择性必修三\第七章 随机变量及其分布\7.4 二项分布与超几何分布,原文件,.docx,0,,,0,概率与统计教案资源,选择性必修三\第七章 随机变量及其分布\7.4 二项分布与超几何分布\课时21863_7.4.1二项分布-7.4.1二项分布【微信公众号：全都要半糖 免费分享】.docx,https://math-1415627924.cos.ap-guangzhou.myqcloud.com/math-teaching-resources/03-%E6%A6%82%E7%8E%87%E4%B8%8E%E7%BB%9F%E8%AE%A1/01-%E6%95%99%E6%A1%88/%E9%80%89%E6%8B%A9%E6%80%A7%E5%BF%85%E4%BF%AE%E4%B8%89/%E7%AC%AC%E4%B8%83%E7%AB%A0%20%E9%9A%8F%E6%9C%BA%E5%8F%98%E9%87%8F%E5%8F%8A%E5%85%B6%E5%88%86%E5%B8%83/7.4%20%E4%BA%8C%E9%A1%B9%E5%88%86%E5%B8%83%E4%B8%8E%E8%B6%85%E5%87%A0%E4%BD%95%E5%88%86%E5%B8%83/%E8%AF%BE%E6%97%B621863_7.4.1%E4%BA%8C%E9%A1%B9%E5%88%86%E5%B8%83-7.4.1%E4%BA%8C%E9%A1%B9%E5%88%86%E5%B8%83%E3%80%90%E5%BE%AE%E4%BF%A1%E5%85%AC%E4%BC%97%E5%8F%B7%EF%BC%9A%E5%85%A8%E9%83%BD%E8%A6%81%E5%8D%8A%E7%B3%96%20%E5%85%8D%E8%B4%B9%E5%88%86%E4%BA%AB%E3%80%91.docx
课时21863_7.4.1二项分布-7.4.1二项分布【微信公众号：全都要半糖 免费分享】.md,选择性必修三\第七章 随机变量及其分布\7.4 二项分布与超几何分布,Markdown文件,.md,0,,,0,概率与统计教案资源,选择性必修三\第七章 随机变量及其分布\7.4 二项分布与超几何分布\课时21863_7.4.1二项分布-7.4.1二项分布【微信公众号：全都要半糖 免费分享】.md,https://math-1415627924.cos.ap-guangzhou.myqcloud.com/math-teaching-resources/03-%E6%A6%82%E7%8E%87%E4%B8%8E%E7%BB%9F%E8%AE%A1/01-%E6%95%99%E6%A1%88/%E9%80%89%E6%8B%A9%E6%80%A7%E5%BF%85%E4%BF%AE%E4%B8%89/%E7%AC%AC%E4%B8%83%E7%AB%A0%20%E9%9A%8F%E6%9C%BA%E5%8F%98%E9%87%8F%E5%8F%8A%E5%85%B6%E5%88%86%E5%B8%83/7.4%20%E4%BA%8C%E9%A1%B9%E5%88%86%E5%B8%83%E4%B8%8E%E8%B6%85%E5%87%A0%E4%BD%95%E5%88%86%E5%B8%83/%E8%AF%BE%E6%97%B621863_7.4.1%E4%BA%8C%E9%A1%B9%E5%88%86%E5%B8%83-7.4.1%E4%BA%8C%E9%A1%B9%E5%88%86%E5%B8%83%E3%80%90%E5%BE%AE%E4%BF%A1%E5%85%AC%E4%BC%97%E5%8F%B7%EF%BC%9A%E5%85%A8%E9%83%BD%E8%A6%81%E5%8D%8A%E7%B3%96%20%E5%85%8D%E8%B4%B9%E5%88%86%E4%BA%AB%E3%80%91.md
课时21864_7.4.2超几何分布-7.4.2超几何分布【微信公众号：全都要半糖 免费分享】.docx,选择性必修三\第七章 随机变量及其分布\7.4 二项分布与超几何分布,原文件,.docx,0,,,0,概率与统计教案资源,选择性必修三\第七章 随机变量及其分布\7.4 二项分布与超几何分布\课时21864_7.4.2超几何分布-7.4.2超几何分布【微信公众号：全都要半糖 免费分享】.docx,https://math-1415627924.cos.ap-guangzhou.myqcloud.com/math-teaching-resources/03-%E6%A6%82%E7%8E%87%E4%B8%8E%E7%BB%9F%E8%AE%A1/01-%E6%95%99%E6%A1%88/%E9%80%89%E6%8B%A9%E6%80%A7%E5%BF%85%E4%BF%AE%E4%B8%89/%E7%AC%AC%E4%B8%83%E7%AB%A0%20%E9%9A%8F%E6%9C%BA%E5%8F%98%E9%87%8F%E5%8F%8A%E5%85%B6%E5%88%86%E5%B8%83/7.4%20%E4%BA%8C%E9%A1%B9%E5%88%86%E5%B8%83%E4%B8%8E%E8%B6%85%E5%87%A0%E4%BD%95%E5%88%86%E5%B8%83/%E8%AF%BE%E6%97%B621864_7.4.2%E8%B6%85%E5%87%A0%E4%BD%95%E5%88%86%E5%B8%83-7.4.2%E8%B6%85%E5%87%A0%E4%BD%95%E5%88%86%E5%B8%83%E3%80%90%E5%BE%AE%E4%BF%A1%E5%85%AC%E4%BC%97%E5%8F%B7%EF%BC%9A%E5%85%A8%E9%83%BD%E8%A6%81%E5%8D%8A%E7%B3%96%20%E5%85%8D%E8%B4%B9%E5%88%86%E4%BA%AB%E3%80%91.docx
课时21864_7.4.2超几何分布-7.4.2超几何分布【微信公众号：全都要半糖 免费分享】.md,选择性必修三\第七章 随机变量及其分布\7.4 二项分布与超几何分布,Markdown文件,.md,0,,,0,概率与统计教案资源,选择性必修三\第七章 随机变量及其分布\7.4 二项分布与超几何分布\课时21864_7.4.2超几何分布-7.4.2超几何分布【微信公众号：全都要半糖 免费分享】.md,https://math-1415627924.cos.ap-guangzhou.myqcloud.com/math-teaching-resources/03-%E6%A6%82%E7%8E%87%E4%B8%8E%E7%BB%9F%E8%AE%A1/01-%E6%95%99%E6%A1%88/%E9%80%89%E6%8B%A9%E6%80%A7%E5%BF%85%E4%BF%AE%E4%B8%89/%E7%AC%AC%E4%B8%83%E7%AB%A0%20%E9%9A%8F%E6%9C%BA%E5%8F%98%E9%87%8F%E5%8F%8A%E5%85%B6%E5%88%86%E5%B8%83/7.4%20%E4%BA%8C%E9%A1%B9%E5%88%86%E5%B8%83%E4%B8%8E%E8%B6%85%E5%87%A0%E4%BD%95%E5%88%86%E5%B8%83/%E8%AF%BE%E6%97%B621864_7.4.2%E8%B6%85%E5%87%A0%E4%BD%95%E5%88%86%E5%B8%83-7.4.2%E8%B6%85%E5%87%A0%E4%BD%95%E5%88%86%E5%B8%83%E3%80%90%E5%BE%AE%E4%BF%A1%E5%85%AC%E4%BC%97%E5%8F%B7%EF%BC%9A%E5%85%A8%E9%83%BD%E8%A6%81%E5%8D%8A%E7%B3%96%20%E5%85%8D%E8%B4%B9%E5%88%86%E4%BA%AB%E3%80%91.md
课时21864_7.4.2超几何分布教学设计-7.4.2超几何分布【微信公众号：全都要半糖 免费分享】.docx,选择性必修三\第七章 随机变量及其分布\7.4 二项分布与超几何分布,原文件,.docx,0,,,0,概率与统计教案资源,选择性必修三\第七章 随机变量及其分布\7.4 二项分布与超几何分布\课时21864_7.4.2超几何分布教学设计-7.4.2超几何分布【微信公众号：全都要半糖 免费分享】.docx,https://math-1415627924.cos.ap-guangzhou.myqcloud.com/math-teaching-resources/03-%E6%A6%82%E7%8E%87%E4%B8%8E%E7%BB%9F%E8%AE%A1/01-%E6%95%99%E6%A1%88/%E9%80%89%E6%8B%A9%E6%80%A7%E5%BF%85%E4%BF%AE%E4%B8%89/%E7%AC%AC%E4%B8%83%E7%AB%A0%20%E9%9A%8F%E6%9C%BA%E5%8F%98%E9%87%8F%E5%8F%8A%E5%85%B6%E5%88%86%E5%B8%83/7.4%20%E4%BA%8C%E9%A1%B9%E5%88%86%E5%B8%83%E4%B8%8E%E8%B6%85%E5%87%A0%E4%BD%95%E5%88%86%E5%B8%83/%E8%AF%BE%E6%97%B621864_7.4.2%E8%B6%85%E5%87%A0%E4%BD%95%E5%88%86%E5%B8%83%E6%95%99%E5%AD%A6%E8%AE%BE%E8%AE%A1-7.4.2%E8%B6%85%E5%87%A0%E4%BD%95%E5%88%86%E5%B8%83%E3%80%90%E5%BE%AE%E4%BF%A1%E5%85%AC%E4%BC%97%E5%8F%B7%EF%BC%9A%E5%85%A8%E9%83%BD%E8%A6%81%E5%8D%8A%E7%B3%96%20%E5%85%8D%E8%B4%B9%E5%88%86%E4%BA%AB%E3%80%91.docx
课时21864_7.4.2超几何分布教学设计-7.4.2超几何分布【微信公众号：全都要半糖 免费分享】.md,选择性必修三\第七章 随机变量及其分布\7.4 二项分布与超几何分布,Markdown文件,.md,0,,,0,概率与统计教案资源,选择性必修三\第七章 随机变量及其分布\7.4 二项分布与超几何分布\课时21864_7.4.2超几何分布教学设计-7.4.2超几何分布【微信公众号：全都要半糖 免费分享】.md,https://math-1415627924.cos.ap-guangzhou.myqcloud.com/math-teaching-resources/03-%E6%A6%82%E7%8E%87%E4%B8%8E%E7%BB%9F%E8%AE%A1/01-%E6%95%99%E6%A1%88/%E9%80%89%E6%8B%A9%E6%80%A7%E5%BF%85%E4%BF%AE%E4%B8%89/%E7%AC%AC%E4%B8%83%E7%AB%A0%20%E9%9A%8F%E6%9C%BA%E5%8F%98%E9%87%8F%E5%8F%8A%E5%85%B6%E5%88%86%E5%B8%83/7.4%20%E4%BA%8C%E9%A1%B9%E5%88%86%E5%B8%83%E4%B8%8E%E8%B6%85%E5%87%A0%E4%BD%95%E5%88%86%E5%B8%83/%E8%AF%BE%E6%97%B621864_7.4.2%E8%B6%85%E5%87%A0%E4%BD%95%E5%88%86%E5%B8%83%E6%95%99%E5%AD%A6%E8%AE%BE%E8%AE%A1-7.4.2%E8%B6%85%E5%87%A0%E4%BD%95%E5%88%86%E5%B8%83%E3%80%90%E5%BE%AE%E4%BF%A1%E5%85%AC%E4%BC%97%E5%8F%B7%EF%BC%9A%E5%85%A8%E9%83%BD%E8%A6%81%E5%8D%8A%E7%B3%96%20%E5%85%8D%E8%B4%B9%E5%88%86%E4%BA%AB%E3%80%91.md
7.5  正态分布教案.docx,选择性必修三\第七章 随机变量及其分布\7.5 正态分布,原文件,.docx,0,,,0,概率与统计教案资源,选择性必修三\第七章 随机变量及其分布\7.5 正态分布\7.5  正态分布教案.docx,https://math-1415627924.cos.ap-guangzhou.myqcloud.com/math-teaching-resources/03-%E6%A6%82%E7%8E%87%E4%B8%8E%E7%BB%9F%E8%AE%A1/01-%E6%95%99%E6%A1%88/%E9%80%89%E6%8B%A9%E6%80%A7%E5%BF%85%E4%BF%AE%E4%B8%89/%E7%AC%AC%E4%B8%83%E7%AB%A0%20%E9%9A%8F%E6%9C%BA%E5%8F%98%E9%87%8F%E5%8F%8A%E5%85%B6%E5%88%86%E5%B8%83/7.5%20%E6%AD%A3%E6%80%81%E5%88%86%E5%B8%83/7.5%20%20%E6%AD%A3%E6%80%81%E5%88%86%E5%B8%83%E6%95%99%E6%A1%88.docx
7.5  正态分布教案.md,选择性必修三\第七章 随机变量及其分布\7.5 正态分布,Markdown文件,.md,0,,,0,概率与统计教案资源,选择性必修三\第七章 随机变量及其分布\7.5 正态分布\7.5  正态分布教案.md,https://math-1415627924.cos.ap-guangzhou.myqcloud.com/math-teaching-resources/03-%E6%A6%82%E7%8E%87%E4%B8%8E%E7%BB%9F%E8%AE%A1/01-%E6%95%99%E6%A1%88/%E9%80%89%E6%8B%A9%E6%80%A7%E5%BF%85%E4%BF%AE%E4%B8%89/%E7%AC%AC%E4%B8%83%E7%AB%A0%20%E9%9A%8F%E6%9C%BA%E5%8F%98%E9%87%8F%E5%8F%8A%E5%85%B6%E5%88%86%E5%B8%83/7.5%20%E6%AD%A3%E6%80%81%E5%88%86%E5%B8%83/7.5%20%20%E6%AD%A3%E6%80%81%E5%88%86%E5%B8%83%E6%95%99%E6%A1%88.md
7.5 正态分布      导学案.docx,选择性必修三\第七章 随机变量及其分布\7.5 正态分布,原文件,.docx,0,,,0,概率与统计教案资源,选择性必修三\第七章 随机变量及其分布\7.5 正态分布\7.5 正态分布      导学案.docx,https://math-1415627924.cos.ap-guangzhou.myqcloud.com/math-teaching-resources/03-%E6%A6%82%E7%8E%87%E4%B8%8E%E7%BB%9F%E8%AE%A1/01-%E6%95%99%E6%A1%88/%E9%80%89%E6%8B%A9%E6%80%A7%E5%BF%85%E4%BF%AE%E4%B8%89/%E7%AC%AC%E4%B8%83%E7%AB%A0%20%E9%9A%8F%E6%9C%BA%E5%8F%98%E9%87%8F%E5%8F%8A%E5%85%B6%E5%88%86%E5%B8%83/7.5%20%E6%AD%A3%E6%80%81%E5%88%86%E5%B8%83/7.5%20%E6%AD%A3%E6%80%81%E5%88%86%E5%B8%83%20%20%20%20%20%20%E5%AF%BC%E5%AD%A6%E6%A1%88.docx
7.5 正态分布      导学案.md,选择性必修三\第七章 随机变量及其分布\7.5 正态分布,Markdown文件,.md,0,,,0,概率与统计教案资源,选择性必修三\第七章 随机变量及其分布\7.5 正态分布\7.5 正态分布      导学案.md,https://math-1415627924.cos.ap-guangzhou.myqcloud.com/math-teaching-resources/03-%E6%A6%82%E7%8E%87%E4%B8%8E%E7%BB%9F%E8%AE%A1/01-%E6%95%99%E6%A1%88/%E9%80%89%E6%8B%A9%E6%80%A7%E5%BF%85%E4%BF%AE%E4%B8%89/%E7%AC%AC%E4%B8%83%E7%AB%A0%20%E9%9A%8F%E6%9C%BA%E5%8F%98%E9%87%8F%E5%8F%8A%E5%85%B6%E5%88%86%E5%B8%83/7.5%20%E6%AD%A3%E6%80%81%E5%88%86%E5%B8%83/7.5%20%E6%AD%A3%E6%80%81%E5%88%86%E5%B8%83%20%20%20%20%20%20%E5%AF%BC%E5%AD%A6%E6%A1%88.md
7.5 正态分布     教学设计.docx,选择性必修三\第七章 随机变量及其分布\7.5 正态分布,原文件,.docx,0,,,0,概率与统计教案资源,选择性必修三\第七章 随机变量及其分布\7.5 正态分布\7.5 正态分布     教学设计.docx,https://math-1415627924.cos.ap-guangzhou.myqcloud.com/math-teaching-resources/03-%E6%A6%82%E7%8E%87%E4%B8%8E%E7%BB%9F%E8%AE%A1/01-%E6%95%99%E6%A1%88/%E9%80%89%E6%8B%A9%E6%80%A7%E5%BF%85%E4%BF%AE%E4%B8%89/%E7%AC%AC%E4%B8%83%E7%AB%A0%20%E9%9A%8F%E6%9C%BA%E5%8F%98%E9%87%8F%E5%8F%8A%E5%85%B6%E5%88%86%E5%B8%83/7.5%20%E6%AD%A3%E6%80%81%E5%88%86%E5%B8%83/7.5%20%E6%AD%A3%E6%80%81%E5%88%86%E5%B8%83%20%20%20%20%20%E6%95%99%E5%AD%A6%E8%AE%BE%E8%AE%A1.docx
7.5 正态分布     教学设计.md,选择性必修三\第七章 随机变量及其分布\7.5 正态分布,Markdown文件,.md,0,,,0,概率与统计教案资源,选择性必修三\第七章 随机变量及其分布\7.5 正态分布\7.5 正态分布     教学设计.md,https://math-1415627924.cos.ap-guangzhou.myqcloud.com/math-teaching-resources/03-%E6%A6%82%E7%8E%87%E4%B8%8E%E7%BB%9F%E8%AE%A1/01-%E6%95%99%E6%A1%88/%E9%80%89%E6%8B%A9%E6%80%A7%E5%BF%85%E4%BF%AE%E4%B8%89/%E7%AC%AC%E4%B8%83%E7%AB%A0%20%E9%9A%8F%E6%9C%BA%E5%8F%98%E9%87%8F%E5%8F%8A%E5%85%B6%E5%88%86%E5%B8%83/7.5%20%E6%AD%A3%E6%80%81%E5%88%86%E5%B8%83/7.5%20%E6%AD%A3%E6%80%81%E5%88%86%E5%B8%83%20%20%20%20%20%E6%95%99%E5%AD%A6%E8%AE%BE%E8%AE%A1.md
7.5+正态分布（学案）-高二数学（A版2019必三）.docx,选择性必修三\第七章 随机变量及其分布\7.5 正态分布,原文件,.docx,0,,,0,概率与统计教案资源,选择性必修三\第七章 随机变量及其分布\7.5 正态分布\7.5+正态分布（学案）-高二数学（A版2019必三）.docx,https://math-1415627924.cos.ap-guangzhou.myqcloud.com/math-teaching-resources/03-%E6%A6%82%E7%8E%87%E4%B8%8E%E7%BB%9F%E8%AE%A1/01-%E6%95%99%E6%A1%88/%E9%80%89%E6%8B%A9%E6%80%A7%E5%BF%85%E4%BF%AE%E4%B8%89/%E7%AC%AC%E4%B8%83%E7%AB%A0%20%E9%9A%8F%E6%9C%BA%E5%8F%98%E9%87%8F%E5%8F%8A%E5%85%B6%E5%88%86%E5%B8%83/7.5%20%E6%AD%A3%E6%80%81%E5%88%86%E5%B8%83/7.5%2B%E6%AD%A3%E6%80%81%E5%88%86%E5%B8%83%EF%BC%88%E5%AD%A6%E6%A1%88%EF%BC%89-%E9%AB%98%E4%BA%8C%E6%95%B0%E5%AD%A6%EF%BC%88A%E7%89%882019%E5%BF%85%E4%B8%89%EF%BC%89.docx
7.5+正态分布（学案）-高二数学（A版2019必三）.md,选择性必修三\第七章 随机变量及其分布\7.5 正态分布,Markdown文件,.md,0,,,0,概率与统计教案资源,选择性必修三\第七章 随机变量及其分布\7.5 正态分布\7.5+正态分布（学案）-高二数学（A版2019必三）.md,https://math-1415627924.cos.ap-guangzhou.myqcloud.com/math-teaching-resources/03-%E6%A6%82%E7%8E%87%E4%B8%8E%E7%BB%9F%E8%AE%A1/01-%E6%95%99%E6%A1%88/%E9%80%89%E6%8B%A9%E6%80%A7%E5%BF%85%E4%BF%AE%E4%B8%89/%E7%AC%AC%E4%B8%83%E7%AB%A0%20%E9%9A%8F%E6%9C%BA%E5%8F%98%E9%87%8F%E5%8F%8A%E5%85%B6%E5%88%86%E5%B8%83/7.5%20%E6%AD%A3%E6%80%81%E5%88%86%E5%B8%83/7.5%2B%E6%AD%A3%E6%80%81%E5%88%86%E5%B8%83%EF%BC%88%E5%AD%A6%E6%A1%88%EF%BC%89-%E9%AB%98%E4%BA%8C%E6%95%B0%E5%AD%A6%EF%BC%88A%E7%89%882019%E5%BF%85%E4%B8%89%EF%BC%89.md
【精品教案】2022年高中人教B版（2019）数学选择性必修第二册+4.2.5+正态分布++教案.docx,选择性必修三\第七章 随机变量及其分布\7.5 正态分布,原文件,.docx,0,,,0,概率与统计教案资源,选择性必修三\第七章 随机变量及其分布\7.5 正态分布\【精品教案】2022年高中人教B版（2019）数学选择性必修第二册+4.2.5+正态分布++教案.docx,https://math-1415627924.cos.ap-guangzhou.myqcloud.com/math-teaching-resources/03-%E6%A6%82%E7%8E%87%E4%B8%8E%E7%BB%9F%E8%AE%A1/01-%E6%95%99%E6%A1%88/%E9%80%89%E6%8B%A9%E6%80%A7%E5%BF%85%E4%BF%AE%E4%B8%89/%E7%AC%AC%E4%B8%83%E7%AB%A0%20%E9%9A%8F%E6%9C%BA%E5%8F%98%E9%87%8F%E5%8F%8A%E5%85%B6%E5%88%86%E5%B8%83/7.5%20%E6%AD%A3%E6%80%81%E5%88%86%E5%B8%83/%E3%80%90%E7%B2%BE%E5%93%81%E6%95%99%E6%A1%88%E3%80%912022%E5%B9%B4%E9%AB%98%E4%B8%AD%E4%BA%BA%E6%95%99B%E7%89%88%EF%BC%882019%EF%BC%89%E6%95%B0%E5%AD%A6%E9%80%89%E6%8B%A9%E6%80%A7%E5%BF%85%E4%BF%AE%E7%AC%AC%E4%BA%8C%E5%86%8C%2B4.2.5%2B%E6%AD%A3%E6%80%81%E5%88%86%E5%B8%83%2B%2B%E6%95%99%E6%A1%88.docx
【精品教案】2022年高中人教B版（2019）数学选择性必修第二册+4.2.5+正态分布++教案.md,选择性必修三\第七章 随机变量及其分布\7.5 正态分布,Markdown文件,.md,0,,,0,概率与统计教案资源,选择性必修三\第七章 随机变量及其分布\7.5 正态分布\【精品教案】2022年高中人教B版（2019）数学选择性必修第二册+4.2.5+正态分布++教案.md,https://math-1415627924.cos.ap-guangzhou.myqcloud.com/math-teaching-resources/03-%E6%A6%82%E7%8E%87%E4%B8%8E%E7%BB%9F%E8%AE%A1/01-%E6%95%99%E6%A1%88/%E9%80%89%E6%8B%A9%E6%80%A7%E5%BF%85%E4%BF%AE%E4%B8%89/%E7%AC%AC%E4%B8%83%E7%AB%A0%20%E9%9A%8F%E6%9C%BA%E5%8F%98%E9%87%8F%E5%8F%8A%E5%85%B6%E5%88%86%E5%B8%83/7.5%20%E6%AD%A3%E6%80%81%E5%88%86%E5%B8%83/%E3%80%90%E7%B2%BE%E5%93%81%E6%95%99%E6%A1%88%E3%80%912022%E5%B9%B4%E9%AB%98%E4%B8%AD%E4%BA%BA%E6%95%99B%E7%89%88%EF%BC%882019%EF%BC%89%E6%95%B0%E5%AD%A6%E9%80%89%E6%8B%A9%E6%80%A7%E5%BF%85%E4%BF%AE%E7%AC%AC%E4%BA%8C%E5%86%8C%2B4.2.5%2B%E6%AD%A3%E6%80%81%E5%88%86%E5%B8%83%2B%2B%E6%95%99%E6%A1%88.md
正态分布教学设计.docx,选择性必修三\第七章 随机变量及其分布\7.5 正态分布,原文件,.docx,0,,,0,概率与统计教案资源,选择性必修三\第七章 随机变量及其分布\7.5 正态分布\正态分布教学设计.docx,https://math-1415627924.cos.ap-guangzhou.myqcloud.com/math-teaching-resources/03-%E6%A6%82%E7%8E%87%E4%B8%8E%E7%BB%9F%E8%AE%A1/01-%E6%95%99%E6%A1%88/%E9%80%89%E6%8B%A9%E6%80%A7%E5%BF%85%E4%BF%AE%E4%B8%89/%E7%AC%AC%E4%B8%83%E7%AB%A0%20%E9%9A%8F%E6%9C%BA%E5%8F%98%E9%87%8F%E5%8F%8A%E5%85%B6%E5%88%86%E5%B8%83/7.5%20%E6%AD%A3%E6%80%81%E5%88%86%E5%B8%83/%E6%AD%A3%E6%80%81%E5%88%86%E5%B8%83%E6%95%99%E5%AD%A6%E8%AE%BE%E8%AE%A1.docx
正态分布教学设计.md,选择性必修三\第七章 随机变量及其分布\7.5 正态分布,Markdown文件,.md,0,,,0,概率与统计教案资源,选择性必修三\第七章 随机变量及其分布\7.5 正态分布\正态分布教学设计.md,https://math-1415627924.cos.ap-guangzhou.myqcloud.com/math-teaching-resources/03-%E6%A6%82%E7%8E%87%E4%B8%8E%E7%BB%9F%E8%AE%A1/01-%E6%95%99%E6%A1%88/%E9%80%89%E6%8B%A9%E6%80%A7%E5%BF%85%E4%BF%AE%E4%B8%89/%E7%AC%AC%E4%B8%83%E7%AB%A0%20%E9%9A%8F%E6%9C%BA%E5%8F%98%E9%87%8F%E5%8F%8A%E5%85%B6%E5%88%86%E5%B8%83/7.5%20%E6%AD%A3%E6%80%81%E5%88%86%E5%B8%83/%E6%AD%A3%E6%80%81%E5%88%86%E5%B8%83%E6%95%99%E5%AD%A6%E8%AE%BE%E8%AE%A1.md
正态分布教学设计.pdf,选择性必修三\第七章 随机变量及其分布\7.5 正态分布,原文件,.pdf,0,,,0,概率与统计教案资源,选择性必修三\第七章 随机变量及其分布\7.5 正态分布\正态分布教学设计.pdf,https://math-1415627924.cos.ap-guangzhou.myqcloud.com/math-teaching-resources/03-%E6%A6%82%E7%8E%87%E4%B8%8E%E7%BB%9F%E8%AE%A1/01-%E6%95%99%E6%A1%88/%E9%80%89%E6%8B%A9%E6%80%A7%E5%BF%85%E4%BF%AE%E4%B8%89/%E7%AC%AC%E4%B8%83%E7%AB%A0%20%E9%9A%8F%E6%9C%BA%E5%8F%98%E9%87%8F%E5%8F%8A%E5%85%B6%E5%88%86%E5%B8%83/7.5%20%E6%AD%A3%E6%80%81%E5%88%86%E5%B8%83/%E6%AD%A3%E6%80%81%E5%88%86%E5%B8%83%E6%95%99%E5%AD%A6%E8%AE%BE%E8%AE%A1.pdf
课时21866_7.5正态分布-7.5 正态分布【微信公众号：全都要半糖 免费分享】.docx,选择性必修三\第七章 随机变量及其分布\7.5 正态分布,原文件,.docx,0,,,0,概率与统计教案资源,选择性必修三\第七章 随机变量及其分布\7.5 正态分布\课时21866_7.5正态分布-7.5 正态分布【微信公众号：全都要半糖 免费分享】.docx,https://math-1415627924.cos.ap-guangzhou.myqcloud.com/math-teaching-resources/03-%E6%A6%82%E7%8E%87%E4%B8%8E%E7%BB%9F%E8%AE%A1/01-%E6%95%99%E6%A1%88/%E9%80%89%E6%8B%A9%E6%80%A7%E5%BF%85%E4%BF%AE%E4%B8%89/%E7%AC%AC%E4%B8%83%E7%AB%A0%20%E9%9A%8F%E6%9C%BA%E5%8F%98%E9%87%8F%E5%8F%8A%E5%85%B6%E5%88%86%E5%B8%83/7.5%20%E6%AD%A3%E6%80%81%E5%88%86%E5%B8%83/%E8%AF%BE%E6%97%B621866_7.5%E6%AD%A3%E6%80%81%E5%88%86%E5%B8%83-7.5%20%E6%AD%A3%E6%80%81%E5%88%86%E5%B8%83%E3%80%90%E5%BE%AE%E4%BF%A1%E5%85%AC%E4%BC%97%E5%8F%B7%EF%BC%9A%E5%85%A8%E9%83%BD%E8%A6%81%E5%8D%8A%E7%B3%96%20%E5%85%8D%E8%B4%B9%E5%88%86%E4%BA%AB%E3%80%91.docx
课时21866_7.5正态分布-7.5 正态分布【微信公众号：全都要半糖 免费分享】.md,选择性必修三\第七章 随机变量及其分布\7.5 正态分布,Markdown文件,.md,0,,,0,概率与统计教案资源,选择性必修三\第七章 随机变量及其分布\7.5 正态分布\课时21866_7.5正态分布-7.5 正态分布【微信公众号：全都要半糖 免费分享】.md,https://math-1415627924.cos.ap-guangzhou.myqcloud.com/math-teaching-resources/03-%E6%A6%82%E7%8E%87%E4%B8%8E%E7%BB%9F%E8%AE%A1/01-%E6%95%99%E6%A1%88/%E9%80%89%E6%8B%A9%E6%80%A7%E5%BF%85%E4%BF%AE%E4%B8%89/%E7%AC%AC%E4%B8%83%E7%AB%A0%20%E9%9A%8F%E6%9C%BA%E5%8F%98%E9%87%8F%E5%8F%8A%E5%85%B6%E5%88%86%E5%B8%83/7.5%20%E6%AD%A3%E6%80%81%E5%88%86%E5%B8%83/%E8%AF%BE%E6%97%B621866_7.5%E6%AD%A3%E6%80%81%E5%88%86%E5%B8%83-7.5%20%E6%AD%A3%E6%80%81%E5%88%86%E5%B8%83%E3%80%90%E5%BE%AE%E4%BF%A1%E5%85%AC%E4%BC%97%E5%8F%B7%EF%BC%9A%E5%85%A8%E9%83%BD%E8%A6%81%E5%8D%8A%E7%B3%96%20%E5%85%8D%E8%B4%B9%E5%88%86%E4%BA%AB%E3%80%91.md
8-1成对数据的相关性教案.md,选择性必修三\第八章 成对数据的统计分析\8.1 成对数据的统计相关性,Markdown文件,.md,0,,,0,概率与统计教案资源,选择性必修三\第八章 成对数据的统计分析\8.1 成对数据的统计相关性\8-1成对数据的相关性教案.md,https://math-1415627924.cos.ap-guangzhou.myqcloud.com/math-teaching-resources/03-%E6%A6%82%E7%8E%87%E4%B8%8E%E7%BB%9F%E8%AE%A1/01-%E6%95%99%E6%A1%88/%E9%80%89%E6%8B%A9%E6%80%A7%E5%BF%85%E4%BF%AE%E4%B8%89/%E7%AC%AC%E5%85%AB%E7%AB%A0%20%E6%88%90%E5%AF%B9%E6%95%B0%E6%8D%AE%E7%9A%84%E7%BB%9F%E8%AE%A1%E5%88%86%E6%9E%90/8.1%20%E6%88%90%E5%AF%B9%E6%95%B0%E6%8D%AE%E7%9A%84%E7%BB%9F%E8%AE%A1%E7%9B%B8%E5%85%B3%E6%80%A7/8-1%E6%88%90%E5%AF%B9%E6%95%B0%E6%8D%AE%E7%9A%84%E7%9B%B8%E5%85%B3%E6%80%A7%E6%95%99%E6%A1%88.md
8-1成对数据的相关性教案.pdf,选择性必修三\第八章 成对数据的统计分析\8.1 成对数据的统计相关性,原文件,.pdf,0,,,0,概率与统计教案资源,选择性必修三\第八章 成对数据的统计分析\8.1 成对数据的统计相关性\8-1成对数据的相关性教案.pdf,https://math-1415627924.cos.ap-guangzhou.myqcloud.com/math-teaching-resources/03-%E6%A6%82%E7%8E%87%E4%B8%8E%E7%BB%9F%E8%AE%A1/01-%E6%95%99%E6%A1%88/%E9%80%89%E6%8B%A9%E6%80%A7%E5%BF%85%E4%BF%AE%E4%B8%89/%E7%AC%AC%E5%85%AB%E7%AB%A0%20%E6%88%90%E5%AF%B9%E6%95%B0%E6%8D%AE%E7%9A%84%E7%BB%9F%E8%AE%A1%E5%88%86%E6%9E%90/8.1%20%E6%88%90%E5%AF%B9%E6%95%B0%E6%8D%AE%E7%9A%84%E7%BB%9F%E8%AE%A1%E7%9B%B8%E5%85%B3%E6%80%A7/8-1%E6%88%90%E5%AF%B9%E6%95%B0%E6%8D%AE%E7%9A%84%E7%9B%B8%E5%85%B3%E6%80%A7%E6%95%99%E6%A1%88.pdf
8.1 成对数据的相关关系     教学设计.docx,选择性必修三\第八章 成对数据的统计分析\8.1 成对数据的统计相关性,原文件,.docx,0,,,0,概率与统计教案资源,选择性必修三\第八章 成对数据的统计分析\8.1 成对数据的统计相关性\8.1 成对数据的相关关系     教学设计.docx,https://math-1415627924.cos.ap-guangzhou.myqcloud.com/math-teaching-resources/03-%E6%A6%82%E7%8E%87%E4%B8%8E%E7%BB%9F%E8%AE%A1/01-%E6%95%99%E6%A1%88/%E9%80%89%E6%8B%A9%E6%80%A7%E5%BF%85%E4%BF%AE%E4%B8%89/%E7%AC%AC%E5%85%AB%E7%AB%A0%20%E6%88%90%E5%AF%B9%E6%95%B0%E6%8D%AE%E7%9A%84%E7%BB%9F%E8%AE%A1%E5%88%86%E6%9E%90/8.1%20%E6%88%90%E5%AF%B9%E6%95%B0%E6%8D%AE%E7%9A%84%E7%BB%9F%E8%AE%A1%E7%9B%B8%E5%85%B3%E6%80%A7/8.1%20%E6%88%90%E5%AF%B9%E6%95%B0%E6%8D%AE%E7%9A%84%E7%9B%B8%E5%85%B3%E5%85%B3%E7%B3%BB%20%20%20%20%20%E6%95%99%E5%AD%A6%E8%AE%BE%E8%AE%A1.docx
8.1 成对数据的相关关系     教学设计.md,选择性必修三\第八章 成对数据的统计分析\8.1 成对数据的统计相关性,Markdown文件,.md,0,,,0,概率与统计教案资源,选择性必修三\第八章 成对数据的统计分析\8.1 成对数据的统计相关性\8.1 成对数据的相关关系     教学设计.md,https://math-1415627924.cos.ap-guangzhou.myqcloud.com/math-teaching-resources/03-%E6%A6%82%E7%8E%87%E4%B8%8E%E7%BB%9F%E8%AE%A1/01-%E6%95%99%E6%A1%88/%E9%80%89%E6%8B%A9%E6%80%A7%E5%BF%85%E4%BF%AE%E4%B8%89/%E7%AC%AC%E5%85%AB%E7%AB%A0%20%E6%88%90%E5%AF%B9%E6%95%B0%E6%8D%AE%E7%9A%84%E7%BB%9F%E8%AE%A1%E5%88%86%E6%9E%90/8.1%20%E6%88%90%E5%AF%B9%E6%95%B0%E6%8D%AE%E7%9A%84%E7%BB%9F%E8%AE%A1%E7%9B%B8%E5%85%B3%E6%80%A7/8.1%20%E6%88%90%E5%AF%B9%E6%95%B0%E6%8D%AE%E7%9A%84%E7%9B%B8%E5%85%B3%E5%85%B3%E7%B3%BB%20%20%20%20%20%E6%95%99%E5%AD%A6%E8%AE%BE%E8%AE%A1.md
8.1 成对数据的相关关系    导学案.docx,选择性必修三\第八章 成对数据的统计分析\8.1 成对数据的统计相关性,原文件,.docx,0,,,0,概率与统计教案资源,选择性必修三\第八章 成对数据的统计分析\8.1 成对数据的统计相关性\8.1 成对数据的相关关系    导学案.docx,https://math-1415627924.cos.ap-guangzhou.myqcloud.com/math-teaching-resources/03-%E6%A6%82%E7%8E%87%E4%B8%8E%E7%BB%9F%E8%AE%A1/01-%E6%95%99%E6%A1%88/%E9%80%89%E6%8B%A9%E6%80%A7%E5%BF%85%E4%BF%AE%E4%B8%89/%E7%AC%AC%E5%85%AB%E7%AB%A0%20%E6%88%90%E5%AF%B9%E6%95%B0%E6%8D%AE%E7%9A%84%E7%BB%9F%E8%AE%A1%E5%88%86%E6%9E%90/8.1%20%E6%88%90%E5%AF%B9%E6%95%B0%E6%8D%AE%E7%9A%84%E7%BB%9F%E8%AE%A1%E7%9B%B8%E5%85%B3%E6%80%A7/8.1%20%E6%88%90%E5%AF%B9%E6%95%B0%E6%8D%AE%E7%9A%84%E7%9B%B8%E5%85%B3%E5%85%B3%E7%B3%BB%20%20%20%20%E5%AF%BC%E5%AD%A6%E6%A1%88.docx
8.1 成对数据的相关关系    导学案.md,选择性必修三\第八章 成对数据的统计分析\8.1 成对数据的统计相关性,Markdown文件,.md,0,,,0,概率与统计教案资源,选择性必修三\第八章 成对数据的统计分析\8.1 成对数据的统计相关性\8.1 成对数据的相关关系    导学案.md,https://math-1415627924.cos.ap-guangzhou.myqcloud.com/math-teaching-resources/03-%E6%A6%82%E7%8E%87%E4%B8%8E%E7%BB%9F%E8%AE%A1/01-%E6%95%99%E6%A1%88/%E9%80%89%E6%8B%A9%E6%80%A7%E5%BF%85%E4%BF%AE%E4%B8%89/%E7%AC%AC%E5%85%AB%E7%AB%A0%20%E6%88%90%E5%AF%B9%E6%95%B0%E6%8D%AE%E7%9A%84%E7%BB%9F%E8%AE%A1%E5%88%86%E6%9E%90/8.1%20%E6%88%90%E5%AF%B9%E6%95%B0%E6%8D%AE%E7%9A%84%E7%BB%9F%E8%AE%A1%E7%9B%B8%E5%85%B3%E6%80%A7/8.1%20%E6%88%90%E5%AF%B9%E6%95%B0%E6%8D%AE%E7%9A%84%E7%9B%B8%E5%85%B3%E5%85%B3%E7%B3%BB%20%20%20%20%E5%AF%BC%E5%AD%A6%E6%A1%88.md
8.1成对数据的相关性.docx,选择性必修三\第八章 成对数据的统计分析\8.1 成对数据的统计相关性,原文件,.docx,0,,,0,概率与统计教案资源,选择性必修三\第八章 成对数据的统计分析\8.1 成对数据的统计相关性\8.1成对数据的相关性.docx,https://math-1415627924.cos.ap-guangzhou.myqcloud.com/math-teaching-resources/03-%E6%A6%82%E7%8E%87%E4%B8%8E%E7%BB%9F%E8%AE%A1/01-%E6%95%99%E6%A1%88/%E9%80%89%E6%8B%A9%E6%80%A7%E5%BF%85%E4%BF%AE%E4%B8%89/%E7%AC%AC%E5%85%AB%E7%AB%A0%20%E6%88%90%E5%AF%B9%E6%95%B0%E6%8D%AE%E7%9A%84%E7%BB%9F%E8%AE%A1%E5%88%86%E6%9E%90/8.1%20%E6%88%90%E5%AF%B9%E6%95%B0%E6%8D%AE%E7%9A%84%E7%BB%9F%E8%AE%A1%E7%9B%B8%E5%85%B3%E6%80%A7/8.1%E6%88%90%E5%AF%B9%E6%95%B0%E6%8D%AE%E7%9A%84%E7%9B%B8%E5%85%B3%E6%80%A7.docx
8.1成对数据的相关性.md,选择性必修三\第八章 成对数据的统计分析\8.1 成对数据的统计相关性,Markdown文件,.md,0,,,0,概率与统计教案资源,选择性必修三\第八章 成对数据的统计分析\8.1 成对数据的统计相关性\8.1成对数据的相关性.md,https://math-1415627924.cos.ap-guangzhou.myqcloud.com/math-teaching-resources/03-%E6%A6%82%E7%8E%87%E4%B8%8E%E7%BB%9F%E8%AE%A1/01-%E6%95%99%E6%A1%88/%E9%80%89%E6%8B%A9%E6%80%A7%E5%BF%85%E4%BF%AE%E4%B8%89/%E7%AC%AC%E5%85%AB%E7%AB%A0%20%E6%88%90%E5%AF%B9%E6%95%B0%E6%8D%AE%E7%9A%84%E7%BB%9F%E8%AE%A1%E5%88%86%E6%9E%90/8.1%20%E6%88%90%E5%AF%B9%E6%95%B0%E6%8D%AE%E7%9A%84%E7%BB%9F%E8%AE%A1%E7%9B%B8%E5%85%B3%E6%80%A7/8.1%E6%88%90%E5%AF%B9%E6%95%B0%E6%8D%AE%E7%9A%84%E7%9B%B8%E5%85%B3%E6%80%A7.md
81成对数据的统计相关性（单元教学设计）-【大单元教学】高二数学（人教A版2019选择性）.docx,选择性必修三\第八章 成对数据的统计分析\8.1 成对数据的统计相关性,原文件,.docx,0,,,0,概率与统计教案资源,选择性必修三\第八章 成对数据的统计分析\8.1 成对数据的统计相关性\81成对数据的统计相关性（单元教学设计）-【大单元教学】高二数学（人教A版2019选择性）.docx,https://math-1415627924.cos.ap-guangzhou.myqcloud.com/math-teaching-resources/03-%E6%A6%82%E7%8E%87%E4%B8%8E%E7%BB%9F%E8%AE%A1/01-%E6%95%99%E6%A1%88/%E9%80%89%E6%8B%A9%E6%80%A7%E5%BF%85%E4%BF%AE%E4%B8%89/%E7%AC%AC%E5%85%AB%E7%AB%A0%20%E6%88%90%E5%AF%B9%E6%95%B0%E6%8D%AE%E7%9A%84%E7%BB%9F%E8%AE%A1%E5%88%86%E6%9E%90/8.1%20%E6%88%90%E5%AF%B9%E6%95%B0%E6%8D%AE%E7%9A%84%E7%BB%9F%E8%AE%A1%E7%9B%B8%E5%85%B3%E6%80%A7/81%E6%88%90%E5%AF%B9%E6%95%B0%E6%8D%AE%E7%9A%84%E7%BB%9F%E8%AE%A1%E7%9B%B8%E5%85%B3%E6%80%A7%EF%BC%88%E5%8D%95%E5%85%83%E6%95%99%E5%AD%A6%E8%AE%BE%E8%AE%A1%EF%BC%89-%E3%80%90%E5%A4%A7%E5%8D%95%E5%85%83%E6%95%99%E5%AD%A6%E3%80%91%E9%AB%98%E4%BA%8C%E6%95%B0%E5%AD%A6%EF%BC%88%E4%BA%BA%E6%95%99A%E7%89%882019%E9%80%89%E6%8B%A9%E6%80%A7%EF%BC%89.docx
81成对数据的统计相关性（单元教学设计）-【大单元教学】高二数学（人教A版2019选择性）.md,选择性必修三\第八章 成对数据的统计分析\8.1 成对数据的统计相关性,Markdown文件,.md,0,,,0,概率与统计教案资源,选择性必修三\第八章 成对数据的统计分析\8.1 成对数据的统计相关性\81成对数据的统计相关性（单元教学设计）-【大单元教学】高二数学（人教A版2019选择性）.md,https://math-1415627924.cos.ap-guangzhou.myqcloud.com/math-teaching-resources/03-%E6%A6%82%E7%8E%87%E4%B8%8E%E7%BB%9F%E8%AE%A1/01-%E6%95%99%E6%A1%88/%E9%80%89%E6%8B%A9%E6%80%A7%E5%BF%85%E4%BF%AE%E4%B8%89/%E7%AC%AC%E5%85%AB%E7%AB%A0%20%E6%88%90%E5%AF%B9%E6%95%B0%E6%8D%AE%E7%9A%84%E7%BB%9F%E8%AE%A1%E5%88%86%E6%9E%90/8.1%20%E6%88%90%E5%AF%B9%E6%95%B0%E6%8D%AE%E7%9A%84%E7%BB%9F%E8%AE%A1%E7%9B%B8%E5%85%B3%E6%80%A7/81%E6%88%90%E5%AF%B9%E6%95%B0%E6%8D%AE%E7%9A%84%E7%BB%9F%E8%AE%A1%E7%9B%B8%E5%85%B3%E6%80%A7%EF%BC%88%E5%8D%95%E5%85%83%E6%95%99%E5%AD%A6%E8%AE%BE%E8%AE%A1%EF%BC%89-%E3%80%90%E5%A4%A7%E5%8D%95%E5%85%83%E6%95%99%E5%AD%A6%E3%80%91%E9%AB%98%E4%BA%8C%E6%95%B0%E5%AD%A6%EF%BC%88%E4%BA%BA%E6%95%99A%E7%89%882019%E9%80%89%E6%8B%A9%E6%80%A7%EF%BC%89.md
8.2 一元线性回归模型及其应用        教学设计.docx,选择性必修三\第八章 成对数据的统计分析\8.2 一元线性回归模型及其应用,原文件,.docx,0,,,0,概率与统计教案资源,选择性必修三\第八章 成对数据的统计分析\8.2 一元线性回归模型及其应用\8.2 一元线性回归模型及其应用        教学设计.docx,https://math-1415627924.cos.ap-guangzhou.myqcloud.com/math-teaching-resources/03-%E6%A6%82%E7%8E%87%E4%B8%8E%E7%BB%9F%E8%AE%A1/01-%E6%95%99%E6%A1%88/%E9%80%89%E6%8B%A9%E6%80%A7%E5%BF%85%E4%BF%AE%E4%B8%89/%E7%AC%AC%E5%85%AB%E7%AB%A0%20%E6%88%90%E5%AF%B9%E6%95%B0%E6%8D%AE%E7%9A%84%E7%BB%9F%E8%AE%A1%E5%88%86%E6%9E%90/8.2%20%E4%B8%80%E5%85%83%E7%BA%BF%E6%80%A7%E5%9B%9E%E5%BD%92%E6%A8%A1%E5%9E%8B%E5%8F%8A%E5%85%B6%E5%BA%94%E7%94%A8/8.2%20%E4%B8%80%E5%85%83%E7%BA%BF%E6%80%A7%E5%9B%9E%E5%BD%92%E6%A8%A1%E5%9E%8B%E5%8F%8A%E5%85%B6%E5%BA%94%E7%94%A8%20%20%20%20%20%20%20%20%E6%95%99%E5%AD%A6%E8%AE%BE%E8%AE%A1.docx
8.2 一元线性回归模型及其应用        教学设计.md,选择性必修三\第八章 成对数据的统计分析\8.2 一元线性回归模型及其应用,Markdown文件,.md,0,,,0,概率与统计教案资源,选择性必修三\第八章 成对数据的统计分析\8.2 一元线性回归模型及其应用\8.2 一元线性回归模型及其应用        教学设计.md,https://math-1415627924.cos.ap-guangzhou.myqcloud.com/math-teaching-resources/03-%E6%A6%82%E7%8E%87%E4%B8%8E%E7%BB%9F%E8%AE%A1/01-%E6%95%99%E6%A1%88/%E9%80%89%E6%8B%A9%E6%80%A7%E5%BF%85%E4%BF%AE%E4%B8%89/%E7%AC%AC%E5%85%AB%E7%AB%A0%20%E6%88%90%E5%AF%B9%E6%95%B0%E6%8D%AE%E7%9A%84%E7%BB%9F%E8%AE%A1%E5%88%86%E6%9E%90/8.2%20%E4%B8%80%E5%85%83%E7%BA%BF%E6%80%A7%E5%9B%9E%E5%BD%92%E6%A8%A1%E5%9E%8B%E5%8F%8A%E5%85%B6%E5%BA%94%E7%94%A8/8.2%20%E4%B8%80%E5%85%83%E7%BA%BF%E6%80%A7%E5%9B%9E%E5%BD%92%E6%A8%A1%E5%9E%8B%E5%8F%8A%E5%85%B6%E5%BA%94%E7%94%A8%20%20%20%20%20%20%20%20%E6%95%99%E5%AD%A6%E8%AE%BE%E8%AE%A1.md
8.2 一元线性回归模型及其应用  导学案.docx,选择性必修三\第八章 成对数据的统计分析\8.2 一元线性回归模型及其应用,原文件,.docx,0,,,0,概率与统计教案资源,选择性必修三\第八章 成对数据的统计分析\8.2 一元线性回归模型及其应用\8.2 一元线性回归模型及其应用  导学案.docx,https://math-1415627924.cos.ap-guangzhou.myqcloud.com/math-teaching-resources/03-%E6%A6%82%E7%8E%87%E4%B8%8E%E7%BB%9F%E8%AE%A1/01-%E6%95%99%E6%A1%88/%E9%80%89%E6%8B%A9%E6%80%A7%E5%BF%85%E4%BF%AE%E4%B8%89/%E7%AC%AC%E5%85%AB%E7%AB%A0%20%E6%88%90%E5%AF%B9%E6%95%B0%E6%8D%AE%E7%9A%84%E7%BB%9F%E8%AE%A1%E5%88%86%E6%9E%90/8.2%20%E4%B8%80%E5%85%83%E7%BA%BF%E6%80%A7%E5%9B%9E%E5%BD%92%E6%A8%A1%E5%9E%8B%E5%8F%8A%E5%85%B6%E5%BA%94%E7%94%A8/8.2%20%E4%B8%80%E5%85%83%E7%BA%BF%E6%80%A7%E5%9B%9E%E5%BD%92%E6%A8%A1%E5%9E%8B%E5%8F%8A%E5%85%B6%E5%BA%94%E7%94%A8%20%20%E5%AF%BC%E5%AD%A6%E6%A1%88.docx
8.2 一元线性回归模型及其应用  导学案.md,选择性必修三\第八章 成对数据的统计分析\8.2 一元线性回归模型及其应用,Markdown文件,.md,0,,,0,概率与统计教案资源,选择性必修三\第八章 成对数据的统计分析\8.2 一元线性回归模型及其应用\8.2 一元线性回归模型及其应用  导学案.md,https://math-1415627924.cos.ap-guangzhou.myqcloud.com/math-teaching-resources/03-%E6%A6%82%E7%8E%87%E4%B8%8E%E7%BB%9F%E8%AE%A1/01-%E6%95%99%E6%A1%88/%E9%80%89%E6%8B%A9%E6%80%A7%E5%BF%85%E4%BF%AE%E4%B8%89/%E7%AC%AC%E5%85%AB%E7%AB%A0%20%E6%88%90%E5%AF%B9%E6%95%B0%E6%8D%AE%E7%9A%84%E7%BB%9F%E8%AE%A1%E5%88%86%E6%9E%90/8.2%20%E4%B8%80%E5%85%83%E7%BA%BF%E6%80%A7%E5%9B%9E%E5%BD%92%E6%A8%A1%E5%9E%8B%E5%8F%8A%E5%85%B6%E5%BA%94%E7%94%A8/8.2%20%E4%B8%80%E5%85%83%E7%BA%BF%E6%80%A7%E5%9B%9E%E5%BD%92%E6%A8%A1%E5%9E%8B%E5%8F%8A%E5%85%B6%E5%BA%94%E7%94%A8%20%20%E5%AF%BC%E5%AD%A6%E6%A1%88.md
82一元线性回归模型及其应用（单元教学设计）-【大单元教学】高二数学（人教A版2019选择性）.docx,选择性必修三\第八章 成对数据的统计分析\8.2 一元线性回归模型及其应用,原文件,.docx,0,,,0,概率与统计教案资源,选择性必修三\第八章 成对数据的统计分析\8.2 一元线性回归模型及其应用\82一元线性回归模型及其应用（单元教学设计）-【大单元教学】高二数学（人教A版2019选择性）.docx,https://math-1415627924.cos.ap-guangzhou.myqcloud.com/math-teaching-resources/03-%E6%A6%82%E7%8E%87%E4%B8%8E%E7%BB%9F%E8%AE%A1/01-%E6%95%99%E6%A1%88/%E9%80%89%E6%8B%A9%E6%80%A7%E5%BF%85%E4%BF%AE%E4%B8%89/%E7%AC%AC%E5%85%AB%E7%AB%A0%20%E6%88%90%E5%AF%B9%E6%95%B0%E6%8D%AE%E7%9A%84%E7%BB%9F%E8%AE%A1%E5%88%86%E6%9E%90/8.2%20%E4%B8%80%E5%85%83%E7%BA%BF%E6%80%A7%E5%9B%9E%E5%BD%92%E6%A8%A1%E5%9E%8B%E5%8F%8A%E5%85%B6%E5%BA%94%E7%94%A8/82%E4%B8%80%E5%85%83%E7%BA%BF%E6%80%A7%E5%9B%9E%E5%BD%92%E6%A8%A1%E5%9E%8B%E5%8F%8A%E5%85%B6%E5%BA%94%E7%94%A8%EF%BC%88%E5%8D%95%E5%85%83%E6%95%99%E5%AD%A6%E8%AE%BE%E8%AE%A1%EF%BC%89-%E3%80%90%E5%A4%A7%E5%8D%95%E5%85%83%E6%95%99%E5%AD%A6%E3%80%91%E9%AB%98%E4%BA%8C%E6%95%B0%E5%AD%A6%EF%BC%88%E4%BA%BA%E6%95%99A%E7%89%882019%E9%80%89%E6%8B%A9%E6%80%A7%EF%BC%89.docx
82一元线性回归模型及其应用（单元教学设计）-【大单元教学】高二数学（人教A版2019选择性）.md,选择性必修三\第八章 成对数据的统计分析\8.2 一元线性回归模型及其应用,Markdown文件,.md,0,,,0,概率与统计教案资源,选择性必修三\第八章 成对数据的统计分析\8.2 一元线性回归模型及其应用\82一元线性回归模型及其应用（单元教学设计）-【大单元教学】高二数学（人教A版2019选择性）.md,https://math-1415627924.cos.ap-guangzhou.myqcloud.com/math-teaching-resources/03-%E6%A6%82%E7%8E%87%E4%B8%8E%E7%BB%9F%E8%AE%A1/01-%E6%95%99%E6%A1%88/%E9%80%89%E6%8B%A9%E6%80%A7%E5%BF%85%E4%BF%AE%E4%B8%89/%E7%AC%AC%E5%85%AB%E7%AB%A0%20%E6%88%90%E5%AF%B9%E6%95%B0%E6%8D%AE%E7%9A%84%E7%BB%9F%E8%AE%A1%E5%88%86%E6%9E%90/8.2%20%E4%B8%80%E5%85%83%E7%BA%BF%E6%80%A7%E5%9B%9E%E5%BD%92%E6%A8%A1%E5%9E%8B%E5%8F%8A%E5%85%B6%E5%BA%94%E7%94%A8/82%E4%B8%80%E5%85%83%E7%BA%BF%E6%80%A7%E5%9B%9E%E5%BD%92%E6%A8%A1%E5%9E%8B%E5%8F%8A%E5%85%B6%E5%BA%94%E7%94%A8%EF%BC%88%E5%8D%95%E5%85%83%E6%95%99%E5%AD%A6%E8%AE%BE%E8%AE%A1%EF%BC%89-%E3%80%90%E5%A4%A7%E5%8D%95%E5%85%83%E6%95%99%E5%AD%A6%E3%80%91%E9%AB%98%E4%BA%8C%E6%95%B0%E5%AD%A6%EF%BC%88%E4%BA%BA%E6%95%99A%E7%89%882019%E9%80%89%E6%8B%A9%E6%80%A7%EF%BC%89.md
一元线性回归模型其应用学生版高二数学人教A版选择性教案（2025—2026学年）.docx,选择性必修三\第八章 成对数据的统计分析\8.2 一元线性回归模型及其应用,原文件,.docx,0,,,0,概率与统计教案资源,选择性必修三\第八章 成对数据的统计分析\8.2 一元线性回归模型及其应用\一元线性回归模型其应用学生版高二数学人教A版选择性教案（2025—2026学年）.docx,https://math-1415627924.cos.ap-guangzhou.myqcloud.com/math-teaching-resources/03-%E6%A6%82%E7%8E%87%E4%B8%8E%E7%BB%9F%E8%AE%A1/01-%E6%95%99%E6%A1%88/%E9%80%89%E6%8B%A9%E6%80%A7%E5%BF%85%E4%BF%AE%E4%B8%89/%E7%AC%AC%E5%85%AB%E7%AB%A0%20%E6%88%90%E5%AF%B9%E6%95%B0%E6%8D%AE%E7%9A%84%E7%BB%9F%E8%AE%A1%E5%88%86%E6%9E%90/8.2%20%E4%B8%80%E5%85%83%E7%BA%BF%E6%80%A7%E5%9B%9E%E5%BD%92%E6%A8%A1%E5%9E%8B%E5%8F%8A%E5%85%B6%E5%BA%94%E7%94%A8/%E4%B8%80%E5%85%83%E7%BA%BF%E6%80%A7%E5%9B%9E%E5%BD%92%E6%A8%A1%E5%9E%8B%E5%85%B6%E5%BA%94%E7%94%A8%E5%AD%A6%E7%94%9F%E7%89%88%E9%AB%98%E4%BA%8C%E6%95%B0%E5%AD%A6%E4%BA%BA%E6%95%99A%E7%89%88%E9%80%89%E6%8B%A9%E6%80%A7%E6%95%99%E6%A1%88%EF%BC%882025%E2%80%942026%E5%AD%A6%E5%B9%B4%EF%BC%89.docx
一元线性回归模型其应用学生版高二数学人教A版选择性教案（2025—2026学年）.md,选择性必修三\第八章 成对数据的统计分析\8.2 一元线性回归模型及其应用,Markdown文件,.md,0,,,0,概率与统计教案资源,选择性必修三\第八章 成对数据的统计分析\8.2 一元线性回归模型及其应用\一元线性回归模型其应用学生版高二数学人教A版选择性教案（2025—2026学年）.md,https://math-1415627924.cos.ap-guangzhou.myqcloud.com/math-teaching-resources/03-%E6%A6%82%E7%8E%87%E4%B8%8E%E7%BB%9F%E8%AE%A1/01-%E6%95%99%E6%A1%88/%E9%80%89%E6%8B%A9%E6%80%A7%E5%BF%85%E4%BF%AE%E4%B8%89/%E7%AC%AC%E5%85%AB%E7%AB%A0%20%E6%88%90%E5%AF%B9%E6%95%B0%E6%8D%AE%E7%9A%84%E7%BB%9F%E8%AE%A1%E5%88%86%E6%9E%90/8.2%20%E4%B8%80%E5%85%83%E7%BA%BF%E6%80%A7%E5%9B%9E%E5%BD%92%E6%A8%A1%E5%9E%8B%E5%8F%8A%E5%85%B6%E5%BA%94%E7%94%A8/%E4%B8%80%E5%85%83%E7%BA%BF%E6%80%A7%E5%9B%9E%E5%BD%92%E6%A8%A1%E5%9E%8B%E5%85%B6%E5%BA%94%E7%94%A8%E5%AD%A6%E7%94%9F%E7%89%88%E9%AB%98%E4%BA%8C%E6%95%B0%E5%AD%A6%E4%BA%BA%E6%95%99A%E7%89%88%E9%80%89%E6%8B%A9%E6%80%A7%E6%95%99%E6%A1%88%EF%BC%882025%E2%80%942026%E5%AD%A6%E5%B9%B4%EF%BC%89.md
一元线性回归模型电子教案.docx,选择性必修三\第八章 成对数据的统计分析\8.2 一元线性回归模型及其应用,原文件,.docx,0,,,0,概率与统计教案资源,选择性必修三\第八章 成对数据的统计分析\8.2 一元线性回归模型及其应用\一元线性回归模型电子教案.docx,https://math-1415627924.cos.ap-guangzhou.myqcloud.com/math-teaching-resources/03-%E6%A6%82%E7%8E%87%E4%B8%8E%E7%BB%9F%E8%AE%A1/01-%E6%95%99%E6%A1%88/%E9%80%89%E6%8B%A9%E6%80%A7%E5%BF%85%E4%BF%AE%E4%B8%89/%E7%AC%AC%E5%85%AB%E7%AB%A0%20%E6%88%90%E5%AF%B9%E6%95%B0%E6%8D%AE%E7%9A%84%E7%BB%9F%E8%AE%A1%E5%88%86%E6%9E%90/8.2%20%E4%B8%80%E5%85%83%E7%BA%BF%E6%80%A7%E5%9B%9E%E5%BD%92%E6%A8%A1%E5%9E%8B%E5%8F%8A%E5%85%B6%E5%BA%94%E7%94%A8/%E4%B8%80%E5%85%83%E7%BA%BF%E6%80%A7%E5%9B%9E%E5%BD%92%E6%A8%A1%E5%9E%8B%E7%94%B5%E5%AD%90%E6%95%99%E6%A1%88.docx
一元线性回归模型电子教案.md,选择性必修三\第八章 成对数据的统计分析\8.2 一元线性回归模型及其应用,Markdown文件,.md,0,,,0,概率与统计教案资源,选择性必修三\第八章 成对数据的统计分析\8.2 一元线性回归模型及其应用\一元线性回归模型电子教案.md,https://math-1415627924.cos.ap-guangzhou.myqcloud.com/math-teaching-resources/03-%E6%A6%82%E7%8E%87%E4%B8%8E%E7%BB%9F%E8%AE%A1/01-%E6%95%99%E6%A1%88/%E9%80%89%E6%8B%A9%E6%80%A7%E5%BF%85%E4%BF%AE%E4%B8%89/%E7%AC%AC%E5%85%AB%E7%AB%A0%20%E6%88%90%E5%AF%B9%E6%95%B0%E6%8D%AE%E7%9A%84%E7%BB%9F%E8%AE%A1%E5%88%86%E6%9E%90/8.2%20%E4%B8%80%E5%85%83%E7%BA%BF%E6%80%A7%E5%9B%9E%E5%BD%92%E6%A8%A1%E5%9E%8B%E5%8F%8A%E5%85%B6%E5%BA%94%E7%94%A8/%E4%B8%80%E5%85%83%E7%BA%BF%E6%80%A7%E5%9B%9E%E5%BD%92%E6%A8%A1%E5%9E%8B%E7%94%B5%E5%AD%90%E6%95%99%E6%A1%88.md
课时21871_8.2.1一元线性回归模型-8.2.1一元线性回归模型【微信公众号：全都要半糖 免费分享】.docx,选择性必修三\第八章 成对数据的统计分析\8.2 一元线性回归模型及其应用,原文件,.docx,0,,,0,概率与统计教案资源,选择性必修三\第八章 成对数据的统计分析\8.2 一元线性回归模型及其应用\课时21871_8.2.1一元线性回归模型-8.2.1一元线性回归模型【微信公众号：全都要半糖 免费分享】.docx,https://math-1415627924.cos.ap-guangzhou.myqcloud.com/math-teaching-resources/03-%E6%A6%82%E7%8E%87%E4%B8%8E%E7%BB%9F%E8%AE%A1/01-%E6%95%99%E6%A1%88/%E9%80%89%E6%8B%A9%E6%80%A7%E5%BF%85%E4%BF%AE%E4%B8%89/%E7%AC%AC%E5%85%AB%E7%AB%A0%20%E6%88%90%E5%AF%B9%E6%95%B0%E6%8D%AE%E7%9A%84%E7%BB%9F%E8%AE%A1%E5%88%86%E6%9E%90/8.2%20%E4%B8%80%E5%85%83%E7%BA%BF%E6%80%A7%E5%9B%9E%E5%BD%92%E6%A8%A1%E5%9E%8B%E5%8F%8A%E5%85%B6%E5%BA%94%E7%94%A8/%E8%AF%BE%E6%97%B621871_8.2.1%E4%B8%80%E5%85%83%E7%BA%BF%E6%80%A7%E5%9B%9E%E5%BD%92%E6%A8%A1%E5%9E%8B-8.2.1%E4%B8%80%E5%85%83%E7%BA%BF%E6%80%A7%E5%9B%9E%E5%BD%92%E6%A8%A1%E5%9E%8B%E3%80%90%E5%BE%AE%E4%BF%A1%E5%85%AC%E4%BC%97%E5%8F%B7%EF%BC%9A%E5%85%A8%E9%83%BD%E8%A6%81%E5%8D%8A%E7%B3%96%20%E5%85%8D%E8%B4%B9%E5%88%86%E4%BA%AB%E3%80%91.docx
课时21871_8.2.1一元线性回归模型-8.2.1一元线性回归模型【微信公众号：全都要半糖 免费分享】.md,选择性必修三\第八章 成对数据的统计分析\8.2 一元线性回归模型及其应用,Markdown文件,.md,0,,,0,概率与统计教案资源,选择性必修三\第八章 成对数据的统计分析\8.2 一元线性回归模型及其应用\课时21871_8.2.1一元线性回归模型-8.2.1一元线性回归模型【微信公众号：全都要半糖 免费分享】.md,https://math-1415627924.cos.ap-guangzhou.myqcloud.com/math-teaching-resources/03-%E6%A6%82%E7%8E%87%E4%B8%8E%E7%BB%9F%E8%AE%A1/01-%E6%95%99%E6%A1%88/%E9%80%89%E6%8B%A9%E6%80%A7%E5%BF%85%E4%BF%AE%E4%B8%89/%E7%AC%AC%E5%85%AB%E7%AB%A0%20%E6%88%90%E5%AF%B9%E6%95%B0%E6%8D%AE%E7%9A%84%E7%BB%9F%E8%AE%A1%E5%88%86%E6%9E%90/8.2%20%E4%B8%80%E5%85%83%E7%BA%BF%E6%80%A7%E5%9B%9E%E5%BD%92%E6%A8%A1%E5%9E%8B%E5%8F%8A%E5%85%B6%E5%BA%94%E7%94%A8/%E8%AF%BE%E6%97%B621871_8.2.1%E4%B8%80%E5%85%83%E7%BA%BF%E6%80%A7%E5%9B%9E%E5%BD%92%E6%A8%A1%E5%9E%8B-8.2.1%E4%B8%80%E5%85%83%E7%BA%BF%E6%80%A7%E5%9B%9E%E5%BD%92%E6%A8%A1%E5%9E%8B%E3%80%90%E5%BE%AE%E4%BF%A1%E5%85%AC%E4%BC%97%E5%8F%B7%EF%BC%9A%E5%85%A8%E9%83%BD%E8%A6%81%E5%8D%8A%E7%B3%96%20%E5%85%8D%E8%B4%B9%E5%88%86%E4%BA%AB%E3%80%91.md
8.3 分类变量与列联表     导学案.docx,选择性必修三\第八章 成对数据的统计分析\8.3 列联表与独立性检验,原文件,.docx,0,,,0,概率与统计教案资源,选择性必修三\第八章 成对数据的统计分析\8.3 列联表与独立性检验\8.3 分类变量与列联表     导学案.docx,https://math-1415627924.cos.ap-guangzhou.myqcloud.com/math-teaching-resources/03-%E6%A6%82%E7%8E%87%E4%B8%8E%E7%BB%9F%E8%AE%A1/01-%E6%95%99%E6%A1%88/%E9%80%89%E6%8B%A9%E6%80%A7%E5%BF%85%E4%BF%AE%E4%B8%89/%E7%AC%AC%E5%85%AB%E7%AB%A0%20%E6%88%90%E5%AF%B9%E6%95%B0%E6%8D%AE%E7%9A%84%E7%BB%9F%E8%AE%A1%E5%88%86%E6%9E%90/8.3%20%E5%88%97%E8%81%94%E8%A1%A8%E4%B8%8E%E7%8B%AC%E7%AB%8B%E6%80%A7%E6%A3%80%E9%AA%8C/8.3%20%E5%88%86%E7%B1%BB%E5%8F%98%E9%87%8F%E4%B8%8E%E5%88%97%E8%81%94%E8%A1%A8%20%20%20%20%20%E5%AF%BC%E5%AD%A6%E6%A1%88.docx
8.3 分类变量与列联表     导学案.md,选择性必修三\第八章 成对数据的统计分析\8.3 列联表与独立性检验,Markdown文件,.md,0,,,0,概率与统计教案资源,选择性必修三\第八章 成对数据的统计分析\8.3 列联表与独立性检验\8.3 分类变量与列联表     导学案.md,https://math-1415627924.cos.ap-guangzhou.myqcloud.com/math-teaching-resources/03-%E6%A6%82%E7%8E%87%E4%B8%8E%E7%BB%9F%E8%AE%A1/01-%E6%95%99%E6%A1%88/%E9%80%89%E6%8B%A9%E6%80%A7%E5%BF%85%E4%BF%AE%E4%B8%89/%E7%AC%AC%E5%85%AB%E7%AB%A0%20%E6%88%90%E5%AF%B9%E6%95%B0%E6%8D%AE%E7%9A%84%E7%BB%9F%E8%AE%A1%E5%88%86%E6%9E%90/8.3%20%E5%88%97%E8%81%94%E8%A1%A8%E4%B8%8E%E7%8B%AC%E7%AB%8B%E6%80%A7%E6%A3%80%E9%AA%8C/8.3%20%E5%88%86%E7%B1%BB%E5%8F%98%E9%87%8F%E4%B8%8E%E5%88%97%E8%81%94%E8%A1%A8%20%20%20%20%20%E5%AF%BC%E5%AD%A6%E6%A1%88.md
8.3 分类变量与列联表     教学设计.docx,选择性必修三\第八章 成对数据的统计分析\8.3 列联表与独立性检验,原文件,.docx,0,,,0,概率与统计教案资源,选择性必修三\第八章 成对数据的统计分析\8.3 列联表与独立性检验\8.3 分类变量与列联表     教学设计.docx,https://math-1415627924.cos.ap-guangzhou.myqcloud.com/math-teaching-resources/03-%E6%A6%82%E7%8E%87%E4%B8%8E%E7%BB%9F%E8%AE%A1/01-%E6%95%99%E6%A1%88/%E9%80%89%E6%8B%A9%E6%80%A7%E5%BF%85%E4%BF%AE%E4%B8%89/%E7%AC%AC%E5%85%AB%E7%AB%A0%20%E6%88%90%E5%AF%B9%E6%95%B0%E6%8D%AE%E7%9A%84%E7%BB%9F%E8%AE%A1%E5%88%86%E6%9E%90/8.3%20%E5%88%97%E8%81%94%E8%A1%A8%E4%B8%8E%E7%8B%AC%E7%AB%8B%E6%80%A7%E6%A3%80%E9%AA%8C/8.3%20%E5%88%86%E7%B1%BB%E5%8F%98%E9%87%8F%E4%B8%8E%E5%88%97%E8%81%94%E8%A1%A8%20%20%20%20%20%E6%95%99%E5%AD%A6%E8%AE%BE%E8%AE%A1.docx
8.3 分类变量与列联表     教学设计.md,选择性必修三\第八章 成对数据的统计分析\8.3 列联表与独立性检验,Markdown文件,.md,0,,,0,概率与统计教案资源,选择性必修三\第八章 成对数据的统计分析\8.3 列联表与独立性检验\8.3 分类变量与列联表     教学设计.md,https://math-1415627924.cos.ap-guangzhou.myqcloud.com/math-teaching-resources/03-%E6%A6%82%E7%8E%87%E4%B8%8E%E7%BB%9F%E8%AE%A1/01-%E6%95%99%E6%A1%88/%E9%80%89%E6%8B%A9%E6%80%A7%E5%BF%85%E4%BF%AE%E4%B8%89/%E7%AC%AC%E5%85%AB%E7%AB%A0%20%E6%88%90%E5%AF%B9%E6%95%B0%E6%8D%AE%E7%9A%84%E7%BB%9F%E8%AE%A1%E5%88%86%E6%9E%90/8.3%20%E5%88%97%E8%81%94%E8%A1%A8%E4%B8%8E%E7%8B%AC%E7%AB%8B%E6%80%A7%E6%A3%80%E9%AA%8C/8.3%20%E5%88%86%E7%B1%BB%E5%8F%98%E9%87%8F%E4%B8%8E%E5%88%97%E8%81%94%E8%A1%A8%20%20%20%20%20%E6%95%99%E5%AD%A6%E8%AE%BE%E8%AE%A1.md
8.3.2  独立性检验 教案.docx,选择性必修三\第八章 成对数据的统计分析\8.3 列联表与独立性检验,原文件,.docx,0,,,0,概率与统计教案资源,选择性必修三\第八章 成对数据的统计分析\8.3 列联表与独立性检验\8.3.2  独立性检验 教案.docx,https://math-1415627924.cos.ap-guangzhou.myqcloud.com/math-teaching-resources/03-%E6%A6%82%E7%8E%87%E4%B8%8E%E7%BB%9F%E8%AE%A1/01-%E6%95%99%E6%A1%88/%E9%80%89%E6%8B%A9%E6%80%A7%E5%BF%85%E4%BF%AE%E4%B8%89/%E7%AC%AC%E5%85%AB%E7%AB%A0%20%E6%88%90%E5%AF%B9%E6%95%B0%E6%8D%AE%E7%9A%84%E7%BB%9F%E8%AE%A1%E5%88%86%E6%9E%90/8.3%20%E5%88%97%E8%81%94%E8%A1%A8%E4%B8%8E%E7%8B%AC%E7%AB%8B%E6%80%A7%E6%A3%80%E9%AA%8C/8.3.2%20%20%E7%8B%AC%E7%AB%8B%E6%80%A7%E6%A3%80%E9%AA%8C%20%E6%95%99%E6%A1%88.docx
8.3.2  独立性检验 教案.md,选择性必修三\第八章 成对数据的统计分析\8.3 列联表与独立性检验,Markdown文件,.md,0,,,0,概率与统计教案资源,选择性必修三\第八章 成对数据的统计分析\8.3 列联表与独立性检验\8.3.2  独立性检验 教案.md,https://math-1415627924.cos.ap-guangzhou.myqcloud.com/math-teaching-resources/03-%E6%A6%82%E7%8E%87%E4%B8%8E%E7%BB%9F%E8%AE%A1/01-%E6%95%99%E6%A1%88/%E9%80%89%E6%8B%A9%E6%80%A7%E5%BF%85%E4%BF%AE%E4%B8%89/%E7%AC%AC%E5%85%AB%E7%AB%A0%20%E6%88%90%E5%AF%B9%E6%95%B0%E6%8D%AE%E7%9A%84%E7%BB%9F%E8%AE%A1%E5%88%86%E6%9E%90/8.3%20%E5%88%97%E8%81%94%E8%A1%A8%E4%B8%8E%E7%8B%AC%E7%AB%8B%E6%80%A7%E6%A3%80%E9%AA%8C/8.3.2%20%20%E7%8B%AC%E7%AB%8B%E6%80%A7%E6%A3%80%E9%AA%8C%20%E6%95%99%E6%A1%88.md
人教B版数学选修1-2《独立性检验》教案（一）.docx,选择性必修三\第八章 成对数据的统计分析\8.3 列联表与独立性检验,原文件,.docx,0,,,0,概率与统计教案资源,选择性必修三\第八章 成对数据的统计分析\8.3 列联表与独立性检验\人教B版数学选修1-2《独立性检验》教案（一）.docx,https://math-1415627924.cos.ap-guangzhou.myqcloud.com/math-teaching-resources/03-%E6%A6%82%E7%8E%87%E4%B8%8E%E7%BB%9F%E8%AE%A1/01-%E6%95%99%E6%A1%88/%E9%80%89%E6%8B%A9%E6%80%A7%E5%BF%85%E4%BF%AE%E4%B8%89/%E7%AC%AC%E5%85%AB%E7%AB%A0%20%E6%88%90%E5%AF%B9%E6%95%B0%E6%8D%AE%E7%9A%84%E7%BB%9F%E8%AE%A1%E5%88%86%E6%9E%90/8.3%20%E5%88%97%E8%81%94%E8%A1%A8%E4%B8%8E%E7%8B%AC%E7%AB%8B%E6%80%A7%E6%A3%80%E9%AA%8C/%E4%BA%BA%E6%95%99B%E7%89%88%E6%95%B0%E5%AD%A6%E9%80%89%E4%BF%AE1-2%E3%80%8A%E7%8B%AC%E7%AB%8B%E6%80%A7%E6%A3%80%E9%AA%8C%E3%80%8B%E6%95%99%E6%A1%88%EF%BC%88%E4%B8%80%EF%BC%89.docx
人教B版数学选修1-2《独立性检验》教案（一）.md,选择性必修三\第八章 成对数据的统计分析\8.3 列联表与独立性检验,Markdown文件,.md,0,,,0,概率与统计教案资源,选择性必修三\第八章 成对数据的统计分析\8.3 列联表与独立性检验\人教B版数学选修1-2《独立性检验》教案（一）.md,https://math-1415627924.cos.ap-guangzhou.myqcloud.com/math-teaching-resources/03-%E6%A6%82%E7%8E%87%E4%B8%8E%E7%BB%9F%E8%AE%A1/01-%E6%95%99%E6%A1%88/%E9%80%89%E6%8B%A9%E6%80%A7%E5%BF%85%E4%BF%AE%E4%B8%89/%E7%AC%AC%E5%85%AB%E7%AB%A0%20%E6%88%90%E5%AF%B9%E6%95%B0%E6%8D%AE%E7%9A%84%E7%BB%9F%E8%AE%A1%E5%88%86%E6%9E%90/8.3%20%E5%88%97%E8%81%94%E8%A1%A8%E4%B8%8E%E7%8B%AC%E7%AB%8B%E6%80%A7%E6%A3%80%E9%AA%8C/%E4%BA%BA%E6%95%99B%E7%89%88%E6%95%B0%E5%AD%A6%E9%80%89%E4%BF%AE1-2%E3%80%8A%E7%8B%AC%E7%AB%8B%E6%80%A7%E6%A3%80%E9%AA%8C%E3%80%8B%E6%95%99%E6%A1%88%EF%BC%88%E4%B8%80%EF%BC%89.md
课时21874_8.3.1分类变量与列联表-8.3.1 分类变量与列联表【微信公众号：全都要半糖 免费分享】.docx,选择性必修三\第八章 成对数据的统计分析\8.3 列联表与独立性检验,原文件,.docx,0,,,0,概率与统计教案资源,选择性必修三\第八章 成对数据的统计分析\8.3 列联表与独立性检验\课时21874_8.3.1分类变量与列联表-8.3.1 分类变量与列联表【微信公众号：全都要半糖 免费分享】.docx,https://math-1415627924.cos.ap-guangzhou.myqcloud.com/math-teaching-resources/03-%E6%A6%82%E7%8E%87%E4%B8%8E%E7%BB%9F%E8%AE%A1/01-%E6%95%99%E6%A1%88/%E9%80%89%E6%8B%A9%E6%80%A7%E5%BF%85%E4%BF%AE%E4%B8%89/%E7%AC%AC%E5%85%AB%E7%AB%A0%20%E6%88%90%E5%AF%B9%E6%95%B0%E6%8D%AE%E7%9A%84%E7%BB%9F%E8%AE%A1%E5%88%86%E6%9E%90/8.3%20%E5%88%97%E8%81%94%E8%A1%A8%E4%B8%8E%E7%8B%AC%E7%AB%8B%E6%80%A7%E6%A3%80%E9%AA%8C/%E8%AF%BE%E6%97%B621874_8.3.1%E5%88%86%E7%B1%BB%E5%8F%98%E9%87%8F%E4%B8%8E%E5%88%97%E8%81%94%E8%A1%A8-8.3.1%20%E5%88%86%E7%B1%BB%E5%8F%98%E9%87%8F%E4%B8%8E%E5%88%97%E8%81%94%E8%A1%A8%E3%80%90%E5%BE%AE%E4%BF%A1%E5%85%AC%E4%BC%97%E5%8F%B7%EF%BC%9A%E5%85%A8%E9%83%BD%E8%A6%81%E5%8D%8A%E7%B3%96%20%E5%85%8D%E8%B4%B9%E5%88%86%E4%BA%AB%E3%80%91.docx
课时21874_8.3.1分类变量与列联表-8.3.1 分类变量与列联表【微信公众号：全都要半糖 免费分享】.md,选择性必修三\第八章 成对数据的统计分析\8.3 列联表与独立性检验,Markdown文件,.md,0,,,0,概率与统计教案资源,选择性必修三\第八章 成对数据的统计分析\8.3 列联表与独立性检验\课时21874_8.3.1分类变量与列联表-8.3.1 分类变量与列联表【微信公众号：全都要半糖 免费分享】.md,https://math-1415627924.cos.ap-guangzhou.myqcloud.com/math-teaching-resources/03-%E6%A6%82%E7%8E%87%E4%B8%8E%E7%BB%9F%E8%AE%A1/01-%E6%95%99%E6%A1%88/%E9%80%89%E6%8B%A9%E6%80%A7%E5%BF%85%E4%BF%AE%E4%B8%89/%E7%AC%AC%E5%85%AB%E7%AB%A0%20%E6%88%90%E5%AF%B9%E6%95%B0%E6%8D%AE%E7%9A%84%E7%BB%9F%E8%AE%A1%E5%88%86%E6%9E%90/8.3%20%E5%88%97%E8%81%94%E8%A1%A8%E4%B8%8E%E7%8B%AC%E7%AB%8B%E6%80%A7%E6%A3%80%E9%AA%8C/%E8%AF%BE%E6%97%B621874_8.3.1%E5%88%86%E7%B1%BB%E5%8F%98%E9%87%8F%E4%B8%8E%E5%88%97%E8%81%94%E8%A1%A8-8.3.1%20%E5%88%86%E7%B1%BB%E5%8F%98%E9%87%8F%E4%B8%8E%E5%88%97%E8%81%94%E8%A1%A8%E3%80%90%E5%BE%AE%E4%BF%A1%E5%85%AC%E4%BC%97%E5%8F%B7%EF%BC%9A%E5%85%A8%E9%83%BD%E8%A6%81%E5%8D%8A%E7%B3%96%20%E5%85%8D%E8%B4%B9%E5%88%86%E4%BA%AB%E3%80%91.md
课时21874_8.3.1分类变量与列联表-8.3.1分类变量与列联表【微信公众号：全都要半糖 免费分享】.docx,选择性必修三\第八章 成对数据的统计分析\8.3 列联表与独立性检验,原文件,.docx,0,,,0,概率与统计教案资源,选择性必修三\第八章 成对数据的统计分析\8.3 列联表与独立性检验\课时21874_8.3.1分类变量与列联表-8.3.1分类变量与列联表【微信公众号：全都要半糖 免费分享】.docx,https://math-1415627924.cos.ap-guangzhou.myqcloud.com/math-teaching-resources/03-%E6%A6%82%E7%8E%87%E4%B8%8E%E7%BB%9F%E8%AE%A1/01-%E6%95%99%E6%A1%88/%E9%80%89%E6%8B%A9%E6%80%A7%E5%BF%85%E4%BF%AE%E4%B8%89/%E7%AC%AC%E5%85%AB%E7%AB%A0%20%E6%88%90%E5%AF%B9%E6%95%B0%E6%8D%AE%E7%9A%84%E7%BB%9F%E8%AE%A1%E5%88%86%E6%9E%90/8.3%20%E5%88%97%E8%81%94%E8%A1%A8%E4%B8%8E%E7%8B%AC%E7%AB%8B%E6%80%A7%E6%A3%80%E9%AA%8C/%E8%AF%BE%E6%97%B621874_8.3.1%E5%88%86%E7%B1%BB%E5%8F%98%E9%87%8F%E4%B8%8E%E5%88%97%E8%81%94%E8%A1%A8-8.3.1%E5%88%86%E7%B1%BB%E5%8F%98%E9%87%8F%E4%B8%8E%E5%88%97%E8%81%94%E8%A1%A8%E3%80%90%E5%BE%AE%E4%BF%A1%E5%85%AC%E4%BC%97%E5%8F%B7%EF%BC%9A%E5%85%A8%E9%83%BD%E8%A6%81%E5%8D%8A%E7%B3%96%20%E5%85%8D%E8%B4%B9%E5%88%86%E4%BA%AB%E3%80%91.docx
课时21874_8.3.1分类变量与列联表-8.3.1分类变量与列联表【微信公众号：全都要半糖 免费分享】.md,选择性必修三\第八章 成对数据的统计分析\8.3 列联表与独立性检验,Markdown文件,.md,0,,,0,概率与统计教案资源,选择性必修三\第八章 成对数据的统计分析\8.3 列联表与独立性检验\课时21874_8.3.1分类变量与列联表-8.3.1分类变量与列联表【微信公众号：全都要半糖 免费分享】.md,https://math-1415627924.cos.ap-guangzhou.myqcloud.com/math-teaching-resources/03-%E6%A6%82%E7%8E%87%E4%B8%8E%E7%BB%9F%E8%AE%A1/01-%E6%95%99%E6%A1%88/%E9%80%89%E6%8B%A9%E6%80%A7%E5%BF%85%E4%BF%AE%E4%B8%89/%E7%AC%AC%E5%85%AB%E7%AB%A0%20%E6%88%90%E5%AF%B9%E6%95%B0%E6%8D%AE%E7%9A%84%E7%BB%9F%E8%AE%A1%E5%88%86%E6%9E%90/8.3%20%E5%88%97%E8%81%94%E8%A1%A8%E4%B8%8E%E7%8B%AC%E7%AB%8B%E6%80%A7%E6%A3%80%E9%AA%8C/%E8%AF%BE%E6%97%B621874_8.3.1%E5%88%86%E7%B1%BB%E5%8F%98%E9%87%8F%E4%B8%8E%E5%88%97%E8%81%94%E8%A1%A8-8.3.1%E5%88%86%E7%B1%BB%E5%8F%98%E9%87%8F%E4%B8%8E%E5%88%97%E8%81%94%E8%A1%A8%E3%80%90%E5%BE%AE%E4%BF%A1%E5%85%AC%E4%BC%97%E5%8F%B7%EF%BC%9A%E5%85%A8%E9%83%BD%E8%A6%81%E5%8D%8A%E7%B3%96%20%E5%85%8D%E8%B4%B9%E5%88%86%E4%BA%AB%E3%80%91.md
课时21875_8.3.2独立性检验-8.3.2.独立性检验【微信公众号：全都要半糖 免费分享】.docx,选择性必修三\第八章 成对数据的统计分析\8.3 列联表与独立性检验,原文件,.docx,0,,,0,概率与统计教案资源,选择性必修三\第八章 成对数据的统计分析\8.3 列联表与独立性检验\课时21875_8.3.2独立性检验-8.3.2.独立性检验【微信公众号：全都要半糖 免费分享】.docx,https://math-1415627924.cos.ap-guangzhou.myqcloud.com/math-teaching-resources/03-%E6%A6%82%E7%8E%87%E4%B8%8E%E7%BB%9F%E8%AE%A1/01-%E6%95%99%E6%A1%88/%E9%80%89%E6%8B%A9%E6%80%A7%E5%BF%85%E4%BF%AE%E4%B8%89/%E7%AC%AC%E5%85%AB%E7%AB%A0%20%E6%88%90%E5%AF%B9%E6%95%B0%E6%8D%AE%E7%9A%84%E7%BB%9F%E8%AE%A1%E5%88%86%E6%9E%90/8.3%20%E5%88%97%E8%81%94%E8%A1%A8%E4%B8%8E%E7%8B%AC%E7%AB%8B%E6%80%A7%E6%A3%80%E9%AA%8C/%E8%AF%BE%E6%97%B621875_8.3.2%E7%8B%AC%E7%AB%8B%E6%80%A7%E6%A3%80%E9%AA%8C-8.3.2.%E7%8B%AC%E7%AB%8B%E6%80%A7%E6%A3%80%E9%AA%8C%E3%80%90%E5%BE%AE%E4%BF%A1%E5%85%AC%E4%BC%97%E5%8F%B7%EF%BC%9A%E5%85%A8%E9%83%BD%E8%A6%81%E5%8D%8A%E7%B3%96%20%E5%85%8D%E8%B4%B9%E5%88%86%E4%BA%AB%E3%80%91.docx
课时21875_8.3.2独立性检验-8.3.2.独立性检验【微信公众号：全都要半糖 免费分享】.md,选择性必修三\第八章 成对数据的统计分析\8.3 列联表与独立性检验,Markdown文件,.md,0,,,0,概率与统计教案资源,选择性必修三\第八章 成对数据的统计分析\8.3 列联表与独立性检验\课时21875_8.3.2独立性检验-8.3.2.独立性检验【微信公众号：全都要半糖 免费分享】.md,https://math-1415627924.cos.ap-guangzhou.myqcloud.com/math-teaching-resources/03-%E6%A6%82%E7%8E%87%E4%B8%8E%E7%BB%9F%E8%AE%A1/01-%E6%95%99%E6%A1%88/%E9%80%89%E6%8B%A9%E6%80%A7%E5%BF%85%E4%BF%AE%E4%B8%89/%E7%AC%AC%E5%85%AB%E7%AB%A0%20%E6%88%90%E5%AF%B9%E6%95%B0%E6%8D%AE%E7%9A%84%E7%BB%9F%E8%AE%A1%E5%88%86%E6%9E%90/8.3%20%E5%88%97%E8%81%94%E8%A1%A8%E4%B8%8E%E7%8B%AC%E7%AB%8B%E6%80%A7%E6%A3%80%E9%AA%8C/%E8%AF%BE%E6%97%B621875_8.3.2%E7%8B%AC%E7%AB%8B%E6%80%A7%E6%A3%80%E9%AA%8C-8.3.2.%E7%8B%AC%E7%AB%8B%E6%80%A7%E6%A3%80%E9%AA%8C%E3%80%90%E5%BE%AE%E4%BF%A1%E5%85%AC%E4%BC%97%E5%8F%B7%EF%BC%9A%E5%85%A8%E9%83%BD%E8%A6%81%E5%8D%8A%E7%B3%96%20%E5%85%8D%E8%B4%B9%E5%88%86%E4%BA%AB%E3%80%91.md
6.1分类加法计数原理与分步乘法计数原理(1)导学案.docx,选择性必修三\第六章 计数原理\6.1 分类加法计数原理与分步乘法计数原理,原文件,.docx,0,,,0,概率与统计教案资源,选择性必修三\第六章 计数原理\6.1 分类加法计数原理与分步乘法计数原理\6.1分类加法计数原理与分步乘法计数原理(1)导学案.docx,https://math-1415627924.cos.ap-guangzhou.myqcloud.com/math-teaching-resources/03-%E6%A6%82%E7%8E%87%E4%B8%8E%E7%BB%9F%E8%AE%A1/01-%E6%95%99%E6%A1%88/%E9%80%89%E6%8B%A9%E6%80%A7%E5%BF%85%E4%BF%AE%E4%B8%89/%E7%AC%AC%E5%85%AD%E7%AB%A0%20%E8%AE%A1%E6%95%B0%E5%8E%9F%E7%90%86/6.1%20%E5%88%86%E7%B1%BB%E5%8A%A0%E6%B3%95%E8%AE%A1%E6%95%B0%E5%8E%9F%E7%90%86%E4%B8%8E%E5%88%86%E6%AD%A5%E4%B9%98%E6%B3%95%E8%AE%A1%E6%95%B0%E5%8E%9F%E7%90%86/6.1%E5%88%86%E7%B1%BB%E5%8A%A0%E6%B3%95%E8%AE%A1%E6%95%B0%E5%8E%9F%E7%90%86%E4%B8%8E%E5%88%86%E6%AD%A5%E4%B9%98%E6%B3%95%E8%AE%A1%E6%95%B0%E5%8E%9F%E7%90%86%281%29%E5%AF%BC%E5%AD%A6%E6%A1%88.docx
6.1分类加法计数原理与分步乘法计数原理(1)导学案.md,选择性必修三\第六章 计数原理\6.1 分类加法计数原理与分步乘法计数原理,Markdown文件,.md,0,,,0,概率与统计教案资源,选择性必修三\第六章 计数原理\6.1 分类加法计数原理与分步乘法计数原理\6.1分类加法计数原理与分步乘法计数原理(1)导学案.md,https://math-1415627924.cos.ap-guangzhou.myqcloud.com/math-teaching-resources/03-%E6%A6%82%E7%8E%87%E4%B8%8E%E7%BB%9F%E8%AE%A1/01-%E6%95%99%E6%A1%88/%E9%80%89%E6%8B%A9%E6%80%A7%E5%BF%85%E4%BF%AE%E4%B8%89/%E7%AC%AC%E5%85%AD%E7%AB%A0%20%E8%AE%A1%E6%95%B0%E5%8E%9F%E7%90%86/6.1%20%E5%88%86%E7%B1%BB%E5%8A%A0%E6%B3%95%E8%AE%A1%E6%95%B0%E5%8E%9F%E7%90%86%E4%B8%8E%E5%88%86%E6%AD%A5%E4%B9%98%E6%B3%95%E8%AE%A1%E6%95%B0%E5%8E%9F%E7%90%86/6.1%E5%88%86%E7%B1%BB%E5%8A%A0%E6%B3%95%E8%AE%A1%E6%95%B0%E5%8E%9F%E7%90%86%E4%B8%8E%E5%88%86%E6%AD%A5%E4%B9%98%E6%B3%95%E8%AE%A1%E6%95%B0%E5%8E%9F%E7%90%86%281%29%E5%AF%BC%E5%AD%A6%E6%A1%88.md
6.1分类加法计数原理与分步乘法计数原理(1)教学设计.docx,选择性必修三\第六章 计数原理\6.1 分类加法计数原理与分步乘法计数原理,原文件,.docx,0,,,0,概率与统计教案资源,选择性必修三\第六章 计数原理\6.1 分类加法计数原理与分步乘法计数原理\6.1分类加法计数原理与分步乘法计数原理(1)教学设计.docx,https://math-1415627924.cos.ap-guangzhou.myqcloud.com/math-teaching-resources/03-%E6%A6%82%E7%8E%87%E4%B8%8E%E7%BB%9F%E8%AE%A1/01-%E6%95%99%E6%A1%88/%E9%80%89%E6%8B%A9%E6%80%A7%E5%BF%85%E4%BF%AE%E4%B8%89/%E7%AC%AC%E5%85%AD%E7%AB%A0%20%E8%AE%A1%E6%95%B0%E5%8E%9F%E7%90%86/6.1%20%E5%88%86%E7%B1%BB%E5%8A%A0%E6%B3%95%E8%AE%A1%E6%95%B0%E5%8E%9F%E7%90%86%E4%B8%8E%E5%88%86%E6%AD%A5%E4%B9%98%E6%B3%95%E8%AE%A1%E6%95%B0%E5%8E%9F%E7%90%86/6.1%E5%88%86%E7%B1%BB%E5%8A%A0%E6%B3%95%E8%AE%A1%E6%95%B0%E5%8E%9F%E7%90%86%E4%B8%8E%E5%88%86%E6%AD%A5%E4%B9%98%E6%B3%95%E8%AE%A1%E6%95%B0%E5%8E%9F%E7%90%86%281%29%E6%95%99%E5%AD%A6%E8%AE%BE%E8%AE%A1.docx
6.1分类加法计数原理与分步乘法计数原理(1)教学设计.md,选择性必修三\第六章 计数原理\6.1 分类加法计数原理与分步乘法计数原理,Markdown文件,.md,0,,,0,概率与统计教案资源,选择性必修三\第六章 计数原理\6.1 分类加法计数原理与分步乘法计数原理\6.1分类加法计数原理与分步乘法计数原理(1)教学设计.md,https://math-1415627924.cos.ap-guangzhou.myqcloud.com/math-teaching-resources/03-%E6%A6%82%E7%8E%87%E4%B8%8E%E7%BB%9F%E8%AE%A1/01-%E6%95%99%E6%A1%88/%E9%80%89%E6%8B%A9%E6%80%A7%E5%BF%85%E4%BF%AE%E4%B8%89/%E7%AC%AC%E5%85%AD%E7%AB%A0%20%E8%AE%A1%E6%95%B0%E5%8E%9F%E7%90%86/6.1%20%E5%88%86%E7%B1%BB%E5%8A%A0%E6%B3%95%E8%AE%A1%E6%95%B0%E5%8E%9F%E7%90%86%E4%B8%8E%E5%88%86%E6%AD%A5%E4%B9%98%E6%B3%95%E8%AE%A1%E6%95%B0%E5%8E%9F%E7%90%86/6.1%E5%88%86%E7%B1%BB%E5%8A%A0%E6%B3%95%E8%AE%A1%E6%95%B0%E5%8E%9F%E7%90%86%E4%B8%8E%E5%88%86%E6%AD%A5%E4%B9%98%E6%B3%95%E8%AE%A1%E6%95%B0%E5%8E%9F%E7%90%86%281%29%E6%95%99%E5%AD%A6%E8%AE%BE%E8%AE%A1.md
6.1分类加法计数原理与分步乘法计数原理(2)导学案.docx,选择性必修三\第六章 计数原理\6.1 分类加法计数原理与分步乘法计数原理,原文件,.docx,0,,,0,概率与统计教案资源,选择性必修三\第六章 计数原理\6.1 分类加法计数原理与分步乘法计数原理\6.1分类加法计数原理与分步乘法计数原理(2)导学案.docx,https://math-1415627924.cos.ap-guangzhou.myqcloud.com/math-teaching-resources/03-%E6%A6%82%E7%8E%87%E4%B8%8E%E7%BB%9F%E8%AE%A1/01-%E6%95%99%E6%A1%88/%E9%80%89%E6%8B%A9%E6%80%A7%E5%BF%85%E4%BF%AE%E4%B8%89/%E7%AC%AC%E5%85%AD%E7%AB%A0%20%E8%AE%A1%E6%95%B0%E5%8E%9F%E7%90%86/6.1%20%E5%88%86%E7%B1%BB%E5%8A%A0%E6%B3%95%E8%AE%A1%E6%95%B0%E5%8E%9F%E7%90%86%E4%B8%8E%E5%88%86%E6%AD%A5%E4%B9%98%E6%B3%95%E8%AE%A1%E6%95%B0%E5%8E%9F%E7%90%86/6.1%E5%88%86%E7%B1%BB%E5%8A%A0%E6%B3%95%E8%AE%A1%E6%95%B0%E5%8E%9F%E7%90%86%E4%B8%8E%E5%88%86%E6%AD%A5%E4%B9%98%E6%B3%95%E8%AE%A1%E6%95%B0%E5%8E%9F%E7%90%86%282%29%E5%AF%BC%E5%AD%A6%E6%A1%88.docx
6.1分类加法计数原理与分步乘法计数原理(2)导学案.md,选择性必修三\第六章 计数原理\6.1 分类加法计数原理与分步乘法计数原理,Markdown文件,.md,0,,,0,概率与统计教案资源,选择性必修三\第六章 计数原理\6.1 分类加法计数原理与分步乘法计数原理\6.1分类加法计数原理与分步乘法计数原理(2)导学案.md,https://math-1415627924.cos.ap-guangzhou.myqcloud.com/math-teaching-resources/03-%E6%A6%82%E7%8E%87%E4%B8%8E%E7%BB%9F%E8%AE%A1/01-%E6%95%99%E6%A1%88/%E9%80%89%E6%8B%A9%E6%80%A7%E5%BF%85%E4%BF%AE%E4%B8%89/%E7%AC%AC%E5%85%AD%E7%AB%A0%20%E8%AE%A1%E6%95%B0%E5%8E%9F%E7%90%86/6.1%20%E5%88%86%E7%B1%BB%E5%8A%A0%E6%B3%95%E8%AE%A1%E6%95%B0%E5%8E%9F%E7%90%86%E4%B8%8E%E5%88%86%E6%AD%A5%E4%B9%98%E6%B3%95%E8%AE%A1%E6%95%B0%E5%8E%9F%E7%90%86/6.1%E5%88%86%E7%B1%BB%E5%8A%A0%E6%B3%95%E8%AE%A1%E6%95%B0%E5%8E%9F%E7%90%86%E4%B8%8E%E5%88%86%E6%AD%A5%E4%B9%98%E6%B3%95%E8%AE%A1%E6%95%B0%E5%8E%9F%E7%90%86%282%29%E5%AF%BC%E5%AD%A6%E6%A1%88.md
6.1分类加法计数原理与分步乘法计数原理(2)教学设计.docx,选择性必修三\第六章 计数原理\6.1 分类加法计数原理与分步乘法计数原理,原文件,.docx,0,,,0,概率与统计教案资源,选择性必修三\第六章 计数原理\6.1 分类加法计数原理与分步乘法计数原理\6.1分类加法计数原理与分步乘法计数原理(2)教学设计.docx,https://math-1415627924.cos.ap-guangzhou.myqcloud.com/math-teaching-resources/03-%E6%A6%82%E7%8E%87%E4%B8%8E%E7%BB%9F%E8%AE%A1/01-%E6%95%99%E6%A1%88/%E9%80%89%E6%8B%A9%E6%80%A7%E5%BF%85%E4%BF%AE%E4%B8%89/%E7%AC%AC%E5%85%AD%E7%AB%A0%20%E8%AE%A1%E6%95%B0%E5%8E%9F%E7%90%86/6.1%20%E5%88%86%E7%B1%BB%E5%8A%A0%E6%B3%95%E8%AE%A1%E6%95%B0%E5%8E%9F%E7%90%86%E4%B8%8E%E5%88%86%E6%AD%A5%E4%B9%98%E6%B3%95%E8%AE%A1%E6%95%B0%E5%8E%9F%E7%90%86/6.1%E5%88%86%E7%B1%BB%E5%8A%A0%E6%B3%95%E8%AE%A1%E6%95%B0%E5%8E%9F%E7%90%86%E4%B8%8E%E5%88%86%E6%AD%A5%E4%B9%98%E6%B3%95%E8%AE%A1%E6%95%B0%E5%8E%9F%E7%90%86%282%29%E6%95%99%E5%AD%A6%E8%AE%BE%E8%AE%A1.docx
6.1分类加法计数原理与分步乘法计数原理(2)教学设计.md,选择性必修三\第六章 计数原理\6.1 分类加法计数原理与分步乘法计数原理,Markdown文件,.md,0,,,0,概率与统计教案资源,选择性必修三\第六章 计数原理\6.1 分类加法计数原理与分步乘法计数原理\6.1分类加法计数原理与分步乘法计数原理(2)教学设计.md,https://math-1415627924.cos.ap-guangzhou.myqcloud.com/math-teaching-resources/03-%E6%A6%82%E7%8E%87%E4%B8%8E%E7%BB%9F%E8%AE%A1/01-%E6%95%99%E6%A1%88/%E9%80%89%E6%8B%A9%E6%80%A7%E5%BF%85%E4%BF%AE%E4%B8%89/%E7%AC%AC%E5%85%AD%E7%AB%A0%20%E8%AE%A1%E6%95%B0%E5%8E%9F%E7%90%86/6.1%20%E5%88%86%E7%B1%BB%E5%8A%A0%E6%B3%95%E8%AE%A1%E6%95%B0%E5%8E%9F%E7%90%86%E4%B8%8E%E5%88%86%E6%AD%A5%E4%B9%98%E6%B3%95%E8%AE%A1%E6%95%B0%E5%8E%9F%E7%90%86/6.1%E5%88%86%E7%B1%BB%E5%8A%A0%E6%B3%95%E8%AE%A1%E6%95%B0%E5%8E%9F%E7%90%86%E4%B8%8E%E5%88%86%E6%AD%A5%E4%B9%98%E6%B3%95%E8%AE%A1%E6%95%B0%E5%8E%9F%E7%90%86%282%29%E6%95%99%E5%AD%A6%E8%AE%BE%E8%AE%A1.md
6.1分类加法计数原理与分步乘法计数原理教案.docx,选择性必修三\第六章 计数原理\6.1 分类加法计数原理与分步乘法计数原理,原文件,.docx,0,,,0,概率与统计教案资源,选择性必修三\第六章 计数原理\6.1 分类加法计数原理与分步乘法计数原理\6.1分类加法计数原理与分步乘法计数原理教案.docx,https://math-1415627924.cos.ap-guangzhou.myqcloud.com/math-teaching-resources/03-%E6%A6%82%E7%8E%87%E4%B8%8E%E7%BB%9F%E8%AE%A1/01-%E6%95%99%E6%A1%88/%E9%80%89%E6%8B%A9%E6%80%A7%E5%BF%85%E4%BF%AE%E4%B8%89/%E7%AC%AC%E5%85%AD%E7%AB%A0%20%E8%AE%A1%E6%95%B0%E5%8E%9F%E7%90%86/6.1%20%E5%88%86%E7%B1%BB%E5%8A%A0%E6%B3%95%E8%AE%A1%E6%95%B0%E5%8E%9F%E7%90%86%E4%B8%8E%E5%88%86%E6%AD%A5%E4%B9%98%E6%B3%95%E8%AE%A1%E6%95%B0%E5%8E%9F%E7%90%86/6.1%E5%88%86%E7%B1%BB%E5%8A%A0%E6%B3%95%E8%AE%A1%E6%95%B0%E5%8E%9F%E7%90%86%E4%B8%8E%E5%88%86%E6%AD%A5%E4%B9%98%E6%B3%95%E8%AE%A1%E6%95%B0%E5%8E%9F%E7%90%86%E6%95%99%E6%A1%88.docx
6.1分类加法计数原理与分步乘法计数原理教案.md,选择性必修三\第六章 计数原理\6.1 分类加法计数原理与分步乘法计数原理,Markdown文件,.md,0,,,0,概率与统计教案资源,选择性必修三\第六章 计数原理\6.1 分类加法计数原理与分步乘法计数原理\6.1分类加法计数原理与分步乘法计数原理教案.md,https://math-1415627924.cos.ap-guangzhou.myqcloud.com/math-teaching-resources/03-%E6%A6%82%E7%8E%87%E4%B8%8E%E7%BB%9F%E8%AE%A1/01-%E6%95%99%E6%A1%88/%E9%80%89%E6%8B%A9%E6%80%A7%E5%BF%85%E4%BF%AE%E4%B8%89/%E7%AC%AC%E5%85%AD%E7%AB%A0%20%E8%AE%A1%E6%95%B0%E5%8E%9F%E7%90%86/6.1%20%E5%88%86%E7%B1%BB%E5%8A%A0%E6%B3%95%E8%AE%A1%E6%95%B0%E5%8E%9F%E7%90%86%E4%B8%8E%E5%88%86%E6%AD%A5%E4%B9%98%E6%B3%95%E8%AE%A1%E6%95%B0%E5%8E%9F%E7%90%86/6.1%E5%88%86%E7%B1%BB%E5%8A%A0%E6%B3%95%E8%AE%A1%E6%95%B0%E5%8E%9F%E7%90%86%E4%B8%8E%E5%88%86%E6%AD%A5%E4%B9%98%E6%B3%95%E8%AE%A1%E6%95%B0%E5%8E%9F%E7%90%86%E6%95%99%E6%A1%88.md
6.1分类加法计数原理与分步乘法计数原理教案（2）.docx,选择性必修三\第六章 计数原理\6.1 分类加法计数原理与分步乘法计数原理,原文件,.docx,0,,,0,概率与统计教案资源,选择性必修三\第六章 计数原理\6.1 分类加法计数原理与分步乘法计数原理\6.1分类加法计数原理与分步乘法计数原理教案（2）.docx,https://math-1415627924.cos.ap-guangzhou.myqcloud.com/math-teaching-resources/03-%E6%A6%82%E7%8E%87%E4%B8%8E%E7%BB%9F%E8%AE%A1/01-%E6%95%99%E6%A1%88/%E9%80%89%E6%8B%A9%E6%80%A7%E5%BF%85%E4%BF%AE%E4%B8%89/%E7%AC%AC%E5%85%AD%E7%AB%A0%20%E8%AE%A1%E6%95%B0%E5%8E%9F%E7%90%86/6.1%20%E5%88%86%E7%B1%BB%E5%8A%A0%E6%B3%95%E8%AE%A1%E6%95%B0%E5%8E%9F%E7%90%86%E4%B8%8E%E5%88%86%E6%AD%A5%E4%B9%98%E6%B3%95%E8%AE%A1%E6%95%B0%E5%8E%9F%E7%90%86/6.1%E5%88%86%E7%B1%BB%E5%8A%A0%E6%B3%95%E8%AE%A1%E6%95%B0%E5%8E%9F%E7%90%86%E4%B8%8E%E5%88%86%E6%AD%A5%E4%B9%98%E6%B3%95%E8%AE%A1%E6%95%B0%E5%8E%9F%E7%90%86%E6%95%99%E6%A1%88%EF%BC%882%EF%BC%89.docx
6.1分类加法计数原理与分步乘法计数原理教案（2）.md,选择性必修三\第六章 计数原理\6.1 分类加法计数原理与分步乘法计数原理,Markdown文件,.md,0,,,0,概率与统计教案资源,选择性必修三\第六章 计数原理\6.1 分类加法计数原理与分步乘法计数原理\6.1分类加法计数原理与分步乘法计数原理教案（2）.md,https://math-1415627924.cos.ap-guangzhou.myqcloud.com/math-teaching-resources/03-%E6%A6%82%E7%8E%87%E4%B8%8E%E7%BB%9F%E8%AE%A1/01-%E6%95%99%E6%A1%88/%E9%80%89%E6%8B%A9%E6%80%A7%E5%BF%85%E4%BF%AE%E4%B8%89/%E7%AC%AC%E5%85%AD%E7%AB%A0%20%E8%AE%A1%E6%95%B0%E5%8E%9F%E7%90%86/6.1%20%E5%88%86%E7%B1%BB%E5%8A%A0%E6%B3%95%E8%AE%A1%E6%95%B0%E5%8E%9F%E7%90%86%E4%B8%8E%E5%88%86%E6%AD%A5%E4%B9%98%E6%B3%95%E8%AE%A1%E6%95%B0%E5%8E%9F%E7%90%86/6.1%E5%88%86%E7%B1%BB%E5%8A%A0%E6%B3%95%E8%AE%A1%E6%95%B0%E5%8E%9F%E7%90%86%E4%B8%8E%E5%88%86%E6%AD%A5%E4%B9%98%E6%B3%95%E8%AE%A1%E6%95%B0%E5%8E%9F%E7%90%86%E6%95%99%E6%A1%88%EF%BC%882%EF%BC%89.md
6.2.1 排列教学设计.docx,选择性必修三\第六章 计数原理\6.2 排列与组合,原文件,.docx,0,,,0,概率与统计教案资源,选择性必修三\第六章 计数原理\6.2 排列与组合\6.2.1 排列教学设计.docx,https://math-1415627924.cos.ap-guangzhou.myqcloud.com/math-teaching-resources/03-%E6%A6%82%E7%8E%87%E4%B8%8E%E7%BB%9F%E8%AE%A1/01-%E6%95%99%E6%A1%88/%E9%80%89%E6%8B%A9%E6%80%A7%E5%BF%85%E4%BF%AE%E4%B8%89/%E7%AC%AC%E5%85%AD%E7%AB%A0%20%E8%AE%A1%E6%95%B0%E5%8E%9F%E7%90%86/6.2%20%E6%8E%92%E5%88%97%E4%B8%8E%E7%BB%84%E5%90%88/6.2.1%20%E6%8E%92%E5%88%97%E6%95%99%E5%AD%A6%E8%AE%BE%E8%AE%A1.docx
6.2.1 排列教学设计.md,选择性必修三\第六章 计数原理\6.2 排列与组合,Markdown文件,.md,0,,,0,概率与统计教案资源,选择性必修三\第六章 计数原理\6.2 排列与组合\6.2.1 排列教学设计.md,https://math-1415627924.cos.ap-guangzhou.myqcloud.com/math-teaching-resources/03-%E6%A6%82%E7%8E%87%E4%B8%8E%E7%BB%9F%E8%AE%A1/01-%E6%95%99%E6%A1%88/%E9%80%89%E6%8B%A9%E6%80%A7%E5%BF%85%E4%BF%AE%E4%B8%89/%E7%AC%AC%E5%85%AD%E7%AB%A0%20%E8%AE%A1%E6%95%B0%E5%8E%9F%E7%90%86/6.2%20%E6%8E%92%E5%88%97%E4%B8%8E%E7%BB%84%E5%90%88/6.2.1%20%E6%8E%92%E5%88%97%E6%95%99%E5%AD%A6%E8%AE%BE%E8%AE%A1.md
6.2.1- 6.2.2   排列与排列数导学案.docx,选择性必修三\第六章 计数原理\6.2 排列与组合,原文件,.docx,0,,,0,概率与统计教案资源,选择性必修三\第六章 计数原理\6.2 排列与组合\6.2.1- 6.2.2   排列与排列数导学案.docx,https://math-1415627924.cos.ap-guangzhou.myqcloud.com/math-teaching-resources/03-%E6%A6%82%E7%8E%87%E4%B8%8E%E7%BB%9F%E8%AE%A1/01-%E6%95%99%E6%A1%88/%E9%80%89%E6%8B%A9%E6%80%A7%E5%BF%85%E4%BF%AE%E4%B8%89/%E7%AC%AC%E5%85%AD%E7%AB%A0%20%E8%AE%A1%E6%95%B0%E5%8E%9F%E7%90%86/6.2%20%E6%8E%92%E5%88%97%E4%B8%8E%E7%BB%84%E5%90%88/6.2.1-%206.2.2%20%20%20%E6%8E%92%E5%88%97%E4%B8%8E%E6%8E%92%E5%88%97%E6%95%B0%E5%AF%BC%E5%AD%A6%E6%A1%88.docx
6.2.1- 6.2.2   排列与排列数导学案.md,选择性必修三\第六章 计数原理\6.2 排列与组合,Markdown文件,.md,0,,,0,概率与统计教案资源,选择性必修三\第六章 计数原理\6.2 排列与组合\6.2.1- 6.2.2   排列与排列数导学案.md,https://math-1415627924.cos.ap-guangzhou.myqcloud.com/math-teaching-resources/03-%E6%A6%82%E7%8E%87%E4%B8%8E%E7%BB%9F%E8%AE%A1/01-%E6%95%99%E6%A1%88/%E9%80%89%E6%8B%A9%E6%80%A7%E5%BF%85%E4%BF%AE%E4%B8%89/%E7%AC%AC%E5%85%AD%E7%AB%A0%20%E8%AE%A1%E6%95%B0%E5%8E%9F%E7%90%86/6.2%20%E6%8E%92%E5%88%97%E4%B8%8E%E7%BB%84%E5%90%88/6.2.1-%206.2.2%20%20%20%E6%8E%92%E5%88%97%E4%B8%8E%E6%8E%92%E5%88%97%E6%95%B0%E5%AF%BC%E5%AD%A6%E6%A1%88.md
6.2.1- 6.2.2   排列与排列数教学设计.docx,选择性必修三\第六章 计数原理\6.2 排列与组合,原文件,.docx,0,,,0,概率与统计教案资源,选择性必修三\第六章 计数原理\6.2 排列与组合\6.2.1- 6.2.2   排列与排列数教学设计.docx,https://math-1415627924.cos.ap-guangzhou.myqcloud.com/math-teaching-resources/03-%E6%A6%82%E7%8E%87%E4%B8%8E%E7%BB%9F%E8%AE%A1/01-%E6%95%99%E6%A1%88/%E9%80%89%E6%8B%A9%E6%80%A7%E5%BF%85%E4%BF%AE%E4%B8%89/%E7%AC%AC%E5%85%AD%E7%AB%A0%20%E8%AE%A1%E6%95%B0%E5%8E%9F%E7%90%86/6.2%20%E6%8E%92%E5%88%97%E4%B8%8E%E7%BB%84%E5%90%88/6.2.1-%206.2.2%20%20%20%E6%8E%92%E5%88%97%E4%B8%8E%E6%8E%92%E5%88%97%E6%95%B0%E6%95%99%E5%AD%A6%E8%AE%BE%E8%AE%A1.docx
6.2.1- 6.2.2   排列与排列数教学设计.md,选择性必修三\第六章 计数原理\6.2 排列与组合,Markdown文件,.md,0,,,0,概率与统计教案资源,选择性必修三\第六章 计数原理\6.2 排列与组合\6.2.1- 6.2.2   排列与排列数教学设计.md,https://math-1415627924.cos.ap-guangzhou.myqcloud.com/math-teaching-resources/03-%E6%A6%82%E7%8E%87%E4%B8%8E%E7%BB%9F%E8%AE%A1/01-%E6%95%99%E6%A1%88/%E9%80%89%E6%8B%A9%E6%80%A7%E5%BF%85%E4%BF%AE%E4%B8%89/%E7%AC%AC%E5%85%AD%E7%AB%A0%20%E8%AE%A1%E6%95%B0%E5%8E%9F%E7%90%86/6.2%20%E6%8E%92%E5%88%97%E4%B8%8E%E7%BB%84%E5%90%88/6.2.1-%206.2.2%20%20%20%E6%8E%92%E5%88%97%E4%B8%8E%E6%8E%92%E5%88%97%E6%95%B0%E6%95%99%E5%AD%A6%E8%AE%BE%E8%AE%A1.md
6.2.2 排列数教学设计.docx,选择性必修三\第六章 计数原理\6.2 排列与组合,原文件,.docx,0,,,0,概率与统计教案资源,选择性必修三\第六章 计数原理\6.2 排列与组合\6.2.2 排列数教学设计.docx,https://math-1415627924.cos.ap-guangzhou.myqcloud.com/math-teaching-resources/03-%E6%A6%82%E7%8E%87%E4%B8%8E%E7%BB%9F%E8%AE%A1/01-%E6%95%99%E6%A1%88/%E9%80%89%E6%8B%A9%E6%80%A7%E5%BF%85%E4%BF%AE%E4%B8%89/%E7%AC%AC%E5%85%AD%E7%AB%A0%20%E8%AE%A1%E6%95%B0%E5%8E%9F%E7%90%86/6.2%20%E6%8E%92%E5%88%97%E4%B8%8E%E7%BB%84%E5%90%88/6.2.2%20%E6%8E%92%E5%88%97%E6%95%B0%E6%95%99%E5%AD%A6%E8%AE%BE%E8%AE%A1.docx
6.2.2 排列数教学设计.md,选择性必修三\第六章 计数原理\6.2 排列与组合,Markdown文件,.md,0,,,0,概率与统计教案资源,选择性必修三\第六章 计数原理\6.2 排列与组合\6.2.2 排列数教学设计.md,https://math-1415627924.cos.ap-guangzhou.myqcloud.com/math-teaching-resources/03-%E6%A6%82%E7%8E%87%E4%B8%8E%E7%BB%9F%E8%AE%A1/01-%E6%95%99%E6%A1%88/%E9%80%89%E6%8B%A9%E6%80%A7%E5%BF%85%E4%BF%AE%E4%B8%89/%E7%AC%AC%E5%85%AD%E7%AB%A0%20%E8%AE%A1%E6%95%B0%E5%8E%9F%E7%90%86/6.2%20%E6%8E%92%E5%88%97%E4%B8%8E%E7%BB%84%E5%90%88/6.2.2%20%E6%8E%92%E5%88%97%E6%95%B0%E6%95%99%E5%AD%A6%E8%AE%BE%E8%AE%A1.md
6.2.3 组合教学设计.docx,选择性必修三\第六章 计数原理\6.2 排列与组合,原文件,.docx,0,,,0,概率与统计教案资源,选择性必修三\第六章 计数原理\6.2 排列与组合\6.2.3 组合教学设计.docx,https://math-1415627924.cos.ap-guangzhou.myqcloud.com/math-teaching-resources/03-%E6%A6%82%E7%8E%87%E4%B8%8E%E7%BB%9F%E8%AE%A1/01-%E6%95%99%E6%A1%88/%E9%80%89%E6%8B%A9%E6%80%A7%E5%BF%85%E4%BF%AE%E4%B8%89/%E7%AC%AC%E5%85%AD%E7%AB%A0%20%E8%AE%A1%E6%95%B0%E5%8E%9F%E7%90%86/6.2%20%E6%8E%92%E5%88%97%E4%B8%8E%E7%BB%84%E5%90%88/6.2.3%20%E7%BB%84%E5%90%88%E6%95%99%E5%AD%A6%E8%AE%BE%E8%AE%A1.docx
6.2.3 组合教学设计.md,选择性必修三\第六章 计数原理\6.2 排列与组合,Markdown文件,.md,0,,,0,概率与统计教案资源,选择性必修三\第六章 计数原理\6.2 排列与组合\6.2.3 组合教学设计.md,https://math-1415627924.cos.ap-guangzhou.myqcloud.com/math-teaching-resources/03-%E6%A6%82%E7%8E%87%E4%B8%8E%E7%BB%9F%E8%AE%A1/01-%E6%95%99%E6%A1%88/%E9%80%89%E6%8B%A9%E6%80%A7%E5%BF%85%E4%BF%AE%E4%B8%89/%E7%AC%AC%E5%85%AD%E7%AB%A0%20%E8%AE%A1%E6%95%B0%E5%8E%9F%E7%90%86/6.2%20%E6%8E%92%E5%88%97%E4%B8%8E%E7%BB%84%E5%90%88/6.2.3%20%E7%BB%84%E5%90%88%E6%95%99%E5%AD%A6%E8%AE%BE%E8%AE%A1.md
6.2.3- 6.2.4  组合与组合数  导学案.docx,选择性必修三\第六章 计数原理\6.2 排列与组合,原文件,.docx,0,,,0,概率与统计教案资源,选择性必修三\第六章 计数原理\6.2 排列与组合\6.2.3- 6.2.4  组合与组合数  导学案.docx,https://math-1415627924.cos.ap-guangzhou.myqcloud.com/math-teaching-resources/03-%E6%A6%82%E7%8E%87%E4%B8%8E%E7%BB%9F%E8%AE%A1/01-%E6%95%99%E6%A1%88/%E9%80%89%E6%8B%A9%E6%80%A7%E5%BF%85%E4%BF%AE%E4%B8%89/%E7%AC%AC%E5%85%AD%E7%AB%A0%20%E8%AE%A1%E6%95%B0%E5%8E%9F%E7%90%86/6.2%20%E6%8E%92%E5%88%97%E4%B8%8E%E7%BB%84%E5%90%88/6.2.3-%206.2.4%20%20%E7%BB%84%E5%90%88%E4%B8%8E%E7%BB%84%E5%90%88%E6%95%B0%20%20%E5%AF%BC%E5%AD%A6%E6%A1%88.docx
6.2.3- 6.2.4  组合与组合数  导学案.md,选择性必修三\第六章 计数原理\6.2 排列与组合,Markdown文件,.md,0,,,0,概率与统计教案资源,选择性必修三\第六章 计数原理\6.2 排列与组合\6.2.3- 6.2.4  组合与组合数  导学案.md,https://math-1415627924.cos.ap-guangzhou.myqcloud.com/math-teaching-resources/03-%E6%A6%82%E7%8E%87%E4%B8%8E%E7%BB%9F%E8%AE%A1/01-%E6%95%99%E6%A1%88/%E9%80%89%E6%8B%A9%E6%80%A7%E5%BF%85%E4%BF%AE%E4%B8%89/%E7%AC%AC%E5%85%AD%E7%AB%A0%20%E8%AE%A1%E6%95%B0%E5%8E%9F%E7%90%86/6.2%20%E6%8E%92%E5%88%97%E4%B8%8E%E7%BB%84%E5%90%88/6.2.3-%206.2.4%20%20%E7%BB%84%E5%90%88%E4%B8%8E%E7%BB%84%E5%90%88%E6%95%B0%20%20%E5%AF%BC%E5%AD%A6%E6%A1%88.md
6.2.3- 6.2.4  组合与组合数  教学设计.docx,选择性必修三\第六章 计数原理\6.2 排列与组合,原文件,.docx,0,,,0,概率与统计教案资源,选择性必修三\第六章 计数原理\6.2 排列与组合\6.2.3- 6.2.4  组合与组合数  教学设计.docx,https://math-1415627924.cos.ap-guangzhou.myqcloud.com/math-teaching-resources/03-%E6%A6%82%E7%8E%87%E4%B8%8E%E7%BB%9F%E8%AE%A1/01-%E6%95%99%E6%A1%88/%E9%80%89%E6%8B%A9%E6%80%A7%E5%BF%85%E4%BF%AE%E4%B8%89/%E7%AC%AC%E5%85%AD%E7%AB%A0%20%E8%AE%A1%E6%95%B0%E5%8E%9F%E7%90%86/6.2%20%E6%8E%92%E5%88%97%E4%B8%8E%E7%BB%84%E5%90%88/6.2.3-%206.2.4%20%20%E7%BB%84%E5%90%88%E4%B8%8E%E7%BB%84%E5%90%88%E6%95%B0%20%20%E6%95%99%E5%AD%A6%E8%AE%BE%E8%AE%A1.docx
6.2.3- 6.2.4  组合与组合数  教学设计.md,选择性必修三\第六章 计数原理\6.2 排列与组合,Markdown文件,.md,0,,,0,概率与统计教案资源,选择性必修三\第六章 计数原理\6.2 排列与组合\6.2.3- 6.2.4  组合与组合数  教学设计.md,https://math-1415627924.cos.ap-guangzhou.myqcloud.com/math-teaching-resources/03-%E6%A6%82%E7%8E%87%E4%B8%8E%E7%BB%9F%E8%AE%A1/01-%E6%95%99%E6%A1%88/%E9%80%89%E6%8B%A9%E6%80%A7%E5%BF%85%E4%BF%AE%E4%B8%89/%E7%AC%AC%E5%85%AD%E7%AB%A0%20%E8%AE%A1%E6%95%B0%E5%8E%9F%E7%90%86/6.2%20%E6%8E%92%E5%88%97%E4%B8%8E%E7%BB%84%E5%90%88/6.2.3-%206.2.4%20%20%E7%BB%84%E5%90%88%E4%B8%8E%E7%BB%84%E5%90%88%E6%95%B0%20%20%E6%95%99%E5%AD%A6%E8%AE%BE%E8%AE%A1.md
6.2.4 组合数教学设计.docx,选择性必修三\第六章 计数原理\6.2 排列与组合,原文件,.docx,0,,,0,概率与统计教案资源,选择性必修三\第六章 计数原理\6.2 排列与组合\6.2.4 组合数教学设计.docx,https://math-1415627924.cos.ap-guangzhou.myqcloud.com/math-teaching-resources/03-%E6%A6%82%E7%8E%87%E4%B8%8E%E7%BB%9F%E8%AE%A1/01-%E6%95%99%E6%A1%88/%E9%80%89%E6%8B%A9%E6%80%A7%E5%BF%85%E4%BF%AE%E4%B8%89/%E7%AC%AC%E5%85%AD%E7%AB%A0%20%E8%AE%A1%E6%95%B0%E5%8E%9F%E7%90%86/6.2%20%E6%8E%92%E5%88%97%E4%B8%8E%E7%BB%84%E5%90%88/6.2.4%20%E7%BB%84%E5%90%88%E6%95%B0%E6%95%99%E5%AD%A6%E8%AE%BE%E8%AE%A1.docx
6.2.4 组合数教学设计.md,选择性必修三\第六章 计数原理\6.2 排列与组合,Markdown文件,.md,0,,,0,概率与统计教案资源,选择性必修三\第六章 计数原理\6.2 排列与组合\6.2.4 组合数教学设计.md,https://math-1415627924.cos.ap-guangzhou.myqcloud.com/math-teaching-resources/03-%E6%A6%82%E7%8E%87%E4%B8%8E%E7%BB%9F%E8%AE%A1/01-%E6%95%99%E6%A1%88/%E9%80%89%E6%8B%A9%E6%80%A7%E5%BF%85%E4%BF%AE%E4%B8%89/%E7%AC%AC%E5%85%AD%E7%AB%A0%20%E8%AE%A1%E6%95%B0%E5%8E%9F%E7%90%86/6.2%20%E6%8E%92%E5%88%97%E4%B8%8E%E7%BB%84%E5%90%88/6.2.4%20%E7%BB%84%E5%90%88%E6%95%B0%E6%95%99%E5%AD%A6%E8%AE%BE%E8%AE%A1.md
课时21848_6.2.2组合-6.2.3组合【微信公众号：全都要半糖 免费分享】.docx,选择性必修三\第六章 计数原理\6.2 排列与组合,原文件,.docx,0,,,0,概率与统计教案资源,选择性必修三\第六章 计数原理\6.2 排列与组合\课时21848_6.2.2组合-6.2.3组合【微信公众号：全都要半糖 免费分享】.docx,https://math-1415627924.cos.ap-guangzhou.myqcloud.com/math-teaching-resources/03-%E6%A6%82%E7%8E%87%E4%B8%8E%E7%BB%9F%E8%AE%A1/01-%E6%95%99%E6%A1%88/%E9%80%89%E6%8B%A9%E6%80%A7%E5%BF%85%E4%BF%AE%E4%B8%89/%E7%AC%AC%E5%85%AD%E7%AB%A0%20%E8%AE%A1%E6%95%B0%E5%8E%9F%E7%90%86/6.2%20%E6%8E%92%E5%88%97%E4%B8%8E%E7%BB%84%E5%90%88/%E8%AF%BE%E6%97%B621848_6.2.2%E7%BB%84%E5%90%88-6.2.3%E7%BB%84%E5%90%88%E3%80%90%E5%BE%AE%E4%BF%A1%E5%85%AC%E4%BC%97%E5%8F%B7%EF%BC%9A%E5%85%A8%E9%83%BD%E8%A6%81%E5%8D%8A%E7%B3%96%20%E5%85%8D%E8%B4%B9%E5%88%86%E4%BA%AB%E3%80%91.docx
课时21848_6.2.2组合-6.2.3组合【微信公众号：全都要半糖 免费分享】.md,选择性必修三\第六章 计数原理\6.2 排列与组合,Markdown文件,.md,0,,,0,概率与统计教案资源,选择性必修三\第六章 计数原理\6.2 排列与组合\课时21848_6.2.2组合-6.2.3组合【微信公众号：全都要半糖 免费分享】.md,https://math-1415627924.cos.ap-guangzhou.myqcloud.com/math-teaching-resources/03-%E6%A6%82%E7%8E%87%E4%B8%8E%E7%BB%9F%E8%AE%A1/01-%E6%95%99%E6%A1%88/%E9%80%89%E6%8B%A9%E6%80%A7%E5%BF%85%E4%BF%AE%E4%B8%89/%E7%AC%AC%E5%85%AD%E7%AB%A0%20%E8%AE%A1%E6%95%B0%E5%8E%9F%E7%90%86/6.2%20%E6%8E%92%E5%88%97%E4%B8%8E%E7%BB%84%E5%90%88/%E8%AF%BE%E6%97%B621848_6.2.2%E7%BB%84%E5%90%88-6.2.3%E7%BB%84%E5%90%88%E3%80%90%E5%BE%AE%E4%BF%A1%E5%85%AC%E4%BC%97%E5%8F%B7%EF%BC%9A%E5%85%A8%E9%83%BD%E8%A6%81%E5%8D%8A%E7%B3%96%20%E5%85%8D%E8%B4%B9%E5%88%86%E4%BA%AB%E3%80%91.md
课时21849_6.2.3组合数-6.2.3组合数【微信公众号：全都要半糖 免费分享】.docx,选择性必修三\第六章 计数原理\6.2 排列与组合,原文件,.docx,0,,,0,概率与统计教案资源,选择性必修三\第六章 计数原理\6.2 排列与组合\课时21849_6.2.3组合数-6.2.3组合数【微信公众号：全都要半糖 免费分享】.docx,https://math-1415627924.cos.ap-guangzhou.myqcloud.com/math-teaching-resources/03-%E6%A6%82%E7%8E%87%E4%B8%8E%E7%BB%9F%E8%AE%A1/01-%E6%95%99%E6%A1%88/%E9%80%89%E6%8B%A9%E6%80%A7%E5%BF%85%E4%BF%AE%E4%B8%89/%E7%AC%AC%E5%85%AD%E7%AB%A0%20%E8%AE%A1%E6%95%B0%E5%8E%9F%E7%90%86/6.2%20%E6%8E%92%E5%88%97%E4%B8%8E%E7%BB%84%E5%90%88/%E8%AF%BE%E6%97%B621849_6.2.3%E7%BB%84%E5%90%88%E6%95%B0-6.2.3%E7%BB%84%E5%90%88%E6%95%B0%E3%80%90%E5%BE%AE%E4%BF%A1%E5%85%AC%E4%BC%97%E5%8F%B7%EF%BC%9A%E5%85%A8%E9%83%BD%E8%A6%81%E5%8D%8A%E7%B3%96%20%E5%85%8D%E8%B4%B9%E5%88%86%E4%BA%AB%E3%80%91.docx
课时21849_6.2.3组合数-6.2.3组合数【微信公众号：全都要半糖 免费分享】.md,选择性必修三\第六章 计数原理\6.2 排列与组合,Markdown文件,.md,0,,,0,概率与统计教案资源,选择性必修三\第六章 计数原理\6.2 排列与组合\课时21849_6.2.3组合数-6.2.3组合数【微信公众号：全都要半糖 免费分享】.md,https://math-1415627924.cos.ap-guangzhou.myqcloud.com/math-teaching-resources/03-%E6%A6%82%E7%8E%87%E4%B8%8E%E7%BB%9F%E8%AE%A1/01-%E6%95%99%E6%A1%88/%E9%80%89%E6%8B%A9%E6%80%A7%E5%BF%85%E4%BF%AE%E4%B8%89/%E7%AC%AC%E5%85%AD%E7%AB%A0%20%E8%AE%A1%E6%95%B0%E5%8E%9F%E7%90%86/6.2%20%E6%8E%92%E5%88%97%E4%B8%8E%E7%BB%84%E5%90%88/%E8%AF%BE%E6%97%B621849_6.2.3%E7%BB%84%E5%90%88%E6%95%B0-6.2.3%E7%BB%84%E5%90%88%E6%95%B0%E3%80%90%E5%BE%AE%E4%BF%A1%E5%85%AC%E4%BC%97%E5%8F%B7%EF%BC%9A%E5%85%A8%E9%83%BD%E8%A6%81%E5%8D%8A%E7%B3%96%20%E5%85%8D%E8%B4%B9%E5%88%86%E4%BA%AB%E3%80%91.md
6.3.1 二项式定理   导学案.docx,选择性必修三\第六章 计数原理\6.3 二项式定理,原文件,.docx,0,,,0,概率与统计教案资源,选择性必修三\第六章 计数原理\6.3 二项式定理\6.3.1 二项式定理   导学案.docx,https://math-1415627924.cos.ap-guangzhou.myqcloud.com/math-teaching-resources/03-%E6%A6%82%E7%8E%87%E4%B8%8E%E7%BB%9F%E8%AE%A1/01-%E6%95%99%E6%A1%88/%E9%80%89%E6%8B%A9%E6%80%A7%E5%BF%85%E4%BF%AE%E4%B8%89/%E7%AC%AC%E5%85%AD%E7%AB%A0%20%E8%AE%A1%E6%95%B0%E5%8E%9F%E7%90%86/6.3%20%E4%BA%8C%E9%A1%B9%E5%BC%8F%E5%AE%9A%E7%90%86/6.3.1%20%E4%BA%8C%E9%A1%B9%E5%BC%8F%E5%AE%9A%E7%90%86%20%20%20%E5%AF%BC%E5%AD%A6%E6%A1%88.docx
6.3.1 二项式定理   导学案.md,选择性必修三\第六章 计数原理\6.3 二项式定理,Markdown文件,.md,0,,,0,概率与统计教案资源,选择性必修三\第六章 计数原理\6.3 二项式定理\6.3.1 二项式定理   导学案.md,https://math-1415627924.cos.ap-guangzhou.myqcloud.com/math-teaching-resources/03-%E6%A6%82%E7%8E%87%E4%B8%8E%E7%BB%9F%E8%AE%A1/01-%E6%95%99%E6%A1%88/%E9%80%89%E6%8B%A9%E6%80%A7%E5%BF%85%E4%BF%AE%E4%B8%89/%E7%AC%AC%E5%85%AD%E7%AB%A0%20%E8%AE%A1%E6%95%B0%E5%8E%9F%E7%90%86/6.3%20%E4%BA%8C%E9%A1%B9%E5%BC%8F%E5%AE%9A%E7%90%86/6.3.1%20%E4%BA%8C%E9%A1%B9%E5%BC%8F%E5%AE%9A%E7%90%86%20%20%20%E5%AF%BC%E5%AD%A6%E6%A1%88.md
6.3.1 二项式定理   教学设计.docx,选择性必修三\第六章 计数原理\6.3 二项式定理,原文件,.docx,0,,,0,概率与统计教案资源,选择性必修三\第六章 计数原理\6.3 二项式定理\6.3.1 二项式定理   教学设计.docx,https://math-1415627924.cos.ap-guangzhou.myqcloud.com/math-teaching-resources/03-%E6%A6%82%E7%8E%87%E4%B8%8E%E7%BB%9F%E8%AE%A1/01-%E6%95%99%E6%A1%88/%E9%80%89%E6%8B%A9%E6%80%A7%E5%BF%85%E4%BF%AE%E4%B8%89/%E7%AC%AC%E5%85%AD%E7%AB%A0%20%E8%AE%A1%E6%95%B0%E5%8E%9F%E7%90%86/6.3%20%E4%BA%8C%E9%A1%B9%E5%BC%8F%E5%AE%9A%E7%90%86/6.3.1%20%E4%BA%8C%E9%A1%B9%E5%BC%8F%E5%AE%9A%E7%90%86%20%20%20%E6%95%99%E5%AD%A6%E8%AE%BE%E8%AE%A1.docx
6.3.1 二项式定理   教学设计.md,选择性必修三\第六章 计数原理\6.3 二项式定理,Markdown文件,.md,0,,,0,概率与统计教案资源,选择性必修三\第六章 计数原理\6.3 二项式定理\6.3.1 二项式定理   教学设计.md,https://math-1415627924.cos.ap-guangzhou.myqcloud.com/math-teaching-resources/03-%E6%A6%82%E7%8E%87%E4%B8%8E%E7%BB%9F%E8%AE%A1/01-%E6%95%99%E6%A1%88/%E9%80%89%E6%8B%A9%E6%80%A7%E5%BF%85%E4%BF%AE%E4%B8%89/%E7%AC%AC%E5%85%AD%E7%AB%A0%20%E8%AE%A1%E6%95%B0%E5%8E%9F%E7%90%86/6.3%20%E4%BA%8C%E9%A1%B9%E5%BC%8F%E5%AE%9A%E7%90%86/6.3.1%20%E4%BA%8C%E9%A1%B9%E5%BC%8F%E5%AE%9A%E7%90%86%20%20%20%E6%95%99%E5%AD%A6%E8%AE%BE%E8%AE%A1.md
6.3.1 二项式定理教学设计模板.docx,选择性必修三\第六章 计数原理\6.3 二项式定理,原文件,.docx,0,,,0,概率与统计教案资源,选择性必修三\第六章 计数原理\6.3 二项式定理\6.3.1 二项式定理教学设计模板.docx,https://math-1415627924.cos.ap-guangzhou.myqcloud.com/math-teaching-resources/03-%E6%A6%82%E7%8E%87%E4%B8%8E%E7%BB%9F%E8%AE%A1/01-%E6%95%99%E6%A1%88/%E9%80%89%E6%8B%A9%E6%80%A7%E5%BF%85%E4%BF%AE%E4%B8%89/%E7%AC%AC%E5%85%AD%E7%AB%A0%20%E8%AE%A1%E6%95%B0%E5%8E%9F%E7%90%86/6.3%20%E4%BA%8C%E9%A1%B9%E5%BC%8F%E5%AE%9A%E7%90%86/6.3.1%20%E4%BA%8C%E9%A1%B9%E5%BC%8F%E5%AE%9A%E7%90%86%E6%95%99%E5%AD%A6%E8%AE%BE%E8%AE%A1%E6%A8%A1%E6%9D%BF.docx
6.3.1 二项式定理教学设计模板.md,选择性必修三\第六章 计数原理\6.3 二项式定理,Markdown文件,.md,0,,,0,概率与统计教案资源,选择性必修三\第六章 计数原理\6.3 二项式定理\6.3.1 二项式定理教学设计模板.md,https://math-1415627924.cos.ap-guangzhou.myqcloud.com/math-teaching-resources/03-%E6%A6%82%E7%8E%87%E4%B8%8E%E7%BB%9F%E8%AE%A1/01-%E6%95%99%E6%A1%88/%E9%80%89%E6%8B%A9%E6%80%A7%E5%BF%85%E4%BF%AE%E4%B8%89/%E7%AC%AC%E5%85%AD%E7%AB%A0%20%E8%AE%A1%E6%95%B0%E5%8E%9F%E7%90%86/6.3%20%E4%BA%8C%E9%A1%B9%E5%BC%8F%E5%AE%9A%E7%90%86/6.3.1%20%E4%BA%8C%E9%A1%B9%E5%BC%8F%E5%AE%9A%E7%90%86%E6%95%99%E5%AD%A6%E8%AE%BE%E8%AE%A1%E6%A8%A1%E6%9D%BF.md
6.3.2  二项式系数的性质教学设计.docx,选择性必修三\第六章 计数原理\6.3 二项式定理,原文件,.docx,0,,,0,概率与统计教案资源,选择性必修三\第六章 计数原理\6.3 二项式定理\6.3.2  二项式系数的性质教学设计.docx,https://math-1415627924.cos.ap-guangzhou.myqcloud.com/math-teaching-resources/03-%E6%A6%82%E7%8E%87%E4%B8%8E%E7%BB%9F%E8%AE%A1/01-%E6%95%99%E6%A1%88/%E9%80%89%E6%8B%A9%E6%80%A7%E5%BF%85%E4%BF%AE%E4%B8%89/%E7%AC%AC%E5%85%AD%E7%AB%A0%20%E8%AE%A1%E6%95%B0%E5%8E%9F%E7%90%86/6.3%20%E4%BA%8C%E9%A1%B9%E5%BC%8F%E5%AE%9A%E7%90%86/6.3.2%20%20%E4%BA%8C%E9%A1%B9%E5%BC%8F%E7%B3%BB%E6%95%B0%E7%9A%84%E6%80%A7%E8%B4%A8%E6%95%99%E5%AD%A6%E8%AE%BE%E8%AE%A1.docx
6.3.2  二项式系数的性质教学设计.md,选择性必修三\第六章 计数原理\6.3 二项式定理,Markdown文件,.md,0,,,0,概率与统计教案资源,选择性必修三\第六章 计数原理\6.3 二项式定理\6.3.2  二项式系数的性质教学设计.md,https://math-1415627924.cos.ap-guangzhou.myqcloud.com/math-teaching-resources/03-%E6%A6%82%E7%8E%87%E4%B8%8E%E7%BB%9F%E8%AE%A1/01-%E6%95%99%E6%A1%88/%E9%80%89%E6%8B%A9%E6%80%A7%E5%BF%85%E4%BF%AE%E4%B8%89/%E7%AC%AC%E5%85%AD%E7%AB%A0%20%E8%AE%A1%E6%95%B0%E5%8E%9F%E7%90%86/6.3%20%E4%BA%8C%E9%A1%B9%E5%BC%8F%E5%AE%9A%E7%90%86/6.3.2%20%20%E4%BA%8C%E9%A1%B9%E5%BC%8F%E7%B3%BB%E6%95%B0%E7%9A%84%E6%80%A7%E8%B4%A8%E6%95%99%E5%AD%A6%E8%AE%BE%E8%AE%A1.md
6.3.2 二项式系数的性质    导学案.docx,选择性必修三\第六章 计数原理\6.3 二项式定理,原文件,.docx,0,,,0,概率与统计教案资源,选择性必修三\第六章 计数原理\6.3 二项式定理\6.3.2 二项式系数的性质    导学案.docx,https://math-1415627924.cos.ap-guangzhou.myqcloud.com/math-teaching-resources/03-%E6%A6%82%E7%8E%87%E4%B8%8E%E7%BB%9F%E8%AE%A1/01-%E6%95%99%E6%A1%88/%E9%80%89%E6%8B%A9%E6%80%A7%E5%BF%85%E4%BF%AE%E4%B8%89/%E7%AC%AC%E5%85%AD%E7%AB%A0%20%E8%AE%A1%E6%95%B0%E5%8E%9F%E7%90%86/6.3%20%E4%BA%8C%E9%A1%B9%E5%BC%8F%E5%AE%9A%E7%90%86/6.3.2%20%E4%BA%8C%E9%A1%B9%E5%BC%8F%E7%B3%BB%E6%95%B0%E7%9A%84%E6%80%A7%E8%B4%A8%20%20%20%20%E5%AF%BC%E5%AD%A6%E6%A1%88.docx
6.3.2 二项式系数的性质    导学案.md,选择性必修三\第六章 计数原理\6.3 二项式定理,Markdown文件,.md,0,,,0,概率与统计教案资源,选择性必修三\第六章 计数原理\6.3 二项式定理\6.3.2 二项式系数的性质    导学案.md,https://math-1415627924.cos.ap-guangzhou.myqcloud.com/math-teaching-resources/03-%E6%A6%82%E7%8E%87%E4%B8%8E%E7%BB%9F%E8%AE%A1/01-%E6%95%99%E6%A1%88/%E9%80%89%E6%8B%A9%E6%80%A7%E5%BF%85%E4%BF%AE%E4%B8%89/%E7%AC%AC%E5%85%AD%E7%AB%A0%20%E8%AE%A1%E6%95%B0%E5%8E%9F%E7%90%86/6.3%20%E4%BA%8C%E9%A1%B9%E5%BC%8F%E5%AE%9A%E7%90%86/6.3.2%20%E4%BA%8C%E9%A1%B9%E5%BC%8F%E7%B3%BB%E6%95%B0%E7%9A%84%E6%80%A7%E8%B4%A8%20%20%20%20%E5%AF%BC%E5%AD%A6%E6%A1%88.md
6.3.2 二项式系数的性质   教学设计.docx,选择性必修三\第六章 计数原理\6.3 二项式定理,原文件,.docx,0,,,0,概率与统计教案资源,选择性必修三\第六章 计数原理\6.3 二项式定理\6.3.2 二项式系数的性质   教学设计.docx,https://math-1415627924.cos.ap-guangzhou.myqcloud.com/math-teaching-resources/03-%E6%A6%82%E7%8E%87%E4%B8%8E%E7%BB%9F%E8%AE%A1/01-%E6%95%99%E6%A1%88/%E9%80%89%E6%8B%A9%E6%80%A7%E5%BF%85%E4%BF%AE%E4%B8%89/%E7%AC%AC%E5%85%AD%E7%AB%A0%20%E8%AE%A1%E6%95%B0%E5%8E%9F%E7%90%86/6.3%20%E4%BA%8C%E9%A1%B9%E5%BC%8F%E5%AE%9A%E7%90%86/6.3.2%20%E4%BA%8C%E9%A1%B9%E5%BC%8F%E7%B3%BB%E6%95%B0%E7%9A%84%E6%80%A7%E8%B4%A8%20%20%20%E6%95%99%E5%AD%A6%E8%AE%BE%E8%AE%A1.docx
6.3.2 二项式系数的性质   教学设计.md,选择性必修三\第六章 计数原理\6.3 二项式定理,Markdown文件,.md,0,,,0,概率与统计教案资源,选择性必修三\第六章 计数原理\6.3 二项式定理\6.3.2 二项式系数的性质   教学设计.md,https://math-1415627924.cos.ap-guangzhou.myqcloud.com/math-teaching-resources/03-%E6%A6%82%E7%8E%87%E4%B8%8E%E7%BB%9F%E8%AE%A1/01-%E6%95%99%E6%A1%88/%E9%80%89%E6%8B%A9%E6%80%A7%E5%BF%85%E4%BF%AE%E4%B8%89/%E7%AC%AC%E5%85%AD%E7%AB%A0%20%E8%AE%A1%E6%95%B0%E5%8E%9F%E7%90%86/6.3%20%E4%BA%8C%E9%A1%B9%E5%BC%8F%E5%AE%9A%E7%90%86/6.3.2%20%E4%BA%8C%E9%A1%B9%E5%BC%8F%E7%B3%BB%E6%95%B0%E7%9A%84%E6%80%A7%E8%B4%A8%20%20%20%E6%95%99%E5%AD%A6%E8%AE%BE%E8%AE%A1.md
课时21851_6.3.1二项式定理-6.3.1二项式定理.1【微信公众号：全都要半糖 免费分享】.docx,选择性必修三\第六章 计数原理\6.3 二项式定理,原文件,.docx,0,,,0,概率与统计教案资源,选择性必修三\第六章 计数原理\6.3 二项式定理\课时21851_6.3.1二项式定理-6.3.1二项式定理.1【微信公众号：全都要半糖 免费分享】.docx,https://math-1415627924.cos.ap-guangzhou.myqcloud.com/math-teaching-resources/03-%E6%A6%82%E7%8E%87%E4%B8%8E%E7%BB%9F%E8%AE%A1/01-%E6%95%99%E6%A1%88/%E9%80%89%E6%8B%A9%E6%80%A7%E5%BF%85%E4%BF%AE%E4%B8%89/%E7%AC%AC%E5%85%AD%E7%AB%A0%20%E8%AE%A1%E6%95%B0%E5%8E%9F%E7%90%86/6.3%20%E4%BA%8C%E9%A1%B9%E5%BC%8F%E5%AE%9A%E7%90%86/%E8%AF%BE%E6%97%B621851_6.3.1%E4%BA%8C%E9%A1%B9%E5%BC%8F%E5%AE%9A%E7%90%86-6.3.1%E4%BA%8C%E9%A1%B9%E5%BC%8F%E5%AE%9A%E7%90%86.1%E3%80%90%E5%BE%AE%E4%BF%A1%E5%85%AC%E4%BC%97%E5%8F%B7%EF%BC%9A%E5%85%A8%E9%83%BD%E8%A6%81%E5%8D%8A%E7%B3%96%20%E5%85%8D%E8%B4%B9%E5%88%86%E4%BA%AB%E3%80%91.docx
课时21851_6.3.1二项式定理-6.3.1二项式定理.1【微信公众号：全都要半糖 免费分享】.md,选择性必修三\第六章 计数原理\6.3 二项式定理,Markdown文件,.md,0,,,0,概率与统计教案资源,选择性必修三\第六章 计数原理\6.3 二项式定理\课时21851_6.3.1二项式定理-6.3.1二项式定理.1【微信公众号：全都要半糖 免费分享】.md,https://math-1415627924.cos.ap-guangzhou.myqcloud.com/math-teaching-resources/03-%E6%A6%82%E7%8E%87%E4%B8%8E%E7%BB%9F%E8%AE%A1/01-%E6%95%99%E6%A1%88/%E9%80%89%E6%8B%A9%E6%80%A7%E5%BF%85%E4%BF%AE%E4%B8%89/%E7%AC%AC%E5%85%AD%E7%AB%A0%20%E8%AE%A1%E6%95%B0%E5%8E%9F%E7%90%86/6.3%20%E4%BA%8C%E9%A1%B9%E5%BC%8F%E5%AE%9A%E7%90%86/%E8%AF%BE%E6%97%B621851_6.3.1%E4%BA%8C%E9%A1%B9%E5%BC%8F%E5%AE%9A%E7%90%86-6.3.1%E4%BA%8C%E9%A1%B9%E5%BC%8F%E5%AE%9A%E7%90%86.1%E3%80%90%E5%BE%AE%E4%BF%A1%E5%85%AC%E4%BC%97%E5%8F%B7%EF%BC%9A%E5%85%A8%E9%83%BD%E8%A6%81%E5%8D%8A%E7%B3%96%20%E5%85%8D%E8%B4%B9%E5%88%86%E4%BA%AB%E3%80%91.md
课时21851_6.3.1二项式定理-6.3.1二项式定理【微信公众号：全都要半糖 免费分享】.docx,选择性必修三\第六章 计数原理\6.3 二项式定理,原文件,.docx,0,,,0,概率与统计教案资源,选择性必修三\第六章 计数原理\6.3 二项式定理\课时21851_6.3.1二项式定理-6.3.1二项式定理【微信公众号：全都要半糖 免费分享】.docx,https://math-1415627924.cos.ap-guangzhou.myqcloud.com/math-teaching-resources/03-%E6%A6%82%E7%8E%87%E4%B8%8E%E7%BB%9F%E8%AE%A1/01-%E6%95%99%E6%A1%88/%E9%80%89%E6%8B%A9%E6%80%A7%E5%BF%85%E4%BF%AE%E4%B8%89/%E7%AC%AC%E5%85%AD%E7%AB%A0%20%E8%AE%A1%E6%95%B0%E5%8E%9F%E7%90%86/6.3%20%E4%BA%8C%E9%A1%B9%E5%BC%8F%E5%AE%9A%E7%90%86/%E8%AF%BE%E6%97%B621851_6.3.1%E4%BA%8C%E9%A1%B9%E5%BC%8F%E5%AE%9A%E7%90%86-6.3.1%E4%BA%8C%E9%A1%B9%E5%BC%8F%E5%AE%9A%E7%90%86%E3%80%90%E5%BE%AE%E4%BF%A1%E5%85%AC%E4%BC%97%E5%8F%B7%EF%BC%9A%E5%85%A8%E9%83%BD%E8%A6%81%E5%8D%8A%E7%B3%96%20%E5%85%8D%E8%B4%B9%E5%88%86%E4%BA%AB%E3%80%91.docx
课时21851_6.3.1二项式定理-6.3.1二项式定理【微信公众号：全都要半糖 免费分享】.md,选择性必修三\第六章 计数原理\6.3 二项式定理,Markdown文件,.md,0,,,0,概率与统计教案资源,选择性必修三\第六章 计数原理\6.3 二项式定理\课时21851_6.3.1二项式定理-6.3.1二项式定理【微信公众号：全都要半糖 免费分享】.md,https://math-1415627924.cos.ap-guangzhou.myqcloud.com/math-teaching-resources/03-%E6%A6%82%E7%8E%87%E4%B8%8E%E7%BB%9F%E8%AE%A1/01-%E6%95%99%E6%A1%88/%E9%80%89%E6%8B%A9%E6%80%A7%E5%BF%85%E4%BF%AE%E4%B8%89/%E7%AC%AC%E5%85%AD%E7%AB%A0%20%E8%AE%A1%E6%95%B0%E5%8E%9F%E7%90%86/6.3%20%E4%BA%8C%E9%A1%B9%E5%BC%8F%E5%AE%9A%E7%90%86/%E8%AF%BE%E6%97%B621851_6.3.1%E4%BA%8C%E9%A1%B9%E5%BC%8F%E5%AE%9A%E7%90%86-6.3.1%E4%BA%8C%E9%A1%B9%E5%BC%8F%E5%AE%9A%E7%90%86%E3%80%90%E5%BE%AE%E4%BF%A1%E5%85%AC%E4%BC%97%E5%8F%B7%EF%BC%9A%E5%85%A8%E9%83%BD%E8%A6%81%E5%8D%8A%E7%B3%96%20%E5%85%8D%E8%B4%B9%E5%88%86%E4%BA%AB%E3%80%91.md
课时21852_6.3.2二项式系数的性质-6.3.2二项式系数的性质【微信公众号：全都要半糖 免费分享】.docx,选择性必修三\第六章 计数原理\6.3 二项式定理,原文件,.docx,0,,,0,概率与统计教案资源,选择性必修三\第六章 计数原理\6.3 二项式定理\课时21852_6.3.2二项式系数的性质-6.3.2二项式系数的性质【微信公众号：全都要半糖 免费分享】.docx,https://math-1415627924.cos.ap-guangzhou.myqcloud.com/math-teaching-resources/03-%E6%A6%82%E7%8E%87%E4%B8%8E%E7%BB%9F%E8%AE%A1/01-%E6%95%99%E6%A1%88/%E9%80%89%E6%8B%A9%E6%80%A7%E5%BF%85%E4%BF%AE%E4%B8%89/%E7%AC%AC%E5%85%AD%E7%AB%A0%20%E8%AE%A1%E6%95%B0%E5%8E%9F%E7%90%86/6.3%20%E4%BA%8C%E9%A1%B9%E5%BC%8F%E5%AE%9A%E7%90%86/%E8%AF%BE%E6%97%B621852_6.3.2%E4%BA%8C%E9%A1%B9%E5%BC%8F%E7%B3%BB%E6%95%B0%E7%9A%84%E6%80%A7%E8%B4%A8-6.3.2%E4%BA%8C%E9%A1%B9%E5%BC%8F%E7%B3%BB%E6%95%B0%E7%9A%84%E6%80%A7%E8%B4%A8%E3%80%90%E5%BE%AE%E4%BF%A1%E5%85%AC%E4%BC%97%E5%8F%B7%EF%BC%9A%E5%85%A8%E9%83%BD%E8%A6%81%E5%8D%8A%E7%B3%96%20%E5%85%8D%E8%B4%B9%E5%88%86%E4%BA%AB%E3%80%91.docx
课时21852_6.3.2二项式系数的性质-6.3.2二项式系数的性质【微信公众号：全都要半糖 免费分享】.md,选择性必修三\第六章 计数原理\6.3 二项式定理,Markdown文件,.md,0,,,0,概率与统计教案资源,选择性必修三\第六章 计数原理\6.3 二项式定理\课时21852_6.3.2二项式系数的性质-6.3.2二项式系数的性质【微信公众号：全都要半糖 免费分享】.md,https://math-1415627924.cos.ap-guangzhou.myqcloud.com/math-teaching-resources/03-%E6%A6%82%E7%8E%87%E4%B8%8E%E7%BB%9F%E8%AE%A1/01-%E6%95%99%E6%A1%88/%E9%80%89%E6%8B%A9%E6%80%A7%E5%BF%85%E4%BF%AE%E4%B8%89/%E7%AC%AC%E5%85%AD%E7%AB%A0%20%E8%AE%A1%E6%95%B0%E5%8E%9F%E7%90%86/6.3%20%E4%BA%8C%E9%A1%B9%E5%BC%8F%E5%AE%9A%E7%90%86/%E8%AF%BE%E6%97%B621852_6.3.2%E4%BA%8C%E9%A1%B9%E5%BC%8F%E7%B3%BB%E6%95%B0%E7%9A%84%E6%80%A7%E8%B4%A8-6.3.2%E4%BA%8C%E9%A1%B9%E5%BC%8F%E7%B3%BB%E6%95%B0%E7%9A%84%E6%80%A7%E8%B4%A8%E3%80%90%E5%BE%AE%E4%BF%A1%E5%85%AC%E4%BC%97%E5%8F%B7%EF%BC%9A%E5%85%A8%E9%83%BD%E8%A6%81%E5%8D%8A%E7%B3%96%20%E5%85%8D%E8%B4%B9%E5%88%86%E4%BA%AB%E3%80%91.md
