文件名,目录,文件类型,扩展名,大小(KB),修改时间,关联文件,图片数量,备注,完整路径,云端链接
0617高一数学(人教A版)-简单随机抽样-1教案.docx,必修二\第九章统计\9.1 随机抽样,docx,.docx,361.91,2026/2/6 22:48,,0,,math-teaching-resources/03-概率与统计/01-教案/必修二/第九章统计/9.1 随机抽样/0617高一数学(人教A版)-简单随机抽样-1教案.docx,https://math-1415627924.cos.ap-guangzhou.myqcloud.com/math-teaching-resources/03-概率与统计/01-教案/必修二/第九章统计/9.1 随机抽样/0617高一数学(人教A版)-简单随机抽样-1教案.docx
0617高一数学(人教A版)-简单随机抽样-1教案.md,必修二\第九章统计\9.1 随机抽样,md,.md,17.72,2026/4/19 11:43,,0,,math-teaching-resources/03-概率与统计/01-教案/必修二/第九章统计/9.1 随机抽样/0617高一数学(人教A版)-简单随机抽样-1教案.md,https://math-1415627924.cos.ap-guangzhou.myqcloud.com/math-teaching-resources/03-概率与统计/01-教案/必修二/第九章统计/9.1 随机抽样/0617高一数学(人教A版)-简单随机抽样-1教案.md
0617高一数学(人教A版)-随机抽样-1教案.docx,必修二\第九章统计\9.1 随机抽样,docx,.docx,377.04,2026/2/6 22:48,,0,,math-teaching-resources/03-概率与统计/01-教案/必修二/第九章统计/9.1 随机抽样/0617高一数学(人教A版)-随机抽样-1教案.docx,https://math-1415627924.cos.ap-guangzhou.myqcloud.com/math-teaching-resources/03-概率与统计/01-教案/必修二/第九章统计/9.1 随机抽样/0617高一数学(人教A版)-随机抽样-1教案.docx
0617高一数学(人教A版)-随机抽样-1教案.md,必修二\第九章统计\9.1 随机抽样,md,.md,22.95,2026/4/19 11:43,,0,,math-teaching-resources/03-概率与统计/01-教案/必修二/第九章统计/9.1 随机抽样/0617高一数学(人教A版)-随机抽样-1教案.md,https://math-1415627924.cos.ap-guangzhou.myqcloud.com/math-teaching-resources/03-概率与统计/01-教案/必修二/第九章统计/9.1 随机抽样/0617高一数学(人教A版)-随机抽样-1教案.md
0618高一数学(人教A版)-分层随机抽样-1教案.docx,必修二\第九章统计\9.1 随机抽样,docx,.docx,1230.6,2026/2/6 22:48,,0,,math-teaching-resources/03-概率与统计/01-教案/必修二/第九章统计/9.1 随机抽样/0618高一数学(人教A版)-分层随机抽样-1教案.docx,https://math-1415627924.cos.ap-guangzhou.myqcloud.com/math-teaching-resources/03-概率与统计/01-教案/必修二/第九章统计/9.1 随机抽样/0618高一数学(人教A版)-分层随机抽样-1教案.docx
0618高一数学(人教A版)-分层随机抽样-1教案.md,必修二\第九章统计\9.1 随机抽样,md,.md,26.49,2026/4/19 11:43,,0,,math-teaching-resources/03-概率与统计/01-教案/必修二/第九章统计/9.1 随机抽样/0618高一数学(人教A版)-分层随机抽样-1教案.md,https://math-1415627924.cos.ap-guangzhou.myqcloud.com/math-teaching-resources/03-概率与统计/01-教案/必修二/第九章统计/9.1 随机抽样/0618高一数学(人教A版)-分层随机抽样-1教案.md
0619高一数学(人教A版)获取数据的途径1教案.docx,必修二\第九章统计\9.1 随机抽样,docx,.docx,33.15,2026/2/6 22:48,,0,,math-teaching-resources/03-概率与统计/01-教案/必修二/第九章统计/9.1 随机抽样/0619高一数学(人教A版)获取数据的途径1教案.docx,https://math-1415627924.cos.ap-guangzhou.myqcloud.com/math-teaching-resources/03-概率与统计/01-教案/必修二/第九章统计/9.1 随机抽样/0619高一数学(人教A版)获取数据的途径1教案.docx
0619高一数学(人教A版)获取数据的途径1教案.md,必修二\第九章统计\9.1 随机抽样,md,.md,23.75,2026/4/19 11:43,,0,,math-teaching-resources/03-概率与统计/01-教案/必修二/第九章统计/9.1 随机抽样/0619高一数学(人教A版)获取数据的途径1教案.md,https://math-1415627924.cos.ap-guangzhou.myqcloud.com/math-teaching-resources/03-概率与统计/01-教案/必修二/第九章统计/9.1 随机抽样/0619高一数学(人教A版)获取数据的途径1教案.md
【精品教案】2022年高中数学人教A版（2019）必修二+9.1.1简单随机抽样（1）+教案1.doc,必修二\第九章统计\9.1 随机抽样,doc,.doc,615,2026/2/15 15:59,,0,,math-teaching-resources/03-概率与统计/01-教案/必修二/第九章统计/9.1 随机抽样/【精品教案】2022年高中数学人教A版（2019）必修二+9.1.1简单随机抽样（1）+教案1.doc,https://math-1415627924.cos.ap-guangzhou.myqcloud.com/math-teaching-resources/03-概率与统计/01-教案/必修二/第九章统计/9.1 随机抽样/【精品教案】2022年高中数学人教A版（2019）必修二+9.1.1简单随机抽样（1）+教案1.doc
【精品教案】2022年高中数学人教A版（2019）必修二+9.1.1简单随机抽样（1）+教案1.docx,必修二\第九章统计\9.1 随机抽样,docx,.docx,486.71,2026/4/19 14:53,,0,,math-teaching-resources/03-概率与统计/01-教案/必修二/第九章统计/9.1 随机抽样/【精品教案】2022年高中数学人教A版（2019）必修二+9.1.1简单随机抽样（1）+教案1.docx,https://math-1415627924.cos.ap-guangzhou.myqcloud.com/math-teaching-resources/03-概率与统计/01-教案/必修二/第九章统计/9.1 随机抽样/【精品教案】2022年高中数学人教A版（2019）必修二+9.1.1简单随机抽样（1）+教案1.docx
【精品教案】2022年高中数学人教A版（2019）必修二+9.1.1简单随机抽样（1）+教案1.md,必修二\第九章统计\9.1 随机抽样,md,.md,38.05,2026/4/19 14:56,,0,,math-teaching-resources/03-概率与统计/01-教案/必修二/第九章统计/9.1 随机抽样/【精品教案】2022年高中数学人教A版（2019）必修二+9.1.1简单随机抽样（1）+教案1.md,https://math-1415627924.cos.ap-guangzhou.myqcloud.com/math-teaching-resources/03-概率与统计/01-教案/必修二/第九章统计/9.1 随机抽样/【精品教案】2022年高中数学人教A版（2019）必修二+9.1.1简单随机抽样（1）+教案1.md
北师大版（2019）必修第一册数学《简单随机抽样》教案.docx,必修二\第九章统计\9.1 随机抽样,docx,.docx,27.3,2026/2/15 15:59,,0,,math-teaching-resources/03-概率与统计/01-教案/必修二/第九章统计/9.1 随机抽样/北师大版（2019）必修第一册数学《简单随机抽样》教案.docx,https://math-1415627924.cos.ap-guangzhou.myqcloud.com/math-teaching-resources/03-概率与统计/01-教案/必修二/第九章统计/9.1 随机抽样/北师大版（2019）必修第一册数学《简单随机抽样》教案.docx
北师大版（2019）必修第一册数学《简单随机抽样》教案.md,必修二\第九章统计\9.1 随机抽样,md,.md,17.74,2026/4/19 11:43,,0,,math-teaching-resources/03-概率与统计/01-教案/必修二/第九章统计/9.1 随机抽样/北师大版（2019）必修第一册数学《简单随机抽样》教案.md,https://math-1415627924.cos.ap-guangzhou.myqcloud.com/math-teaching-resources/03-概率与统计/01-教案/必修二/第九章统计/9.1 随机抽样/北师大版（2019）必修第一册数学《简单随机抽样》教案.md
新人教A版高中数学必修二第九单元《9.1.1简单随机抽样(第1课时)》教案.docx,必修二\第九章统计\9.1 随机抽样,docx,.docx,102.97,2026/2/15 15:56,,0,,math-teaching-resources/03-概率与统计/01-教案/必修二/第九章统计/9.1 随机抽样/新人教A版高中数学必修二第九单元《9.1.1简单随机抽样(第1课时)》教案.docx,https://math-1415627924.cos.ap-guangzhou.myqcloud.com/math-teaching-resources/03-概率与统计/01-教案/必修二/第九章统计/9.1 随机抽样/新人教A版高中数学必修二第九单元《9.1.1简单随机抽样(第1课时)》教案.docx
新人教A版高中数学必修二第九单元《9.1.1简单随机抽样(第1课时)》教案.md,必修二\第九章统计\9.1 随机抽样,md,.md,14.77,2026/4/19 11:43,,0,,math-teaching-resources/03-概率与统计/01-教案/必修二/第九章统计/9.1 随机抽样/新人教A版高中数学必修二第九单元《9.1.1简单随机抽样(第1课时)》教案.md,https://math-1415627924.cos.ap-guangzhou.myqcloud.com/math-teaching-resources/03-概率与统计/01-教案/必修二/第九章统计/9.1 随机抽样/新人教A版高中数学必修二第九单元《9.1.1简单随机抽样(第1课时)》教案.md
课时3292_9.1.1简单随机抽样（第2课时）-9.1.1简单随机抽样（第2课时）【公众号dc008免费分享】.docx,必修二\第九章统计\9.1 随机抽样,docx,.docx,144.79,2022/8/25 16:19,,0,,math-teaching-resources/03-概率与统计/01-教案/必修二/第九章统计/9.1 随机抽样/课时3292_9.1.1简单随机抽样（第2课时）-9.1.1简单随机抽样（第2课时）【公众号dc008免费分享】.docx,https://math-1415627924.cos.ap-guangzhou.myqcloud.com/math-teaching-resources/03-概率与统计/01-教案/必修二/第九章统计/9.1 随机抽样/课时3292_9.1.1简单随机抽样（第2课时）-9.1.1简单随机抽样（第2课时）【公众号dc008免费分享】.docx
课时3292_9.1.1简单随机抽样（第2课时）-9.1.1简单随机抽样（第2课时）【公众号dc008免费分享】.md,必修二\第九章统计\9.1 随机抽样,md,.md,11.19,2026/4/19 11:43,,0,,math-teaching-resources/03-概率与统计/01-教案/必修二/第九章统计/9.1 随机抽样/课时3292_9.1.1简单随机抽样（第2课时）-9.1.1简单随机抽样（第2课时）【公众号dc008免费分享】.md,https://math-1415627924.cos.ap-guangzhou.myqcloud.com/math-teaching-resources/03-概率与统计/01-教案/必修二/第九章统计/9.1 随机抽样/课时3292_9.1.1简单随机抽样（第2课时）-9.1.1简单随机抽样（第2课时）【公众号dc008免费分享】.md
课时3293_9.1.2分层随机抽样-9.1.2 分层随机抽样视频课教案【公众号dc008免费分享】.docx,必修二\第九章统计\9.1 随机抽样,docx,.docx,197.85,2022/8/25 16:19,,0,,math-teaching-resources/03-概率与统计/01-教案/必修二/第九章统计/9.1 随机抽样/课时3293_9.1.2分层随机抽样-9.1.2 分层随机抽样视频课教案【公众号dc008免费分享】.docx,https://math-1415627924.cos.ap-guangzhou.myqcloud.com/math-teaching-resources/03-概率与统计/01-教案/必修二/第九章统计/9.1 随机抽样/课时3293_9.1.2分层随机抽样-9.1.2 分层随机抽样视频课教案【公众号dc008免费分享】.docx
课时3293_9.1.2分层随机抽样-9.1.2 分层随机抽样视频课教案【公众号dc008免费分享】.md,必修二\第九章统计\9.1 随机抽样,md,.md,6.52,2026/4/19 11:43,,0,,math-teaching-resources/03-概率与统计/01-教案/必修二/第九章统计/9.1 随机抽样/课时3293_9.1.2分层随机抽样-9.1.2 分层随机抽样视频课教案【公众号dc008免费分享】.md,https://math-1415627924.cos.ap-guangzhou.myqcloud.com/math-teaching-resources/03-概率与统计/01-教案/必修二/第九章统计/9.1 随机抽样/课时3293_9.1.2分层随机抽样-9.1.2 分层随机抽样视频课教案【公众号dc008免费分享】.md
课时3294_9.1.3获取数据的途径-9.1.3获取数据的途径【公众号dc008免费分享】.docx,必修二\第九章统计\9.1 随机抽样,docx,.docx,25.86,2022/8/25 16:20,,0,,math-teaching-resources/03-概率与统计/01-教案/必修二/第九章统计/9.1 随机抽样/课时3294_9.1.3获取数据的途径-9.1.3获取数据的途径【公众号dc008免费分享】.docx,https://math-1415627924.cos.ap-guangzhou.myqcloud.com/math-teaching-resources/03-概率与统计/01-教案/必修二/第九章统计/9.1 随机抽样/课时3294_9.1.3获取数据的途径-9.1.3获取数据的途径【公众号dc008免费分享】.docx
课时3294_9.1.3获取数据的途径-9.1.3获取数据的途径【公众号dc008免费分享】.md,必修二\第九章统计\9.1 随机抽样,md,.md,7.8,2026/4/19 11:43,,0,,math-teaching-resources/03-概率与统计/01-教案/必修二/第九章统计/9.1 随机抽样/课时3294_9.1.3获取数据的途径-9.1.3获取数据的途径【公众号dc008免费分享】.md,https://math-1415627924.cos.ap-guangzhou.myqcloud.com/math-teaching-resources/03-概率与统计/01-教案/必修二/第九章统计/9.1 随机抽样/课时3294_9.1.3获取数据的途径-9.1.3获取数据的途径【公众号dc008免费分享】.md
课时40_第九章随机抽样_9.1.1简单随机抽样 二-教案【公众号dc008免费分享】.md,必修二\第九章统计\9.1 随机抽样,md,.md,10.12,2026/4/19 12:01,,0,,math-teaching-resources/03-概率与统计/01-教案/必修二/第九章统计/9.1 随机抽样/课时40_第九章随机抽样_9.1.1简单随机抽样 二-教案【公众号dc008免费分享】.md,https://math-1415627924.cos.ap-guangzhou.myqcloud.com/math-teaching-resources/03-概率与统计/01-教案/必修二/第九章统计/9.1 随机抽样/课时40_第九章随机抽样_9.1.1简单随机抽样 二-教案【公众号dc008免费分享】.md
课时40_第九章随机抽样_9.1.1简单随机抽样 二-教案【公众号dc008免费分享】.pdf,必修二\第九章统计\9.1 随机抽样,pdf,.pdf,381.01,2022/8/27 17:32,,0,,math-teaching-resources/03-概率与统计/01-教案/必修二/第九章统计/9.1 随机抽样/课时40_第九章随机抽样_9.1.1简单随机抽样 二-教案【公众号dc008免费分享】.pdf,https://math-1415627924.cos.ap-guangzhou.myqcloud.com/math-teaching-resources/03-概率与统计/01-教案/必修二/第九章统计/9.1 随机抽样/课时40_第九章随机抽样_9.1.1简单随机抽样 二-教案【公众号dc008免费分享】.pdf
课时41_第九章随机抽样_9.1.2分层随机抽样-教案【公众号dc008免费分享】.md,必修二\第九章统计\9.1 随机抽样,md,.md,5.68,2026/4/19 12:05,,0,,math-teaching-resources/03-概率与统计/01-教案/必修二/第九章统计/9.1 随机抽样/课时41_第九章随机抽样_9.1.2分层随机抽样-教案【公众号dc008免费分享】.md,https://math-1415627924.cos.ap-guangzhou.myqcloud.com/math-teaching-resources/03-概率与统计/01-教案/必修二/第九章统计/9.1 随机抽样/课时41_第九章随机抽样_9.1.2分层随机抽样-教案【公众号dc008免费分享】.md
课时41_第九章随机抽样_9.1.2分层随机抽样-教案【公众号dc008免费分享】.pdf,必修二\第九章统计\9.1 随机抽样,pdf,.pdf,488.44,2022/8/27 17:32,,0,,math-teaching-resources/03-概率与统计/01-教案/必修二/第九章统计/9.1 随机抽样/课时41_第九章随机抽样_9.1.2分层随机抽样-教案【公众号dc008免费分享】.pdf,https://math-1415627924.cos.ap-guangzhou.myqcloud.com/math-teaching-resources/03-概率与统计/01-教案/必修二/第九章统计/9.1 随机抽样/课时41_第九章随机抽样_9.1.2分层随机抽样-教案【公众号dc008免费分享】.pdf
0618高一数学(人教A版)用样本均值估计总体均值1教案.docx,必修二\第九章统计\9.2 用样本估计总体,docx,.docx,68.16,2026/2/6 22:48,,0,,math-teaching-resources/03-概率与统计/01-教案/必修二/第九章统计/9.2 用样本估计总体/0618高一数学(人教A版)用样本均值估计总体均值1教案.docx,https://math-1415627924.cos.ap-guangzhou.myqcloud.com/math-teaching-resources/03-概率与统计/01-教案/必修二/第九章统计/9.2 用样本估计总体/0618高一数学(人教A版)用样本均值估计总体均值1教案.docx
0618高一数学(人教A版)用样本均值估计总体均值1教案.md,必修二\第九章统计\9.2 用样本估计总体,md,.md,17.75,2026/4/19 11:43,,0,,math-teaching-resources/03-概率与统计/01-教案/必修二/第九章统计/9.2 用样本估计总体/0618高一数学(人教A版)用样本均值估计总体均值1教案.md,https://math-1415627924.cos.ap-guangzhou.myqcloud.com/math-teaching-resources/03-概率与统计/01-教案/必修二/第九章统计/9.2 用样本估计总体/0618高一数学(人教A版)用样本均值估计总体均值1教案.md
0622高一数学(人教A版)-总体取值规律的估计(一)-1教案.docx,必修二\第九章统计\9.2 用样本估计总体,docx,.docx,49.81,2026/2/6 22:48,,0,,math-teaching-resources/03-概率与统计/01-教案/必修二/第九章统计/9.2 用样本估计总体/0622高一数学(人教A版)-总体取值规律的估计(一)-1教案.docx,https://math-1415627924.cos.ap-guangzhou.myqcloud.com/math-teaching-resources/03-概率与统计/01-教案/必修二/第九章统计/9.2 用样本估计总体/0622高一数学(人教A版)-总体取值规律的估计(一)-1教案.docx
0622高一数学(人教A版)-总体取值规律的估计(一)-1教案.md,必修二\第九章统计\9.2 用样本估计总体,md,.md,20.18,2026/4/19 11:43,,0,,math-teaching-resources/03-概率与统计/01-教案/必修二/第九章统计/9.2 用样本估计总体/0622高一数学(人教A版)-总体取值规律的估计(一)-1教案.md,https://math-1415627924.cos.ap-guangzhou.myqcloud.com/math-teaching-resources/03-概率与统计/01-教案/必修二/第九章统计/9.2 用样本估计总体/0622高一数学(人教A版)-总体取值规律的估计(一)-1教案.md
0622高一数学(人教A版)-总体取值规律的估计(二)-1教案.docx,必修二\第九章统计\9.2 用样本估计总体,docx,.docx,251.63,2026/2/6 22:48,,0,,math-teaching-resources/03-概率与统计/01-教案/必修二/第九章统计/9.2 用样本估计总体/0622高一数学(人教A版)-总体取值规律的估计(二)-1教案.docx,https://math-1415627924.cos.ap-guangzhou.myqcloud.com/math-teaching-resources/03-概率与统计/01-教案/必修二/第九章统计/9.2 用样本估计总体/0622高一数学(人教A版)-总体取值规律的估计(二)-1教案.docx
0622高一数学(人教A版)-总体取值规律的估计(二)-1教案.md,必修二\第九章统计\9.2 用样本估计总体,md,.md,20.33,2026/4/19 11:43,,0,,math-teaching-resources/03-概率与统计/01-教案/必修二/第九章统计/9.2 用样本估计总体/0622高一数学(人教A版)-总体取值规律的估计(二)-1教案.md,https://math-1415627924.cos.ap-guangzhou.myqcloud.com/math-teaching-resources/03-概率与统计/01-教案/必修二/第九章统计/9.2 用样本估计总体/0622高一数学(人教A版)-总体取值规律的估计(二)-1教案.md
0623高一数学(人教A版)-总体百分位数的估计-1教案.docx,必修二\第九章统计\9.2 用样本估计总体,docx,.docx,440,2026/2/6 22:48,,0,,math-teaching-resources/03-概率与统计/01-教案/必修二/第九章统计/9.2 用样本估计总体/0623高一数学(人教A版)-总体百分位数的估计-1教案.docx,https://math-1415627924.cos.ap-guangzhou.myqcloud.com/math-teaching-resources/03-概率与统计/01-教案/必修二/第九章统计/9.2 用样本估计总体/0623高一数学(人教A版)-总体百分位数的估计-1教案.docx
0623高一数学(人教A版)-总体百分位数的估计-1教案.md,必修二\第九章统计\9.2 用样本估计总体,md,.md,19,2026/4/19 11:43,,0,,math-teaching-resources/03-概率与统计/01-教案/必修二/第九章统计/9.2 用样本估计总体/0623高一数学(人教A版)-总体百分位数的估计-1教案.md,https://math-1415627924.cos.ap-guangzhou.myqcloud.com/math-teaching-resources/03-概率与统计/01-教案/必修二/第九章统计/9.2 用样本估计总体/0623高一数学(人教A版)-总体百分位数的估计-1教案.md
0623高一数学(人教A版)-总体集中趋势的估计 -1教案.docx,必修二\第九章统计\9.2 用样本估计总体,docx,.docx,271.16,2026/2/6 22:48,,0,,math-teaching-resources/03-概率与统计/01-教案/必修二/第九章统计/9.2 用样本估计总体/0623高一数学(人教A版)-总体集中趋势的估计 -1教案.docx,https://math-1415627924.cos.ap-guangzhou.myqcloud.com/math-teaching-resources/03-概率与统计/01-教案/必修二/第九章统计/9.2 用样本估计总体/0623高一数学(人教A版)-总体集中趋势的估计 -1教案.docx
0623高一数学(人教A版)-总体集中趋势的估计 -1教案.md,必修二\第九章统计\9.2 用样本估计总体,md,.md,33.97,2026/4/19 11:43,,0,,math-teaching-resources/03-概率与统计/01-教案/必修二/第九章统计/9.2 用样本估计总体/0623高一数学(人教A版)-总体集中趋势的估计 -1教案.md,https://math-1415627924.cos.ap-guangzhou.myqcloud.com/math-teaching-resources/03-概率与统计/01-教案/必修二/第九章统计/9.2 用样本估计总体/0623高一数学(人教A版)-总体集中趋势的估计 -1教案.md
0624高一数学(人教A版)总体离散程度的估计(一)1教案   .docx,必修二\第九章统计\9.2 用样本估计总体,docx,.docx,1042.05,2026/2/6 22:48,,0,,math-teaching-resources/03-概率与统计/01-教案/必修二/第九章统计/9.2 用样本估计总体/0624高一数学(人教A版)总体离散程度的估计(一)1教案   .docx,https://math-1415627924.cos.ap-guangzhou.myqcloud.com/math-teaching-resources/03-概率与统计/01-教案/必修二/第九章统计/9.2 用样本估计总体/0624高一数学(人教A版)总体离散程度的估计(一)1教案   .docx
0624高一数学(人教A版)总体离散程度的估计(一)1教案   .md,必修二\第九章统计\9.2 用样本估计总体,md,.md,16.34,2026/4/19 11:43,,0,,math-teaching-resources/03-概率与统计/01-教案/必修二/第九章统计/9.2 用样本估计总体/0624高一数学(人教A版)总体离散程度的估计(一)1教案   .md,https://math-1415627924.cos.ap-guangzhou.myqcloud.com/math-teaching-resources/03-概率与统计/01-教案/必修二/第九章统计/9.2 用样本估计总体/0624高一数学(人教A版)总体离散程度的估计(一)1教案   .md
课时3296_9.2.1总体取值规律的估计-9.2.1总体取值规律的估计教学设计【公众号dc008免费分享】.docx,必修二\第九章统计\9.2 用样本估计总体,docx,.docx,151.29,2022/8/25 16:20,,0,,math-teaching-resources/03-概率与统计/01-教案/必修二/第九章统计/9.2 用样本估计总体/课时3296_9.2.1总体取值规律的估计-9.2.1总体取值规律的估计教学设计【公众号dc008免费分享】.docx,https://math-1415627924.cos.ap-guangzhou.myqcloud.com/math-teaching-resources/03-概率与统计/01-教案/必修二/第九章统计/9.2 用样本估计总体/课时3296_9.2.1总体取值规律的估计-9.2.1总体取值规律的估计教学设计【公众号dc008免费分享】.docx
课时3296_9.2.1总体取值规律的估计-9.2.1总体取值规律的估计教学设计【公众号dc008免费分享】.md,必修二\第九章统计\9.2 用样本估计总体,md,.md,10.23,2026/4/19 11:43,,0,,math-teaching-resources/03-概率与统计/01-教案/必修二/第九章统计/9.2 用样本估计总体/课时3296_9.2.1总体取值规律的估计-9.2.1总体取值规律的估计教学设计【公众号dc008免费分享】.md,https://math-1415627924.cos.ap-guangzhou.myqcloud.com/math-teaching-resources/03-概率与统计/01-教案/必修二/第九章统计/9.2 用样本估计总体/课时3296_9.2.1总体取值规律的估计-9.2.1总体取值规律的估计教学设计【公众号dc008免费分享】.md
课时3297_9.2.2总体百分位数的估计-9.2.2总体百分位数的估计（教学设计）【公众号dc008免费分享】.docx,必修二\第九章统计\9.2 用样本估计总体,docx,.docx,257.67,2022/8/25 16:20,,0,,math-teaching-resources/03-概率与统计/01-教案/必修二/第九章统计/9.2 用样本估计总体/课时3297_9.2.2总体百分位数的估计-9.2.2总体百分位数的估计（教学设计）【公众号dc008免费分享】.docx,https://math-1415627924.cos.ap-guangzhou.myqcloud.com/math-teaching-resources/03-概率与统计/01-教案/必修二/第九章统计/9.2 用样本估计总体/课时3297_9.2.2总体百分位数的估计-9.2.2总体百分位数的估计（教学设计）【公众号dc008免费分享】.docx
课时3297_9.2.2总体百分位数的估计-9.2.2总体百分位数的估计（教学设计）【公众号dc008免费分享】.md,必修二\第九章统计\9.2 用样本估计总体,md,.md,5.61,2026/4/19 11:43,,0,,math-teaching-resources/03-概率与统计/01-教案/必修二/第九章统计/9.2 用样本估计总体/课时3297_9.2.2总体百分位数的估计-9.2.2总体百分位数的估计（教学设计）【公众号dc008免费分享】.md,https://math-1415627924.cos.ap-guangzhou.myqcloud.com/math-teaching-resources/03-概率与统计/01-教案/必修二/第九章统计/9.2 用样本估计总体/课时3297_9.2.2总体百分位数的估计-9.2.2总体百分位数的估计（教学设计）【公众号dc008免费分享】.md
课时3298_9.2.3总体集中趋势的估计-9.2.3总体集中趋势的估计教学设计—刘诗婷【公众号dc008免费分享】.docx,必修二\第九章统计\9.2 用样本估计总体,docx,.docx,225,2022/8/25 16:20,,0,,math-teaching-resources/03-概率与统计/01-教案/必修二/第九章统计/9.2 用样本估计总体/课时3298_9.2.3总体集中趋势的估计-9.2.3总体集中趋势的估计教学设计—刘诗婷【公众号dc008免费分享】.docx,https://math-1415627924.cos.ap-guangzhou.myqcloud.com/math-teaching-resources/03-概率与统计/01-教案/必修二/第九章统计/9.2 用样本估计总体/课时3298_9.2.3总体集中趋势的估计-9.2.3总体集中趋势的估计教学设计—刘诗婷【公众号dc008免费分享】.docx
课时3298_9.2.3总体集中趋势的估计-9.2.3总体集中趋势的估计教学设计—刘诗婷【公众号dc008免费分享】.md,必修二\第九章统计\9.2 用样本估计总体,md,.md,12.12,2026/4/19 11:43,,0,,math-teaching-resources/03-概率与统计/01-教案/必修二/第九章统计/9.2 用样本估计总体/课时3298_9.2.3总体集中趋势的估计-9.2.3总体集中趋势的估计教学设计—刘诗婷【公众号dc008免费分享】.md,https://math-1415627924.cos.ap-guangzhou.myqcloud.com/math-teaching-resources/03-概率与统计/01-教案/必修二/第九章统计/9.2 用样本估计总体/课时3298_9.2.3总体集中趋势的估计-9.2.3总体集中趋势的估计教学设计—刘诗婷【公众号dc008免费分享】.md
课时3299_9.2.4总体离散成都的估计-9.2.4总体离散程度的估计【公众号dc008免费分享】.docx,必修二\第九章统计\9.2 用样本估计总体,docx,.docx,87.78,2022/8/25 16:20,,0,,math-teaching-resources/03-概率与统计/01-教案/必修二/第九章统计/9.2 用样本估计总体/课时3299_9.2.4总体离散成都的估计-9.2.4总体离散程度的估计【公众号dc008免费分享】.docx,https://math-1415627924.cos.ap-guangzhou.myqcloud.com/math-teaching-resources/03-概率与统计/01-教案/必修二/第九章统计/9.2 用样本估计总体/课时3299_9.2.4总体离散成都的估计-9.2.4总体离散程度的估计【公众号dc008免费分享】.docx
课时3299_9.2.4总体离散成都的估计-9.2.4总体离散程度的估计【公众号dc008免费分享】.md,必修二\第九章统计\9.2 用样本估计总体,md,.md,8.16,2026/4/19 11:43,,0,,math-teaching-resources/03-概率与统计/01-教案/必修二/第九章统计/9.2 用样本估计总体/课时3299_9.2.4总体离散成都的估计-9.2.4总体离散程度的估计【公众号dc008免费分享】.md,https://math-1415627924.cos.ap-guangzhou.myqcloud.com/math-teaching-resources/03-概率与统计/01-教案/必修二/第九章统计/9.2 用样本估计总体/课时3299_9.2.4总体离散成都的估计-9.2.4总体离散程度的估计【公众号dc008免费分享】.md
课时42_第九章随机抽样_9.2.1总体取值规律的估计 一 【至5.画频率分布直方图】-教案【公众号dc008免费分享】.md,必修二\第九章统计\9.2 用样本估计总体,md,.md,13.6,2026/4/19 12:10,,0,,math-teaching-resources/03-概率与统计/01-教案/必修二/第九章统计/9.2 用样本估计总体/课时42_第九章随机抽样_9.2.1总体取值规律的估计 一 【至5.画频率分布直方图】-教案【公众号dc008免费分享】.md,https://math-1415627924.cos.ap-guangzhou.myqcloud.com/math-teaching-resources/03-概率与统计/01-教案/必修二/第九章统计/9.2 用样本估计总体/课时42_第九章随机抽样_9.2.1总体取值规律的估计 一 【至5.画频率分布直方图】-教案【公众号dc008免费分享】.md
课时42_第九章随机抽样_9.2.1总体取值规律的估计 一 【至5.画频率分布直方图】-教案【公众号dc008免费分享】.pdf,必修二\第九章统计\9.2 用样本估计总体,pdf,.pdf,513.51,2022/8/27 17:33,,0,,math-teaching-resources/03-概率与统计/01-教案/必修二/第九章统计/9.2 用样本估计总体/课时42_第九章随机抽样_9.2.1总体取值规律的估计 一 【至5.画频率分布直方图】-教案【公众号dc008免费分享】.pdf,https://math-1415627924.cos.ap-guangzhou.myqcloud.com/math-teaching-resources/03-概率与统计/01-教案/必修二/第九章统计/9.2 用样本估计总体/课时42_第九章随机抽样_9.2.1总体取值规律的估计 一 【至5.画频率分布直方图】-教案【公众号dc008免费分享】.pdf
课时43_第九章随机抽样_9.2.2总体取值规律的估计 二-教案【公众号dc008免费分享】.md,必修二\第九章统计\9.2 用样本估计总体,md,.md,9.99,2026/4/19 12:16,,0,,math-teaching-resources/03-概率与统计/01-教案/必修二/第九章统计/9.2 用样本估计总体/课时43_第九章随机抽样_9.2.2总体取值规律的估计 二-教案【公众号dc008免费分享】.md,https://math-1415627924.cos.ap-guangzhou.myqcloud.com/math-teaching-resources/03-概率与统计/01-教案/必修二/第九章统计/9.2 用样本估计总体/课时43_第九章随机抽样_9.2.2总体取值规律的估计 二-教案【公众号dc008免费分享】.md
课时43_第九章随机抽样_9.2.2总体取值规律的估计 二-教案【公众号dc008免费分享】.pdf,必修二\第九章统计\9.2 用样本估计总体,pdf,.pdf,602.74,2022/8/27 17:34,,0,,math-teaching-resources/03-概率与统计/01-教案/必修二/第九章统计/9.2 用样本估计总体/课时43_第九章随机抽样_9.2.2总体取值规律的估计 二-教案【公众号dc008免费分享】.pdf,https://math-1415627924.cos.ap-guangzhou.myqcloud.com/math-teaching-resources/03-概率与统计/01-教案/必修二/第九章统计/9.2 用样本估计总体/课时43_第九章随机抽样_9.2.2总体取值规律的估计 二-教案【公众号dc008免费分享】.pdf
课时44_第九章随机抽样_9.2.2总体百分位数的估计-教案【公众号dc008免费分享】 (2).md,必修二\第九章统计\9.2 用样本估计总体,md,.md,9.76,2026/4/19 12:22,,0,,math-teaching-resources/03-概率与统计/01-教案/必修二/第九章统计/9.2 用样本估计总体/课时44_第九章随机抽样_9.2.2总体百分位数的估计-教案【公众号dc008免费分享】 (2).md,https://math-1415627924.cos.ap-guangzhou.myqcloud.com/math-teaching-resources/03-概率与统计/01-教案/必修二/第九章统计/9.2 用样本估计总体/课时44_第九章随机抽样_9.2.2总体百分位数的估计-教案【公众号dc008免费分享】 (2).md
课时44_第九章随机抽样_9.2.2总体百分位数的估计-教案【公众号dc008免费分享】 (3).md,必修二\第九章统计\9.2 用样本估计总体,md,.md,12.6,2026/4/19 12:20,,0,,math-teaching-resources/03-概率与统计/01-教案/必修二/第九章统计/9.2 用样本估计总体/课时44_第九章随机抽样_9.2.2总体百分位数的估计-教案【公众号dc008免费分享】 (3).md,https://math-1415627924.cos.ap-guangzhou.myqcloud.com/math-teaching-resources/03-概率与统计/01-教案/必修二/第九章统计/9.2 用样本估计总体/课时44_第九章随机抽样_9.2.2总体百分位数的估计-教案【公众号dc008免费分享】 (3).md
课时44_第九章随机抽样_9.2.2总体百分位数的估计-教案【公众号dc008免费分享】.md,必修二\第九章统计\9.2 用样本估计总体,md,.md,12.2,2026/4/19 12:19,,0,,math-teaching-resources/03-概率与统计/01-教案/必修二/第九章统计/9.2 用样本估计总体/课时44_第九章随机抽样_9.2.2总体百分位数的估计-教案【公众号dc008免费分享】.md,https://math-1415627924.cos.ap-guangzhou.myqcloud.com/math-teaching-resources/03-概率与统计/01-教案/必修二/第九章统计/9.2 用样本估计总体/课时44_第九章随机抽样_9.2.2总体百分位数的估计-教案【公众号dc008免费分享】.md
课时44_第九章随机抽样_9.2.2总体百分位数的估计-教案【公众号dc008免费分享】.pdf,必修二\第九章统计\9.2 用样本估计总体,pdf,.pdf,1352.5,2022/8/27 17:34,,0,,math-teaching-resources/03-概率与统计/01-教案/必修二/第九章统计/9.2 用样本估计总体/课时44_第九章随机抽样_9.2.2总体百分位数的估计-教案【公众号dc008免费分享】.pdf,https://math-1415627924.cos.ap-guangzhou.myqcloud.com/math-teaching-resources/03-概率与统计/01-教案/必修二/第九章统计/9.2 用样本估计总体/课时44_第九章随机抽样_9.2.2总体百分位数的估计-教案【公众号dc008免费分享】.pdf
课时45_第九章随机抽样_9.2.3总体集中趋势的估计-教案【公众号dc008免费分享】.pdf,必修二\第九章统计\9.2 用样本估计总体,pdf,.pdf,334.78,2022/8/27 17:35,,0,,math-teaching-resources/03-概率与统计/01-教案/必修二/第九章统计/9.2 用样本估计总体/课时45_第九章随机抽样_9.2.3总体集中趋势的估计-教案【公众号dc008免费分享】.pdf,https://math-1415627924.cos.ap-guangzhou.myqcloud.com/math-teaching-resources/03-概率与统计/01-教案/必修二/第九章统计/9.2 用样本估计总体/课时45_第九章随机抽样_9.2.3总体集中趋势的估计-教案【公众号dc008免费分享】.pdf
课时46_第九章随机抽样_9.2.4总体离散程度的估计-教案【公众号dc008免费分享】.pdf,必修二\第九章统计\9.2 用样本估计总体,pdf,.pdf,1274.94,2022/8/27 17:35,,0,,math-teaching-resources/03-概率与统计/01-教案/必修二/第九章统计/9.2 用样本估计总体/课时46_第九章随机抽样_9.2.4总体离散程度的估计-教案【公众号dc008免费分享】.pdf,https://math-1415627924.cos.ap-guangzhou.myqcloud.com/math-teaching-resources/03-概率与统计/01-教案/必修二/第九章统计/9.2 用样本估计总体/课时46_第九章随机抽样_9.2.4总体离散程度的估计-教案【公众号dc008免费分享】.pdf
0628高一数学(人教A版)-统计案例1教案 (2).docx,必修二\第九章统计\9.3 统计案例 公司员工的肥胖情况调查分析,docx,.docx,2460.59,2026/2/6 23:09,,0,,math-teaching-resources/03-概率与统计/01-教案/必修二/第九章统计/9.3 统计案例 公司员工的肥胖情况调查分析/0628高一数学(人教A版)-统计案例1教案 (2).docx,https://math-1415627924.cos.ap-guangzhou.myqcloud.com/math-teaching-resources/03-概率与统计/01-教案/必修二/第九章统计/9.3 统计案例 公司员工的肥胖情况调查分析/0628高一数学(人教A版)-统计案例1教案 (2).docx
0628高一数学(人教A版)-统计案例1教案 (2).md,必修二\第九章统计\9.3 统计案例 公司员工的肥胖情况调查分析,md,.md,19.91,2026/4/19 11:43,,0,,math-teaching-resources/03-概率与统计/01-教案/必修二/第九章统计/9.3 统计案例 公司员工的肥胖情况调查分析/0628高一数学(人教A版)-统计案例1教案 (2).md,https://math-1415627924.cos.ap-guangzhou.myqcloud.com/math-teaching-resources/03-概率与统计/01-教案/必修二/第九章统计/9.3 统计案例 公司员工的肥胖情况调查分析/0628高一数学(人教A版)-统计案例1教案 (2).md
0628高一数学(人教A版)-统计案例1教案.docx,必修二\第九章统计\9.3 统计案例 公司员工的肥胖情况调查分析,docx,.docx,2460.59,2026/2/6 22:48,,0,,math-teaching-resources/03-概率与统计/01-教案/必修二/第九章统计/9.3 统计案例 公司员工的肥胖情况调查分析/0628高一数学(人教A版)-统计案例1教案.docx,https://math-1415627924.cos.ap-guangzhou.myqcloud.com/math-teaching-resources/03-概率与统计/01-教案/必修二/第九章统计/9.3 统计案例 公司员工的肥胖情况调查分析/0628高一数学(人教A版)-统计案例1教案.docx
0628高一数学(人教A版)-统计案例1教案.md,必修二\第九章统计\9.3 统计案例 公司员工的肥胖情况调查分析,md,.md,19.91,2026/4/19 11:44,,0,,math-teaching-resources/03-概率与统计/01-教案/必修二/第九章统计/9.3 统计案例 公司员工的肥胖情况调查分析/0628高一数学(人教A版)-统计案例1教案.md,https://math-1415627924.cos.ap-guangzhou.myqcloud.com/math-teaching-resources/03-概率与统计/01-教案/必修二/第九章统计/9.3 统计案例 公司员工的肥胖情况调查分析/0628高一数学(人教A版)-统计案例1教案.md
0628高一数学(人教A版)-统计案例3学习任务单.docx,必修二\第九章统计\9.3 统计案例 公司员工的肥胖情况调查分析,docx,.docx,13.68,2026/2/6 23:08,,0,,math-teaching-resources/03-概率与统计/01-教案/必修二/第九章统计/9.3 统计案例 公司员工的肥胖情况调查分析/0628高一数学(人教A版)-统计案例3学习任务单.docx,https://math-1415627924.cos.ap-guangzhou.myqcloud.com/math-teaching-resources/03-概率与统计/01-教案/必修二/第九章统计/9.3 统计案例 公司员工的肥胖情况调查分析/0628高一数学(人教A版)-统计案例3学习任务单.docx
0628高一数学(人教A版)-统计案例3学习任务单.md,必修二\第九章统计\9.3 统计案例 公司员工的肥胖情况调查分析,md,.md,2.33,2026/4/19 11:44,,0,,math-teaching-resources/03-概率与统计/01-教案/必修二/第九章统计/9.3 统计案例 公司员工的肥胖情况调查分析/0628高一数学(人教A版)-统计案例3学习任务单.md,https://math-1415627924.cos.ap-guangzhou.myqcloud.com/math-teaching-resources/03-概率与统计/01-教案/必修二/第九章统计/9.3 统计案例 公司员工的肥胖情况调查分析/0628高一数学(人教A版)-统计案例3学习任务单.md
9.3 统计案例 公司员工的肥胖情况调查分析.md,必修二\第九章统计\9.3 统计案例 公司员工的肥胖情况调查分析,md,.md,11.83,2026/4/19 12:30,,0,,math-teaching-resources/03-概率与统计/01-教案/必修二/第九章统计/9.3 统计案例 公司员工的肥胖情况调查分析/9.3 统计案例 公司员工的肥胖情况调查分析.md,https://math-1415627924.cos.ap-guangzhou.myqcloud.com/math-teaching-resources/03-概率与统计/01-教案/必修二/第九章统计/9.3 统计案例 公司员工的肥胖情况调查分析/9.3 统计案例 公司员工的肥胖情况调查分析.md
9.3+统计案例+公司员工的肥胖情况调查分析.pdf,必修二\第九章统计\9.3 统计案例 公司员工的肥胖情况调查分析,pdf,.pdf,732.97,2026/2/15 15:36,,0,,math-teaching-resources/03-概率与统计/01-教案/必修二/第九章统计/9.3 统计案例 公司员工的肥胖情况调查分析/9.3+统计案例+公司员工的肥胖情况调查分析.pdf,https://math-1415627924.cos.ap-guangzhou.myqcloud.com/math-teaching-resources/03-概率与统计/01-教案/必修二/第九章统计/9.3 统计案例 公司员工的肥胖情况调查分析/9.3+统计案例+公司员工的肥胖情况调查分析.pdf
统计案例公司员工的肥胖情况调查分析（教学设计）.doc,必修二\第九章统计\9.3 统计案例 公司员工的肥胖情况调查分析,doc,.doc,154,2026/2/15 15:37,,0,,math-teaching-resources/03-概率与统计/01-教案/必修二/第九章统计/9.3 统计案例 公司员工的肥胖情况调查分析/统计案例公司员工的肥胖情况调查分析（教学设计）.doc,https://math-1415627924.cos.ap-guangzhou.myqcloud.com/math-teaching-resources/03-概率与统计/01-教案/必修二/第九章统计/9.3 统计案例 公司员工的肥胖情况调查分析/统计案例公司员工的肥胖情况调查分析（教学设计）.doc
统计案例公司员工的肥胖情况调查分析（教学设计）.docx,必修二\第九章统计\9.3 统计案例 公司员工的肥胖情况调查分析,docx,.docx,102.95,2026/4/19 14:53,,0,,math-teaching-resources/03-概率与统计/01-教案/必修二/第九章统计/9.3 统计案例 公司员工的肥胖情况调查分析/统计案例公司员工的肥胖情况调查分析（教学设计）.docx,https://math-1415627924.cos.ap-guangzhou.myqcloud.com/math-teaching-resources/03-概率与统计/01-教案/必修二/第九章统计/9.3 统计案例 公司员工的肥胖情况调查分析/统计案例公司员工的肥胖情况调查分析（教学设计）.docx
统计案例公司员工的肥胖情况调查分析（教学设计）.md,必修二\第九章统计\9.3 统计案例 公司员工的肥胖情况调查分析,md,.md,11.71,2026/4/19 14:56,,0,,math-teaching-resources/03-概率与统计/01-教案/必修二/第九章统计/9.3 统计案例 公司员工的肥胖情况调查分析/统计案例公司员工的肥胖情况调查分析（教学设计）.md,https://math-1415627924.cos.ap-guangzhou.myqcloud.com/math-teaching-resources/03-概率与统计/01-教案/必修二/第九章统计/9.3 统计案例 公司员工的肥胖情况调查分析/统计案例公司员工的肥胖情况调查分析（教学设计）.md
0628高一数学(人教A版)随机事件与概率(第一课时)1教案 (2).docx,必修二\第十章概率\10.1 随机事件与概率,docx,.docx,252.79,2026/2/6 23:08,,0,,math-teaching-resources/03-概率与统计/01-教案/必修二/第十章概率/10.1 随机事件与概率/0628高一数学(人教A版)随机事件与概率(第一课时)1教案 (2).docx,https://math-1415627924.cos.ap-guangzhou.myqcloud.com/math-teaching-resources/03-概率与统计/01-教案/必修二/第十章概率/10.1 随机事件与概率/0628高一数学(人教A版)随机事件与概率(第一课时)1教案 (2).docx
0628高一数学(人教A版)随机事件与概率(第一课时)1教案 (2).md,必修二\第十章概率\10.1 随机事件与概率,md,.md,36.02,2026/4/19 11:44,,0,,math-teaching-resources/03-概率与统计/01-教案/必修二/第十章概率/10.1 随机事件与概率/0628高一数学(人教A版)随机事件与概率(第一课时)1教案 (2).md,https://math-1415627924.cos.ap-guangzhou.myqcloud.com/math-teaching-resources/03-概率与统计/01-教案/必修二/第十章概率/10.1 随机事件与概率/0628高一数学(人教A版)随机事件与概率(第一课时)1教案 (2).md
0628高一数学(人教A版)随机事件与概率(第一课时)1教案.docx,必修二\第十章概率\10.1 随机事件与概率,docx,.docx,252.79,2026/2/6 22:48,,0,,math-teaching-resources/03-概率与统计/01-教案/必修二/第十章概率/10.1 随机事件与概率/0628高一数学(人教A版)随机事件与概率(第一课时)1教案.docx,https://math-1415627924.cos.ap-guangzhou.myqcloud.com/math-teaching-resources/03-概率与统计/01-教案/必修二/第十章概率/10.1 随机事件与概率/0628高一数学(人教A版)随机事件与概率(第一课时)1教案.docx
0628高一数学(人教A版)随机事件与概率(第一课时)1教案.md,必修二\第十章概率\10.1 随机事件与概率,md,.md,36.02,2026/4/19 11:44,,0,,math-teaching-resources/03-概率与统计/01-教案/必修二/第十章概率/10.1 随机事件与概率/0628高一数学(人教A版)随机事件与概率(第一课时)1教案.md,https://math-1415627924.cos.ap-guangzhou.myqcloud.com/math-teaching-resources/03-概率与统计/01-教案/必修二/第十章概率/10.1 随机事件与概率/0628高一数学(人教A版)随机事件与概率(第一课时)1教案.md
0629高一数学(人教A版)随机事件与概率(第二课时)教案 (2).docx,必修二\第十章概率\10.1 随机事件与概率,docx,.docx,565.86,2026/2/6 23:08,,0,,math-teaching-resources/03-概率与统计/01-教案/必修二/第十章概率/10.1 随机事件与概率/0629高一数学(人教A版)随机事件与概率(第二课时)教案 (2).docx,https://math-1415627924.cos.ap-guangzhou.myqcloud.com/math-teaching-resources/03-概率与统计/01-教案/必修二/第十章概率/10.1 随机事件与概率/0629高一数学(人教A版)随机事件与概率(第二课时)教案 (2).docx
0629高一数学(人教A版)随机事件与概率(第二课时)教案 (2).md,必修二\第十章概率\10.1 随机事件与概率,md,.md,32.17,2026/4/19 11:44,,0,,math-teaching-resources/03-概率与统计/01-教案/必修二/第十章概率/10.1 随机事件与概率/0629高一数学(人教A版)随机事件与概率(第二课时)教案 (2).md,https://math-1415627924.cos.ap-guangzhou.myqcloud.com/math-teaching-resources/03-概率与统计/01-教案/必修二/第十章概率/10.1 随机事件与概率/0629高一数学(人教A版)随机事件与概率(第二课时)教案 (2).md
0629高一数学(人教A版)随机事件与概率(第二课时)教案.docx,必修二\第十章概率\10.1 随机事件与概率,docx,.docx,565.86,2026/2/6 22:48,,0,,math-teaching-resources/03-概率与统计/01-教案/必修二/第十章概率/10.1 随机事件与概率/0629高一数学(人教A版)随机事件与概率(第二课时)教案.docx,https://math-1415627924.cos.ap-guangzhou.myqcloud.com/math-teaching-resources/03-概率与统计/01-教案/必修二/第十章概率/10.1 随机事件与概率/0629高一数学(人教A版)随机事件与概率(第二课时)教案.docx
0629高一数学(人教A版)随机事件与概率(第二课时)教案.md,必修二\第十章概率\10.1 随机事件与概率,md,.md,32.17,2026/4/19 11:44,,0,,math-teaching-resources/03-概率与统计/01-教案/必修二/第十章概率/10.1 随机事件与概率/0629高一数学(人教A版)随机事件与概率(第二课时)教案.md,https://math-1415627924.cos.ap-guangzhou.myqcloud.com/math-teaching-resources/03-概率与统计/01-教案/必修二/第十章概率/10.1 随机事件与概率/0629高一数学(人教A版)随机事件与概率(第二课时)教案.md
0630高一数学(人教A版)随机事件与概率(第三课时)1教案 (2).docx,必修二\第十章概率\10.1 随机事件与概率,docx,.docx,65.61,2026/2/6 23:08,,0,,math-teaching-resources/03-概率与统计/01-教案/必修二/第十章概率/10.1 随机事件与概率/0630高一数学(人教A版)随机事件与概率(第三课时)1教案 (2).docx,https://math-1415627924.cos.ap-guangzhou.myqcloud.com/math-teaching-resources/03-概率与统计/01-教案/必修二/第十章概率/10.1 随机事件与概率/0630高一数学(人教A版)随机事件与概率(第三课时)1教案 (2).docx
0630高一数学(人教A版)随机事件与概率(第三课时)1教案 (2).md,必修二\第十章概率\10.1 随机事件与概率,md,.md,25.11,2026/4/19 11:44,,0,,math-teaching-resources/03-概率与统计/01-教案/必修二/第十章概率/10.1 随机事件与概率/0630高一数学(人教A版)随机事件与概率(第三课时)1教案 (2).md,https://math-1415627924.cos.ap-guangzhou.myqcloud.com/math-teaching-resources/03-概率与统计/01-教案/必修二/第十章概率/10.1 随机事件与概率/0630高一数学(人教A版)随机事件与概率(第三课时)1教案 (2).md
0630高一数学(人教A版)随机事件与概率(第三课时)1教案.docx,必修二\第十章概率\10.1 随机事件与概率,docx,.docx,65.61,2026/2/6 22:48,,0,,math-teaching-resources/03-概率与统计/01-教案/必修二/第十章概率/10.1 随机事件与概率/0630高一数学(人教A版)随机事件与概率(第三课时)1教案.docx,https://math-1415627924.cos.ap-guangzhou.myqcloud.com/math-teaching-resources/03-概率与统计/01-教案/必修二/第十章概率/10.1 随机事件与概率/0630高一数学(人教A版)随机事件与概率(第三课时)1教案.docx
0630高一数学(人教A版)随机事件与概率(第三课时)1教案.md,必修二\第十章概率\10.1 随机事件与概率,md,.md,25.11,2026/4/19 11:44,,0,,math-teaching-resources/03-概率与统计/01-教案/必修二/第十章概率/10.1 随机事件与概率/0630高一数学(人教A版)随机事件与概率(第三课时)1教案.md,https://math-1415627924.cos.ap-guangzhou.myqcloud.com/math-teaching-resources/03-概率与统计/01-教案/必修二/第十章概率/10.1 随机事件与概率/0630高一数学(人教A版)随机事件与概率(第三课时)1教案.md
0701高一数学(人教A版)随机事件与概率(第四课时)1教案 (2).docx,必修二\第十章概率\10.1 随机事件与概率,docx,.docx,238.51,2026/2/6 23:08,,0,,math-teaching-resources/03-概率与统计/01-教案/必修二/第十章概率/10.1 随机事件与概率/0701高一数学(人教A版)随机事件与概率(第四课时)1教案 (2).docx,https://math-1415627924.cos.ap-guangzhou.myqcloud.com/math-teaching-resources/03-概率与统计/01-教案/必修二/第十章概率/10.1 随机事件与概率/0701高一数学(人教A版)随机事件与概率(第四课时)1教案 (2).docx
0701高一数学(人教A版)随机事件与概率(第四课时)1教案 (2).md,必修二\第十章概率\10.1 随机事件与概率,md,.md,22.7,2026/4/19 11:44,,0,,math-teaching-resources/03-概率与统计/01-教案/必修二/第十章概率/10.1 随机事件与概率/0701高一数学(人教A版)随机事件与概率(第四课时)1教案 (2).md,https://math-1415627924.cos.ap-guangzhou.myqcloud.com/math-teaching-resources/03-概率与统计/01-教案/必修二/第十章概率/10.1 随机事件与概率/0701高一数学(人教A版)随机事件与概率(第四课时)1教案 (2).md
0701高一数学(人教A版)随机事件与概率(第四课时)1教案.docx,必修二\第十章概率\10.1 随机事件与概率,docx,.docx,238.51,2026/2/6 22:48,,0,,math-teaching-resources/03-概率与统计/01-教案/必修二/第十章概率/10.1 随机事件与概率/0701高一数学(人教A版)随机事件与概率(第四课时)1教案.docx,https://math-1415627924.cos.ap-guangzhou.myqcloud.com/math-teaching-resources/03-概率与统计/01-教案/必修二/第十章概率/10.1 随机事件与概率/0701高一数学(人教A版)随机事件与概率(第四课时)1教案.docx
0701高一数学(人教A版)随机事件与概率(第四课时)1教案.md,必修二\第十章概率\10.1 随机事件与概率,md,.md,22.7,2026/4/19 11:44,,0,,math-teaching-resources/03-概率与统计/01-教案/必修二/第十章概率/10.1 随机事件与概率/0701高一数学(人教A版)随机事件与概率(第四课时)1教案.md,https://math-1415627924.cos.ap-guangzhou.myqcloud.com/math-teaching-resources/03-概率与统计/01-教案/必修二/第十章概率/10.1 随机事件与概率/0701高一数学(人教A版)随机事件与概率(第四课时)1教案.md
0702高一数学(人教A版)频率与概率(第一课时)1教案 (2).docx,必修二\第十章概率\10.1 随机事件与概率,docx,.docx,82.86,2026/2/6 23:08,,0,,math-teaching-resources/03-概率与统计/01-教案/必修二/第十章概率/10.1 随机事件与概率/0702高一数学(人教A版)频率与概率(第一课时)1教案 (2).docx,https://math-1415627924.cos.ap-guangzhou.myqcloud.com/math-teaching-resources/03-概率与统计/01-教案/必修二/第十章概率/10.1 随机事件与概率/0702高一数学(人教A版)频率与概率(第一课时)1教案 (2).docx
0702高一数学(人教A版)频率与概率(第一课时)1教案 (2).md,必修二\第十章概率\10.1 随机事件与概率,md,.md,23.62,2026/4/19 11:44,,0,,math-teaching-resources/03-概率与统计/01-教案/必修二/第十章概率/10.1 随机事件与概率/0702高一数学(人教A版)频率与概率(第一课时)1教案 (2).md,https://math-1415627924.cos.ap-guangzhou.myqcloud.com/math-teaching-resources/03-概率与统计/01-教案/必修二/第十章概率/10.1 随机事件与概率/0702高一数学(人教A版)频率与概率(第一课时)1教案 (2).md
0702高一数学(人教A版)频率与概率(第一课时)1教案.docx,必修二\第十章概率\10.1 随机事件与概率,docx,.docx,82.86,2026/2/6 22:48,,0,,math-teaching-resources/03-概率与统计/01-教案/必修二/第十章概率/10.1 随机事件与概率/0702高一数学(人教A版)频率与概率(第一课时)1教案.docx,https://math-1415627924.cos.ap-guangzhou.myqcloud.com/math-teaching-resources/03-概率与统计/01-教案/必修二/第十章概率/10.1 随机事件与概率/0702高一数学(人教A版)频率与概率(第一课时)1教案.docx
0702高一数学(人教A版)频率与概率(第一课时)1教案.md,必修二\第十章概率\10.1 随机事件与概率,md,.md,23.62,2026/4/19 11:44,,0,,math-teaching-resources/03-概率与统计/01-教案/必修二/第十章概率/10.1 随机事件与概率/0702高一数学(人教A版)频率与概率(第一课时)1教案.md,https://math-1415627924.cos.ap-guangzhou.myqcloud.com/math-teaching-resources/03-概率与统计/01-教案/必修二/第十章概率/10.1 随机事件与概率/0702高一数学(人教A版)频率与概率(第一课时)1教案.md
课时3302_10.1.1有限样本空间与随机事件-10.1.1有限样本空间与随机事件教学设计【公众号dc008免费分享】.docx,必修二\第十章概率\10.1 随机事件与概率,docx,.docx,344.68,2022/8/25 16:20,,0,,math-teaching-resources/03-概率与统计/01-教案/必修二/第十章概率/10.1 随机事件与概率/课时3302_10.1.1有限样本空间与随机事件-10.1.1有限样本空间与随机事件教学设计【公众号dc008免费分享】.docx,https://math-1415627924.cos.ap-guangzhou.myqcloud.com/math-teaching-resources/03-概率与统计/01-教案/必修二/第十章概率/10.1 随机事件与概率/课时3302_10.1.1有限样本空间与随机事件-10.1.1有限样本空间与随机事件教学设计【公众号dc008免费分享】.docx
课时3302_10.1.1有限样本空间与随机事件-10.1.1有限样本空间与随机事件教学设计【公众号dc008免费分享】.md,必修二\第十章概率\10.1 随机事件与概率,md,.md,11.71,2026/4/19 11:44,,0,,math-teaching-resources/03-概率与统计/01-教案/必修二/第十章概率/10.1 随机事件与概率/课时3302_10.1.1有限样本空间与随机事件-10.1.1有限样本空间与随机事件教学设计【公众号dc008免费分享】.md,https://math-1415627924.cos.ap-guangzhou.myqcloud.com/math-teaching-resources/03-概率与统计/01-教案/必修二/第十章概率/10.1 随机事件与概率/课时3302_10.1.1有限样本空间与随机事件-10.1.1有限样本空间与随机事件教学设计【公众号dc008免费分享】.md
课时3305_10.1.2事件的关系和运算-10.1.2事件的关系和运算教学设计【公众号dc008免费分享】.docx,必修二\第十章概率\10.1 随机事件与概率,docx,.docx,223.66,2022/8/25 16:21,,0,,math-teaching-resources/03-概率与统计/01-教案/必修二/第十章概率/10.1 随机事件与概率/课时3305_10.1.2事件的关系和运算-10.1.2事件的关系和运算教学设计【公众号dc008免费分享】.docx,https://math-1415627924.cos.ap-guangzhou.myqcloud.com/math-teaching-resources/03-概率与统计/01-教案/必修二/第十章概率/10.1 随机事件与概率/课时3305_10.1.2事件的关系和运算-10.1.2事件的关系和运算教学设计【公众号dc008免费分享】.docx
课时3305_10.1.2事件的关系和运算-10.1.2事件的关系和运算教学设计【公众号dc008免费分享】.md,必修二\第十章概率\10.1 随机事件与概率,md,.md,8.37,2026/4/19 11:44,,0,,math-teaching-resources/03-概率与统计/01-教案/必修二/第十章概率/10.1 随机事件与概率/课时3305_10.1.2事件的关系和运算-10.1.2事件的关系和运算教学设计【公众号dc008免费分享】.md,https://math-1415627924.cos.ap-guangzhou.myqcloud.com/math-teaching-resources/03-概率与统计/01-教案/必修二/第十章概率/10.1 随机事件与概率/课时3305_10.1.2事件的关系和运算-10.1.2事件的关系和运算教学设计【公众号dc008免费分享】.md
课时3308_10.1.3古典概型-10.1.3古典概型【公众号dc008免费分享】.docx,必修二\第十章概率\10.1 随机事件与概率,docx,.docx,556.94,2022/8/25 16:21,,0,,math-teaching-resources/03-概率与统计/01-教案/必修二/第十章概率/10.1 随机事件与概率/课时3308_10.1.3古典概型-10.1.3古典概型【公众号dc008免费分享】.docx,https://math-1415627924.cos.ap-guangzhou.myqcloud.com/math-teaching-resources/03-概率与统计/01-教案/必修二/第十章概率/10.1 随机事件与概率/课时3308_10.1.3古典概型-10.1.3古典概型【公众号dc008免费分享】.docx
课时3308_10.1.3古典概型-10.1.3古典概型【公众号dc008免费分享】.md,必修二\第十章概率\10.1 随机事件与概率,md,.md,5.73,2026/4/19 11:44,,0,,math-teaching-resources/03-概率与统计/01-教案/必修二/第十章概率/10.1 随机事件与概率/课时3308_10.1.3古典概型-10.1.3古典概型【公众号dc008免费分享】.md,https://math-1415627924.cos.ap-guangzhou.myqcloud.com/math-teaching-resources/03-概率与统计/01-教案/必修二/第十章概率/10.1 随机事件与概率/课时3308_10.1.3古典概型-10.1.3古典概型【公众号dc008免费分享】.md
课时3310_10.1.4 概率的基本性质-10.1.4 概率的基本性质【公众号dc008免费分享】.doc,必修二\第十章概率\10.1 随机事件与概率,doc,.doc,214.5,2022/8/25 16:21,,0,,math-teaching-resources/03-概率与统计/01-教案/必修二/第十章概率/10.1 随机事件与概率/课时3310_10.1.4 概率的基本性质-10.1.4 概率的基本性质【公众号dc008免费分享】.doc,https://math-1415627924.cos.ap-guangzhou.myqcloud.com/math-teaching-resources/03-概率与统计/01-教案/必修二/第十章概率/10.1 随机事件与概率/课时3310_10.1.4 概率的基本性质-10.1.4 概率的基本性质【公众号dc008免费分享】.doc
课时3310_10.1.4 概率的基本性质-10.1.4 概率的基本性质【公众号dc008免费分享】.docx,必修二\第十章概率\10.1 随机事件与概率,docx,.docx,132.94,2026/4/19 14:53,,0,,math-teaching-resources/03-概率与统计/01-教案/必修二/第十章概率/10.1 随机事件与概率/课时3310_10.1.4 概率的基本性质-10.1.4 概率的基本性质【公众号dc008免费分享】.docx,https://math-1415627924.cos.ap-guangzhou.myqcloud.com/math-teaching-resources/03-概率与统计/01-教案/必修二/第十章概率/10.1 随机事件与概率/课时3310_10.1.4 概率的基本性质-10.1.4 概率的基本性质【公众号dc008免费分享】.docx
课时3310_10.1.4 概率的基本性质-10.1.4 概率的基本性质【公众号dc008免费分享】.md,必修二\第十章概率\10.1 随机事件与概率,md,.md,6.68,2026/4/19 14:56,,0,,math-teaching-resources/03-概率与统计/01-教案/必修二/第十章概率/10.1 随机事件与概率/课时3310_10.1.4 概率的基本性质-10.1.4 概率的基本性质【公众号dc008免费分享】.md,https://math-1415627924.cos.ap-guangzhou.myqcloud.com/math-teaching-resources/03-概率与统计/01-教案/必修二/第十章概率/10.1 随机事件与概率/课时3310_10.1.4 概率的基本性质-10.1.4 概率的基本性质【公众号dc008免费分享】.md
课时47_第十章概率_10.1.1有限样本空间与随机事件-教案【公众号dc008免费分享】.md,必修二\第十章概率\10.1 随机事件与概率,md,.md,17.98,2026/4/19 12:31,,0,,math-teaching-resources/03-概率与统计/01-教案/必修二/第十章概率/10.1 随机事件与概率/课时47_第十章概率_10.1.1有限样本空间与随机事件-教案【公众号dc008免费分享】.md,https://math-1415627924.cos.ap-guangzhou.myqcloud.com/math-teaching-resources/03-概率与统计/01-教案/必修二/第十章概率/10.1 随机事件与概率/课时47_第十章概率_10.1.1有限样本空间与随机事件-教案【公众号dc008免费分享】.md
课时47_第十章概率_10.1.1有限样本空间与随机事件-教案【公众号dc008免费分享】.pdf,必修二\第十章概率\10.1 随机事件与概率,pdf,.pdf,311.62,2022/8/27 17:36,,0,,math-teaching-resources/03-概率与统计/01-教案/必修二/第十章概率/10.1 随机事件与概率/课时47_第十章概率_10.1.1有限样本空间与随机事件-教案【公众号dc008免费分享】.pdf,https://math-1415627924.cos.ap-guangzhou.myqcloud.com/math-teaching-resources/03-概率与统计/01-教案/必修二/第十章概率/10.1 随机事件与概率/课时47_第十章概率_10.1.1有限样本空间与随机事件-教案【公众号dc008免费分享】.pdf
课时48_第十章概率_10.1.2事件的关系和运算-教案【公众号dc008免费分享】.md,必修二\第十章概率\10.1 随机事件与概率,md,.md,13.83,2026/4/19 12:37,,0,,math-teaching-resources/03-概率与统计/01-教案/必修二/第十章概率/10.1 随机事件与概率/课时48_第十章概率_10.1.2事件的关系和运算-教案【公众号dc008免费分享】.md,https://math-1415627924.cos.ap-guangzhou.myqcloud.com/math-teaching-resources/03-概率与统计/01-教案/必修二/第十章概率/10.1 随机事件与概率/课时48_第十章概率_10.1.2事件的关系和运算-教案【公众号dc008免费分享】.md
课时48_第十章概率_10.1.2事件的关系和运算-教案【公众号dc008免费分享】.pdf,必修二\第十章概率\10.1 随机事件与概率,pdf,.pdf,1437.18,2022/8/27 17:36,,0,,math-teaching-resources/03-概率与统计/01-教案/必修二/第十章概率/10.1 随机事件与概率/课时48_第十章概率_10.1.2事件的关系和运算-教案【公众号dc008免费分享】.pdf,https://math-1415627924.cos.ap-guangzhou.myqcloud.com/math-teaching-resources/03-概率与统计/01-教案/必修二/第十章概率/10.1 随机事件与概率/课时48_第十章概率_10.1.2事件的关系和运算-教案【公众号dc008免费分享】.pdf
课时49_第十章概率_10.1.3古典概型-教案【公众号dc008免费分享】.md,必修二\第十章概率\10.1 随机事件与概率,md,.md,17.4,2026/4/19 12:37,,0,,math-teaching-resources/03-概率与统计/01-教案/必修二/第十章概率/10.1 随机事件与概率/课时49_第十章概率_10.1.3古典概型-教案【公众号dc008免费分享】.md,https://math-1415627924.cos.ap-guangzhou.myqcloud.com/math-teaching-resources/03-概率与统计/01-教案/必修二/第十章概率/10.1 随机事件与概率/课时49_第十章概率_10.1.3古典概型-教案【公众号dc008免费分享】.md
课时49_第十章概率_10.1.3古典概型-教案【公众号dc008免费分享】.pdf,必修二\第十章概率\10.1 随机事件与概率,pdf,.pdf,1806.27,2022/8/27 17:37,,0,,math-teaching-resources/03-概率与统计/01-教案/必修二/第十章概率/10.1 随机事件与概率/课时49_第十章概率_10.1.3古典概型-教案【公众号dc008免费分享】.pdf,https://math-1415627924.cos.ap-guangzhou.myqcloud.com/math-teaching-resources/03-概率与统计/01-教案/必修二/第十章概率/10.1 随机事件与概率/课时49_第十章概率_10.1.3古典概型-教案【公众号dc008免费分享】.pdf
课时50_第十章概率_10.1.4概率的基本性质-教案【公众号dc008免费分享】.md,必修二\第十章概率\10.1 随机事件与概率,md,.md,12.55,2026/4/19 12:42,,0,,math-teaching-resources/03-概率与统计/01-教案/必修二/第十章概率/10.1 随机事件与概率/课时50_第十章概率_10.1.4概率的基本性质-教案【公众号dc008免费分享】.md,https://math-1415627924.cos.ap-guangzhou.myqcloud.com/math-teaching-resources/03-概率与统计/01-教案/必修二/第十章概率/10.1 随机事件与概率/课时50_第十章概率_10.1.4概率的基本性质-教案【公众号dc008免费分享】.md
课时50_第十章概率_10.1.4概率的基本性质-教案【公众号dc008免费分享】.pdf,必修二\第十章概率\10.1 随机事件与概率,pdf,.pdf,3919.15,2022/8/27 17:37,,0,,math-teaching-resources/03-概率与统计/01-教案/必修二/第十章概率/10.1 随机事件与概率/课时50_第十章概率_10.1.4概率的基本性质-教案【公众号dc008免费分享】.pdf,https://math-1415627924.cos.ap-guangzhou.myqcloud.com/math-teaching-resources/03-概率与统计/01-教案/必修二/第十章概率/10.1 随机事件与概率/课时50_第十章概率_10.1.4概率的基本性质-教案【公众号dc008免费分享】.pdf
0702高一数学(人教A版)-事件的相互独立性1教案 (2).docx,必修二\第十章概率\10.2 事件的相互独立性,docx,.docx,356.7,2026/2/6 23:08,,0,,math-teaching-resources/03-概率与统计/01-教案/必修二/第十章概率/10.2 事件的相互独立性/0702高一数学(人教A版)-事件的相互独立性1教案 (2).docx,https://math-1415627924.cos.ap-guangzhou.myqcloud.com/math-teaching-resources/03-概率与统计/01-教案/必修二/第十章概率/10.2 事件的相互独立性/0702高一数学(人教A版)-事件的相互独立性1教案 (2).docx
0702高一数学(人教A版)-事件的相互独立性1教案 (2).md,必修二\第十章概率\10.2 事件的相互独立性,md,.md,25.85,2026/4/19 11:44,,0,,math-teaching-resources/03-概率与统计/01-教案/必修二/第十章概率/10.2 事件的相互独立性/0702高一数学(人教A版)-事件的相互独立性1教案 (2).md,https://math-1415627924.cos.ap-guangzhou.myqcloud.com/math-teaching-resources/03-概率与统计/01-教案/必修二/第十章概率/10.2 事件的相互独立性/0702高一数学(人教A版)-事件的相互独立性1教案 (2).md
0702高一数学(人教A版)-事件的相互独立性1教案.docx,必修二\第十章概率\10.2 事件的相互独立性,docx,.docx,356.7,2026/2/6 22:48,,0,,math-teaching-resources/03-概率与统计/01-教案/必修二/第十章概率/10.2 事件的相互独立性/0702高一数学(人教A版)-事件的相互独立性1教案.docx,https://math-1415627924.cos.ap-guangzhou.myqcloud.com/math-teaching-resources/03-概率与统计/01-教案/必修二/第十章概率/10.2 事件的相互独立性/0702高一数学(人教A版)-事件的相互独立性1教案.docx
0702高一数学(人教A版)-事件的相互独立性1教案.md,必修二\第十章概率\10.2 事件的相互独立性,md,.md,25.85,2026/4/19 11:44,,0,,math-teaching-resources/03-概率与统计/01-教案/必修二/第十章概率/10.2 事件的相互独立性/0702高一数学(人教A版)-事件的相互独立性1教案.md,https://math-1415627924.cos.ap-guangzhou.myqcloud.com/math-teaching-resources/03-概率与统计/01-教案/必修二/第十章概率/10.2 事件的相互独立性/0702高一数学(人教A版)-事件的相互独立性1教案.md
0702高一数学(人教A版)-事件的相互独立性3学习任务单.docx,必修二\第十章概率\10.2 事件的相互独立性,docx,.docx,81.94,2026/2/6 23:08,,0,,math-teaching-resources/03-概率与统计/01-教案/必修二/第十章概率/10.2 事件的相互独立性/0702高一数学(人教A版)-事件的相互独立性3学习任务单.docx,https://math-1415627924.cos.ap-guangzhou.myqcloud.com/math-teaching-resources/03-概率与统计/01-教案/必修二/第十章概率/10.2 事件的相互独立性/0702高一数学(人教A版)-事件的相互独立性3学习任务单.docx
0702高一数学(人教A版)-事件的相互独立性3学习任务单.md,必修二\第十章概率\10.2 事件的相互独立性,md,.md,3.28,2026/4/19 11:44,,0,,math-teaching-resources/03-概率与统计/01-教案/必修二/第十章概率/10.2 事件的相互独立性/0702高一数学(人教A版)-事件的相互独立性3学习任务单.md,https://math-1415627924.cos.ap-guangzhou.myqcloud.com/math-teaching-resources/03-概率与统计/01-教案/必修二/第十章概率/10.2 事件的相互独立性/0702高一数学(人教A版)-事件的相互独立性3学习任务单.md
10.2事件的相互独立性导学案（2）-人教A版高中数学.docx,必修二\第十章概率\10.2 事件的相互独立性,docx,.docx,158.92,2026/2/15 15:42,,0,,math-teaching-resources/03-概率与统计/01-教案/必修二/第十章概率/10.2 事件的相互独立性/10.2事件的相互独立性导学案（2）-人教A版高中数学.docx,https://math-1415627924.cos.ap-guangzhou.myqcloud.com/math-teaching-resources/03-概率与统计/01-教案/必修二/第十章概率/10.2 事件的相互独立性/10.2事件的相互独立性导学案（2）-人教A版高中数学.docx
10.2事件的相互独立性导学案（2）-人教A版高中数学.md,必修二\第十章概率\10.2 事件的相互独立性,md,.md,9.68,2026/4/19 11:44,,0,,math-teaching-resources/03-概率与统计/01-教案/必修二/第十章概率/10.2 事件的相互独立性/10.2事件的相互独立性导学案（2）-人教A版高中数学.md,https://math-1415627924.cos.ap-guangzhou.myqcloud.com/math-teaching-resources/03-概率与统计/01-教案/必修二/第十章概率/10.2 事件的相互独立性/10.2事件的相互独立性导学案（2）-人教A版高中数学.md
10.2事件的相互独立性教学设计（2）-人教A版高中数学.docx,必修二\第十章概率\10.2 事件的相互独立性,docx,.docx,66.65,2026/2/15 15:41,,0,,math-teaching-resources/03-概率与统计/01-教案/必修二/第十章概率/10.2 事件的相互独立性/10.2事件的相互独立性教学设计（2）-人教A版高中数学.docx,https://math-1415627924.cos.ap-guangzhou.myqcloud.com/math-teaching-resources/03-概率与统计/01-教案/必修二/第十章概率/10.2 事件的相互独立性/10.2事件的相互独立性教学设计（2）-人教A版高中数学.docx
10.2事件的相互独立性教学设计（2）-人教A版高中数学.md,必修二\第十章概率\10.2 事件的相互独立性,md,.md,9.19,2026/4/19 11:44,,0,,math-teaching-resources/03-概率与统计/01-教案/必修二/第十章概率/10.2 事件的相互独立性/10.2事件的相互独立性教学设计（2）-人教A版高中数学.md,https://math-1415627924.cos.ap-guangzhou.myqcloud.com/math-teaching-resources/03-概率与统计/01-教案/必修二/第十章概率/10.2 事件的相互独立性/10.2事件的相互独立性教学设计（2）-人教A版高中数学.md
2事件的相互独立性教学设计一等奖可以编辑.md,必修二\第十章概率\10.2 事件的相互独立性,md,.md,7.43,2026/4/19 12:46,,0,,math-teaching-resources/03-概率与统计/01-教案/必修二/第十章概率/10.2 事件的相互独立性/2事件的相互独立性教学设计一等奖可以编辑.md,https://math-1415627924.cos.ap-guangzhou.myqcloud.com/math-teaching-resources/03-概率与统计/01-教案/必修二/第十章概率/10.2 事件的相互独立性/2事件的相互独立性教学设计一等奖可以编辑.md
2事件的相互独立性教学设计一等奖可以编辑.pdf,必修二\第十章概率\10.2 事件的相互独立性,pdf,.pdf,275.41,2026/2/15 15:44,,0,,math-teaching-resources/03-概率与统计/01-教案/必修二/第十章概率/10.2 事件的相互独立性/2事件的相互独立性教学设计一等奖可以编辑.pdf,https://math-1415627924.cos.ap-guangzhou.myqcloud.com/math-teaching-resources/03-概率与统计/01-教案/必修二/第十章概率/10.2 事件的相互独立性/2事件的相互独立性教学设计一等奖可以编辑.pdf
事件的相互独立性教学设计-高一下学期数学人教A版（2019).docx,必修二\第十章概率\10.2 事件的相互独立性,docx,.docx,19.3,2026/2/15 15:44,,0,,math-teaching-resources/03-概率与统计/01-教案/必修二/第十章概率/10.2 事件的相互独立性/事件的相互独立性教学设计-高一下学期数学人教A版（2019).docx,https://math-1415627924.cos.ap-guangzhou.myqcloud.com/math-teaching-resources/03-概率与统计/01-教案/必修二/第十章概率/10.2 事件的相互独立性/事件的相互独立性教学设计-高一下学期数学人教A版（2019).docx
事件的相互独立性教学设计-高一下学期数学人教A版（2019).md,必修二\第十章概率\10.2 事件的相互独立性,md,.md,9.55,2026/4/19 11:44,,0,,math-teaching-resources/03-概率与统计/01-教案/必修二/第十章概率/10.2 事件的相互独立性/事件的相互独立性教学设计-高一下学期数学人教A版（2019).md,https://math-1415627924.cos.ap-guangzhou.myqcloud.com/math-teaching-resources/03-概率与统计/01-教案/必修二/第十章概率/10.2 事件的相互独立性/事件的相互独立性教学设计-高一下学期数学人教A版（2019).md
事件的相互独立性（教学设计）.md,必修二\第十章概率\10.2 事件的相互独立性,md,.md,13.9,2026/4/19 12:49,,0,,math-teaching-resources/03-概率与统计/01-教案/必修二/第十章概率/10.2 事件的相互独立性/事件的相互独立性（教学设计）.md,https://math-1415627924.cos.ap-guangzhou.myqcloud.com/math-teaching-resources/03-概率与统计/01-教案/必修二/第十章概率/10.2 事件的相互独立性/事件的相互独立性（教学设计）.md
事件的相互独立性（教学设计）.pdf,必修二\第十章概率\10.2 事件的相互独立性,pdf,.pdf,1680.3,2026/2/15 15:43,,0,,math-teaching-resources/03-概率与统计/01-教案/必修二/第十章概率/10.2 事件的相互独立性/事件的相互独立性（教学设计）.pdf,https://math-1415627924.cos.ap-guangzhou.myqcloud.com/math-teaching-resources/03-概率与统计/01-教案/必修二/第十章概率/10.2 事件的相互独立性/事件的相互独立性（教学设计）.pdf
课时3313_10.2事件的相互独立性-10.2事件的相互独立性【公众号dc008免费分享】.docx,必修二\第十章概率\10.2 事件的相互独立性,docx,.docx,25.32,2022/8/25 16:21,,0,,math-teaching-resources/03-概率与统计/01-教案/必修二/第十章概率/10.2 事件的相互独立性/课时3313_10.2事件的相互独立性-10.2事件的相互独立性【公众号dc008免费分享】.docx,https://math-1415627924.cos.ap-guangzhou.myqcloud.com/math-teaching-resources/03-概率与统计/01-教案/必修二/第十章概率/10.2 事件的相互独立性/课时3313_10.2事件的相互独立性-10.2事件的相互独立性【公众号dc008免费分享】.docx
课时3313_10.2事件的相互独立性-10.2事件的相互独立性【公众号dc008免费分享】.md,必修二\第十章概率\10.2 事件的相互独立性,md,.md,7.14,2026/4/19 11:44,,0,,math-teaching-resources/03-概率与统计/01-教案/必修二/第十章概率/10.2 事件的相互独立性/课时3313_10.2事件的相互独立性-10.2事件的相互独立性【公众号dc008免费分享】.md,https://math-1415627924.cos.ap-guangzhou.myqcloud.com/math-teaching-resources/03-概率与统计/01-教案/必修二/第十章概率/10.2 事件的相互独立性/课时3313_10.2事件的相互独立性-10.2事件的相互独立性【公众号dc008免费分享】.md
课时51_第十章概率_10.2事件的相互独立性-教案【公众号dc008免费分享】.md,必修二\第十章概率\10.2 事件的相互独立性,md,.md,16.24,2026/4/19 12:47,,0,,math-teaching-resources/03-概率与统计/01-教案/必修二/第十章概率/10.2 事件的相互独立性/课时51_第十章概率_10.2事件的相互独立性-教案【公众号dc008免费分享】.md,https://math-1415627924.cos.ap-guangzhou.myqcloud.com/math-teaching-resources/03-概率与统计/01-教案/必修二/第十章概率/10.2 事件的相互独立性/课时51_第十章概率_10.2事件的相互独立性-教案【公众号dc008免费分享】.md
课时51_第十章概率_10.2事件的相互独立性-教案【公众号dc008免费分享】.pdf,必修二\第十章概率\10.2 事件的相互独立性,pdf,.pdf,235.44,2022/8/27 17:38,,0,,math-teaching-resources/03-概率与统计/01-教案/必修二/第十章概率/10.2 事件的相互独立性/课时51_第十章概率_10.2事件的相互独立性-教案【公众号dc008免费分享】.pdf,https://math-1415627924.cos.ap-guangzhou.myqcloud.com/math-teaching-resources/03-概率与统计/01-教案/必修二/第十章概率/10.2 事件的相互独立性/课时51_第十章概率_10.2事件的相互独立性-教案【公众号dc008免费分享】.pdf
0703高一数学(人教A版)随机模拟-1教案 (2).docx,必修二\第十章概率\10.3 频率与概率,docx,.docx,328.01,2026/2/6 23:08,,0,,math-teaching-resources/03-概率与统计/01-教案/必修二/第十章概率/10.3 频率与概率/0703高一数学(人教A版)随机模拟-1教案 (2).docx,https://math-1415627924.cos.ap-guangzhou.myqcloud.com/math-teaching-resources/03-概率与统计/01-教案/必修二/第十章概率/10.3 频率与概率/0703高一数学(人教A版)随机模拟-1教案 (2).docx
0703高一数学(人教A版)随机模拟-1教案 (2).md,必修二\第十章概率\10.3 频率与概率,md,.md,18.9,2026/4/19 11:44,,0,,math-teaching-resources/03-概率与统计/01-教案/必修二/第十章概率/10.3 频率与概率/0703高一数学(人教A版)随机模拟-1教案 (2).md,https://math-1415627924.cos.ap-guangzhou.myqcloud.com/math-teaching-resources/03-概率与统计/01-教案/必修二/第十章概率/10.3 频率与概率/0703高一数学(人教A版)随机模拟-1教案 (2).md
0703高一数学(人教A版)随机模拟-1教案.docx,必修二\第十章概率\10.3 频率与概率,docx,.docx,328.01,2026/2/6 22:48,,0,,math-teaching-resources/03-概率与统计/01-教案/必修二/第十章概率/10.3 频率与概率/0703高一数学(人教A版)随机模拟-1教案.docx,https://math-1415627924.cos.ap-guangzhou.myqcloud.com/math-teaching-resources/03-概率与统计/01-教案/必修二/第十章概率/10.3 频率与概率/0703高一数学(人教A版)随机模拟-1教案.docx
0703高一数学(人教A版)随机模拟-1教案.md,必修二\第十章概率\10.3 频率与概率,md,.md,18.9,2026/4/19 11:44,,0,,math-teaching-resources/03-概率与统计/01-教案/必修二/第十章概率/10.3 频率与概率/0703高一数学(人教A版)随机模拟-1教案.md,https://math-1415627924.cos.ap-guangzhou.myqcloud.com/math-teaching-resources/03-概率与统计/01-教案/必修二/第十章概率/10.3 频率与概率/0703高一数学(人教A版)随机模拟-1教案.md
《频率与概率》教学设计1详案.doc,必修二\第十章概率\10.3 频率与概率,doc,.doc,68,2026/2/15 15:48,,0,,math-teaching-resources/03-概率与统计/01-教案/必修二/第十章概率/10.3 频率与概率/《频率与概率》教学设计1详案.doc,https://math-1415627924.cos.ap-guangzhou.myqcloud.com/math-teaching-resources/03-概率与统计/01-教案/必修二/第十章概率/10.3 频率与概率/《频率与概率》教学设计1详案.doc
《频率与概率》教学设计1详案.docx,必修二\第十章概率\10.3 频率与概率,docx,.docx,39.6,2026/4/19 14:53,,0,,math-teaching-resources/03-概率与统计/01-教案/必修二/第十章概率/10.3 频率与概率/《频率与概率》教学设计1详案.docx,https://math-1415627924.cos.ap-guangzhou.myqcloud.com/math-teaching-resources/03-概率与统计/01-教案/必修二/第十章概率/10.3 频率与概率/《频率与概率》教学设计1详案.docx
《频率与概率》教学设计1详案.md,必修二\第十章概率\10.3 频率与概率,md,.md,10.88,2026/4/19 14:56,,0,,math-teaching-resources/03-概率与统计/01-教案/必修二/第十章概率/10.3 频率与概率/《频率与概率》教学设计1详案.md,https://math-1415627924.cos.ap-guangzhou.myqcloud.com/math-teaching-resources/03-概率与统计/01-教案/必修二/第十章概率/10.3 频率与概率/《频率与概率》教学设计1详案.md
《频率与概率》教案 (1).doc,必修二\第十章概率\10.3 频率与概率,doc,.doc,117,2026/2/15 15:48,,0,,math-teaching-resources/03-概率与统计/01-教案/必修二/第十章概率/10.3 频率与概率/《频率与概率》教案 (1).doc,https://math-1415627924.cos.ap-guangzhou.myqcloud.com/math-teaching-resources/03-概率与统计/01-教案/必修二/第十章概率/10.3 频率与概率/《频率与概率》教案 (1).doc
《频率与概率》教案 (1).docx,必修二\第十章概率\10.3 频率与概率,docx,.docx,43.11,2026/4/19 14:53,,0,,math-teaching-resources/03-概率与统计/01-教案/必修二/第十章概率/10.3 频率与概率/《频率与概率》教案 (1).docx,https://math-1415627924.cos.ap-guangzhou.myqcloud.com/math-teaching-resources/03-概率与统计/01-教案/必修二/第十章概率/10.3 频率与概率/《频率与概率》教案 (1).docx
《频率与概率》教案 (1).md,必修二\第十章概率\10.3 频率与概率,md,.md,10.46,2026/4/19 14:56,,0,,math-teaching-resources/03-概率与统计/01-教案/必修二/第十章概率/10.3 频率与概率/《频率与概率》教案 (1).md,https://math-1415627924.cos.ap-guangzhou.myqcloud.com/math-teaching-resources/03-概率与统计/01-教案/必修二/第十章概率/10.3 频率与概率/《频率与概率》教案 (1).md
《频率与概率》教案.doc,必修二\第十章概率\10.3 频率与概率,doc,.doc,36.51,2026/2/15 15:48,,0,,math-teaching-resources/03-概率与统计/01-教案/必修二/第十章概率/10.3 频率与概率/《频率与概率》教案.doc,https://math-1415627924.cos.ap-guangzhou.myqcloud.com/math-teaching-resources/03-概率与统计/01-教案/必修二/第十章概率/10.3 频率与概率/《频率与概率》教案.doc
《频率与概率》教案.docx,必修二\第十章概率\10.3 频率与概率,docx,.docx,19.75,2026/4/19 14:53,,0,,math-teaching-resources/03-概率与统计/01-教案/必修二/第十章概率/10.3 频率与概率/《频率与概率》教案.docx,https://math-1415627924.cos.ap-guangzhou.myqcloud.com/math-teaching-resources/03-概率与统计/01-教案/必修二/第十章概率/10.3 频率与概率/《频率与概率》教案.docx
《频率与概率》教案.md,必修二\第十章概率\10.3 频率与概率,md,.md,5.04,2026/4/19 14:56,,0,,math-teaching-resources/03-概率与统计/01-教案/必修二/第十章概率/10.3 频率与概率/《频率与概率》教案.md,https://math-1415627924.cos.ap-guangzhou.myqcloud.com/math-teaching-resources/03-概率与统计/01-教案/必修二/第十章概率/10.3 频率与概率/《频率与概率》教案.md
【教学设计】频率与概率.doc,必修二\第十章概率\10.3 频率与概率,doc,.doc,28,2026/2/15 15:48,,0,,math-teaching-resources/03-概率与统计/01-教案/必修二/第十章概率/10.3 频率与概率/【教学设计】频率与概率.doc,https://math-1415627924.cos.ap-guangzhou.myqcloud.com/math-teaching-resources/03-概率与统计/01-教案/必修二/第十章概率/10.3 频率与概率/【教学设计】频率与概率.doc
【教学设计】频率与概率.docx,必修二\第十章概率\10.3 频率与概率,docx,.docx,28.26,2026/4/19 14:53,,0,,math-teaching-resources/03-概率与统计/01-教案/必修二/第十章概率/10.3 频率与概率/【教学设计】频率与概率.docx,https://math-1415627924.cos.ap-guangzhou.myqcloud.com/math-teaching-resources/03-概率与统计/01-教案/必修二/第十章概率/10.3 频率与概率/【教学设计】频率与概率.docx
【教学设计】频率与概率.md,必修二\第十章概率\10.3 频率与概率,md,.md,7.91,2026/4/19 14:56,,0,,math-teaching-resources/03-概率与统计/01-教案/必修二/第十章概率/10.3 频率与概率/【教学设计】频率与概率.md,https://math-1415627924.cos.ap-guangzhou.myqcloud.com/math-teaching-resources/03-概率与统计/01-教案/必修二/第十章概率/10.3 频率与概率/【教学设计】频率与概率.md
课时3317_10.3.1频率的稳定性-10.3.1频率的稳定性【公众号dc008免费分享】.docx,必修二\第十章概率\10.3 频率与概率,docx,.docx,159.17,2022/8/25 16:21,,0,,math-teaching-resources/03-概率与统计/01-教案/必修二/第十章概率/10.3 频率与概率/课时3317_10.3.1频率的稳定性-10.3.1频率的稳定性【公众号dc008免费分享】.docx,https://math-1415627924.cos.ap-guangzhou.myqcloud.com/math-teaching-resources/03-概率与统计/01-教案/必修二/第十章概率/10.3 频率与概率/课时3317_10.3.1频率的稳定性-10.3.1频率的稳定性【公众号dc008免费分享】.docx
课时3317_10.3.1频率的稳定性-10.3.1频率的稳定性【公众号dc008免费分享】.md,必修二\第十章概率\10.3 频率与概率,md,.md,13.65,2026/4/19 11:44,,0,,math-teaching-resources/03-概率与统计/01-教案/必修二/第十章概率/10.3 频率与概率/课时3317_10.3.1频率的稳定性-10.3.1频率的稳定性【公众号dc008免费分享】.md,https://math-1415627924.cos.ap-guangzhou.myqcloud.com/math-teaching-resources/03-概率与统计/01-教案/必修二/第十章概率/10.3 频率与概率/课时3317_10.3.1频率的稳定性-10.3.1频率的稳定性【公众号dc008免费分享】.md
课时3320_10.3.2随机模拟-10.3.2随机模拟  教案【公众号dc008免费分享】.docx,必修二\第十章概率\10.3 频率与概率,docx,.docx,77.8,2022/8/25 16:21,,0,,math-teaching-resources/03-概率与统计/01-教案/必修二/第十章概率/10.3 频率与概率/课时3320_10.3.2随机模拟-10.3.2随机模拟  教案【公众号dc008免费分享】.docx,https://math-1415627924.cos.ap-guangzhou.myqcloud.com/math-teaching-resources/03-概率与统计/01-教案/必修二/第十章概率/10.3 频率与概率/课时3320_10.3.2随机模拟-10.3.2随机模拟  教案【公众号dc008免费分享】.docx
课时3320_10.3.2随机模拟-10.3.2随机模拟  教案【公众号dc008免费分享】.md,必修二\第十章概率\10.3 频率与概率,md,.md,8.5,2026/4/19 11:44,,0,,math-teaching-resources/03-概率与统计/01-教案/必修二/第十章概率/10.3 频率与概率/课时3320_10.3.2随机模拟-10.3.2随机模拟  教案【公众号dc008免费分享】.md,https://math-1415627924.cos.ap-guangzhou.myqcloud.com/math-teaching-resources/03-概率与统计/01-教案/必修二/第十章概率/10.3 频率与概率/课时3320_10.3.2随机模拟-10.3.2随机模拟  教案【公众号dc008免费分享】.md
课时52_第十章概率_10.3.1频率的稳定性-教案【公众号dc008免费分享】.md,必修二\第十章概率\10.3 频率与概率,md,.md,13.12,2026/4/19 12:51,,0,,math-teaching-resources/03-概率与统计/01-教案/必修二/第十章概率/10.3 频率与概率/课时52_第十章概率_10.3.1频率的稳定性-教案【公众号dc008免费分享】.md,https://math-1415627924.cos.ap-guangzhou.myqcloud.com/math-teaching-resources/03-概率与统计/01-教案/必修二/第十章概率/10.3 频率与概率/课时52_第十章概率_10.3.1频率的稳定性-教案【公众号dc008免费分享】.md
课时52_第十章概率_10.3.1频率的稳定性-教案【公众号dc008免费分享】.pdf,必修二\第十章概率\10.3 频率与概率,pdf,.pdf,247.08,2022/8/27 17:39,,0,,math-teaching-resources/03-概率与统计/01-教案/必修二/第十章概率/10.3 频率与概率/课时52_第十章概率_10.3.1频率的稳定性-教案【公众号dc008免费分享】.pdf,https://math-1415627924.cos.ap-guangzhou.myqcloud.com/math-teaching-resources/03-概率与统计/01-教案/必修二/第十章概率/10.3 频率与概率/课时52_第十章概率_10.3.1频率的稳定性-教案【公众号dc008免费分享】.pdf
课时53_第十章概率_10.3.2随机模拟-教案【公众号dc008免费分享】.md,必修二\第十章概率\10.3 频率与概率,md,.md,16.89,2026/4/19 12:59,,0,,math-teaching-resources/03-概率与统计/01-教案/必修二/第十章概率/10.3 频率与概率/课时53_第十章概率_10.3.2随机模拟-教案【公众号dc008免费分享】.md,https://math-1415627924.cos.ap-guangzhou.myqcloud.com/math-teaching-resources/03-概率与统计/01-教案/必修二/第十章概率/10.3 频率与概率/课时53_第十章概率_10.3.2随机模拟-教案【公众号dc008免费分享】.md
课时53_第十章概率_10.3.2随机模拟-教案【公众号dc008免费分享】.pdf,必修二\第十章概率\10.3 频率与概率,pdf,.pdf,869.14,2022/8/27 17:39,,0,,math-teaching-resources/03-概率与统计/01-教案/必修二/第十章概率/10.3 频率与概率/课时53_第十章概率_10.3.2随机模拟-教案【公众号dc008免费分享】.pdf,https://math-1415627924.cos.ap-guangzhou.myqcloud.com/math-teaching-resources/03-概率与统计/01-教案/必修二/第十章概率/10.3 频率与概率/课时53_第十章概率_10.3.2随机模拟-教案【公众号dc008免费分享】.pdf
频率与概率教案+.doc,必修二\第十章概率\10.3 频率与概率,doc,.doc,2338.5,2026/2/15 15:49,,0,,math-teaching-resources/03-概率与统计/01-教案/必修二/第十章概率/10.3 频率与概率/频率与概率教案+.doc,https://math-1415627924.cos.ap-guangzhou.myqcloud.com/math-teaching-resources/03-概率与统计/01-教案/必修二/第十章概率/10.3 频率与概率/频率与概率教案+.doc
频率与概率教案+.docx,必修二\第十章概率\10.3 频率与概率,docx,.docx,1243.85,2026/4/19 14:53,,0,,math-teaching-resources/03-概率与统计/01-教案/必修二/第十章概率/10.3 频率与概率/频率与概率教案+.docx,https://math-1415627924.cos.ap-guangzhou.myqcloud.com/math-teaching-resources/03-概率与统计/01-教案/必修二/第十章概率/10.3 频率与概率/频率与概率教案+.docx
频率与概率教案+.md,必修二\第十章概率\10.3 频率与概率,md,.md,10.98,2026/4/19 14:56,,0,,math-teaching-resources/03-概率与统计/01-教案/必修二/第十章概率/10.3 频率与概率/频率与概率教案+.md,https://math-1415627924.cos.ap-guangzhou.myqcloud.com/math-teaching-resources/03-概率与统计/01-教案/必修二/第十章概率/10.3 频率与概率/频率与概率教案+.md
频率与概率教案.doc,必修二\第十章概率\10.3 频率与概率,doc,.doc,29,2026/2/15 15:47,,0,,math-teaching-resources/03-概率与统计/01-教案/必修二/第十章概率/10.3 频率与概率/频率与概率教案.doc,https://math-1415627924.cos.ap-guangzhou.myqcloud.com/math-teaching-resources/03-概率与统计/01-教案/必修二/第十章概率/10.3 频率与概率/频率与概率教案.doc
频率与概率教案.docx,必修二\第十章概率\10.3 频率与概率,docx,.docx,21.22,2026/4/19 14:53,,0,,math-teaching-resources/03-概率与统计/01-教案/必修二/第十章概率/10.3 频率与概率/频率与概率教案.docx,https://math-1415627924.cos.ap-guangzhou.myqcloud.com/math-teaching-resources/03-概率与统计/01-教案/必修二/第十章概率/10.3 频率与概率/频率与概率教案.docx
频率与概率教案.md,必修二\第十章概率\10.3 频率与概率,md,.md,7.63,2026/4/19 14:56,,0,,math-teaching-resources/03-概率与统计/01-教案/必修二/第十章概率/10.3 频率与概率/频率与概率教案.md,https://math-1415627924.cos.ap-guangzhou.myqcloud.com/math-teaching-resources/03-概率与统计/01-教案/必修二/第十章概率/10.3 频率与概率/频率与概率教案.md
0703高一数学(人教A版)概率章节复习1教案.docx,必修二\第十章概率\第十章综合,docx,.docx,189.58,2026/2/6 22:48,,0,,math-teaching-resources/03-概率与统计/01-教案/必修二/第十章概率/第十章综合/0703高一数学(人教A版)概率章节复习1教案.docx,https://math-1415627924.cos.ap-guangzhou.myqcloud.com/math-teaching-resources/03-概率与统计/01-教案/必修二/第十章概率/第十章综合/0703高一数学(人教A版)概率章节复习1教案.docx
0703高一数学(人教A版)概率章节复习1教案.md,必修二\第十章概率\第十章综合,md,.md,18.91,2026/4/19 11:44,,0,,math-teaching-resources/03-概率与统计/01-教案/必修二/第十章概率/第十章综合/0703高一数学(人教A版)概率章节复习1教案.md,https://math-1415627924.cos.ap-guangzhou.myqcloud.com/math-teaching-resources/03-概率与统计/01-教案/必修二/第十章概率/第十章综合/0703高一数学(人教A版)概率章节复习1教案.md
0703高一数学(人教A版)概率章节复习3学习任务单.docx,必修二\第十章概率\第十章综合,docx,.docx,44.28,2026/2/6 23:08,,0,,math-teaching-resources/03-概率与统计/01-教案/必修二/第十章概率/第十章综合/0703高一数学(人教A版)概率章节复习3学习任务单.docx,https://math-1415627924.cos.ap-guangzhou.myqcloud.com/math-teaching-resources/03-概率与统计/01-教案/必修二/第十章概率/第十章综合/0703高一数学(人教A版)概率章节复习3学习任务单.docx
0703高一数学(人教A版)概率章节复习3学习任务单.md,必修二\第十章概率\第十章综合,md,.md,4.68,2026/4/19 11:44,,0,,math-teaching-resources/03-概率与统计/01-教案/必修二/第十章概率/第十章综合/0703高一数学(人教A版)概率章节复习3学习任务单.md,https://math-1415627924.cos.ap-guangzhou.myqcloud.com/math-teaching-resources/03-概率与统计/01-教案/必修二/第十章概率/第十章综合/0703高一数学(人教A版)概率章节复习3学习任务单.md
7.1.1  条件概率教学设计模板.docx,选择性必修三\第七章 随机变量及其分布\7.1 条件概率与全概率公式,docx,.docx,45.77,2026/2/15 15:20,,0,,math-teaching-resources/03-概率与统计/01-教案/选择性必修三/第七章 随机变量及其分布/7.1 条件概率与全概率公式/7.1.1  条件概率教学设计模板.docx,https://math-1415627924.cos.ap-guangzhou.myqcloud.com/math-teaching-resources/03-概率与统计/01-教案/选择性必修三/第七章 随机变量及其分布/7.1 条件概率与全概率公式/7.1.1  条件概率教学设计模板.docx
7.1.1  条件概率教学设计模板.md,选择性必修三\第七章 随机变量及其分布\7.1 条件概率与全概率公式,md,.md,19.02,2026/4/19 11:44,,0,,math-teaching-resources/03-概率与统计/01-教案/选择性必修三/第七章 随机变量及其分布/7.1 条件概率与全概率公式/7.1.1  条件概率教学设计模板.md,https://math-1415627924.cos.ap-guangzhou.myqcloud.com/math-teaching-resources/03-概率与统计/01-教案/选择性必修三/第七章 随机变量及其分布/7.1 条件概率与全概率公式/7.1.1  条件概率教学设计模板.md
7.1.1 条件概率   教学设计.docx,选择性必修三\第七章 随机变量及其分布\7.1 条件概率与全概率公式,docx,.docx,323.24,2026/2/15 15:20,,0,,math-teaching-resources/03-概率与统计/01-教案/选择性必修三/第七章 随机变量及其分布/7.1 条件概率与全概率公式/7.1.1 条件概率   教学设计.docx,https://math-1415627924.cos.ap-guangzhou.myqcloud.com/math-teaching-resources/03-概率与统计/01-教案/选择性必修三/第七章 随机变量及其分布/7.1 条件概率与全概率公式/7.1.1 条件概率   教学设计.docx
7.1.1 条件概率   教学设计.md,选择性必修三\第七章 随机变量及其分布\7.1 条件概率与全概率公式,md,.md,24.72,2026/4/19 11:44,,0,,math-teaching-resources/03-概率与统计/01-教案/选择性必修三/第七章 随机变量及其分布/7.1 条件概率与全概率公式/7.1.1 条件概率   教学设计.md,https://math-1415627924.cos.ap-guangzhou.myqcloud.com/math-teaching-resources/03-概率与统计/01-教案/选择性必修三/第七章 随机变量及其分布/7.1 条件概率与全概率公式/7.1.1 条件概率   教学设计.md
7.1.1 条件概率  导学案.docx,选择性必修三\第七章 随机变量及其分布\7.1 条件概率与全概率公式,docx,.docx,555.05,2026/2/15 15:29,,0,,math-teaching-resources/03-概率与统计/01-教案/选择性必修三/第七章 随机变量及其分布/7.1 条件概率与全概率公式/7.1.1 条件概率  导学案.docx,https://math-1415627924.cos.ap-guangzhou.myqcloud.com/math-teaching-resources/03-概率与统计/01-教案/选择性必修三/第七章 随机变量及其分布/7.1 条件概率与全概率公式/7.1.1 条件概率  导学案.docx
7.1.1 条件概率  导学案.md,选择性必修三\第七章 随机变量及其分布\7.1 条件概率与全概率公式,md,.md,16.1,2026/4/19 11:44,,0,,math-teaching-resources/03-概率与统计/01-教案/选择性必修三/第七章 随机变量及其分布/7.1 条件概率与全概率公式/7.1.1 条件概率  导学案.md,https://math-1415627924.cos.ap-guangzhou.myqcloud.com/math-teaching-resources/03-概率与统计/01-教案/选择性必修三/第七章 随机变量及其分布/7.1 条件概率与全概率公式/7.1.1 条件概率  导学案.md
7.1.1+条件概率（学案）-高二数学（A版2019必三）.docx,选择性必修三\第七章 随机变量及其分布\7.1 条件概率与全概率公式,docx,.docx,82.67,2026/2/15 15:19,,0,,math-teaching-resources/03-概率与统计/01-教案/选择性必修三/第七章 随机变量及其分布/7.1 条件概率与全概率公式/7.1.1+条件概率（学案）-高二数学（A版2019必三）.docx,https://math-1415627924.cos.ap-guangzhou.myqcloud.com/math-teaching-resources/03-概率与统计/01-教案/选择性必修三/第七章 随机变量及其分布/7.1 条件概率与全概率公式/7.1.1+条件概率（学案）-高二数学（A版2019必三）.docx
7.1.1+条件概率（学案）-高二数学（A版2019必三）.md,选择性必修三\第七章 随机变量及其分布\7.1 条件概率与全概率公式,md,.md,13.57,2026/4/19 11:44,,0,,math-teaching-resources/03-概率与统计/01-教案/选择性必修三/第七章 随机变量及其分布/7.1 条件概率与全概率公式/7.1.1+条件概率（学案）-高二数学（A版2019必三）.md,https://math-1415627924.cos.ap-guangzhou.myqcloud.com/math-teaching-resources/03-概率与统计/01-教案/选择性必修三/第七章 随机变量及其分布/7.1 条件概率与全概率公式/7.1.1+条件概率（学案）-高二数学（A版2019必三）.md
7.1.2  全概率公式教学设计模板.docx,选择性必修三\第七章 随机变量及其分布\7.1 条件概率与全概率公式,docx,.docx,59.86,2026/2/15 15:20,,0,,math-teaching-resources/03-概率与统计/01-教案/选择性必修三/第七章 随机变量及其分布/7.1 条件概率与全概率公式/7.1.2  全概率公式教学设计模板.docx,https://math-1415627924.cos.ap-guangzhou.myqcloud.com/math-teaching-resources/03-概率与统计/01-教案/选择性必修三/第七章 随机变量及其分布/7.1 条件概率与全概率公式/7.1.2  全概率公式教学设计模板.docx
7.1.2  全概率公式教学设计模板.md,选择性必修三\第七章 随机变量及其分布\7.1 条件概率与全概率公式,md,.md,15.87,2026/4/19 11:44,,0,,math-teaching-resources/03-概率与统计/01-教案/选择性必修三/第七章 随机变量及其分布/7.1 条件概率与全概率公式/7.1.2  全概率公式教学设计模板.md,https://math-1415627924.cos.ap-guangzhou.myqcloud.com/math-teaching-resources/03-概率与统计/01-教案/选择性必修三/第七章 随机变量及其分布/7.1 条件概率与全概率公式/7.1.2  全概率公式教学设计模板.md
7.1.2+全概率公式（学案）-高二数学（A版2019必三）.docx,选择性必修三\第七章 随机变量及其分布\7.1 条件概率与全概率公式,docx,.docx,122.52,2026/2/15 15:19,,0,,math-teaching-resources/03-概率与统计/01-教案/选择性必修三/第七章 随机变量及其分布/7.1 条件概率与全概率公式/7.1.2+全概率公式（学案）-高二数学（A版2019必三）.docx,https://math-1415627924.cos.ap-guangzhou.myqcloud.com/math-teaching-resources/03-概率与统计/01-教案/选择性必修三/第七章 随机变量及其分布/7.1 条件概率与全概率公式/7.1.2+全概率公式（学案）-高二数学（A版2019必三）.docx
7.1.2+全概率公式（学案）-高二数学（A版2019必三）.md,选择性必修三\第七章 随机变量及其分布\7.1 条件概率与全概率公式,md,.md,8.12,2026/4/19 11:44,,0,,math-teaching-resources/03-概率与统计/01-教案/选择性必修三/第七章 随机变量及其分布/7.1 条件概率与全概率公式/7.1.2+全概率公式（学案）-高二数学（A版2019必三）.md,https://math-1415627924.cos.ap-guangzhou.myqcloud.com/math-teaching-resources/03-概率与统计/01-教案/选择性必修三/第七章 随机变量及其分布/7.1 条件概率与全概率公式/7.1.2+全概率公式（学案）-高二数学（A版2019必三）.md
7.1.2全概率公式     导学案.docx,选择性必修三\第七章 随机变量及其分布\7.1 条件概率与全概率公式,docx,.docx,958.54,2026/2/15 15:29,,0,,math-teaching-resources/03-概率与统计/01-教案/选择性必修三/第七章 随机变量及其分布/7.1 条件概率与全概率公式/7.1.2全概率公式     导学案.docx,https://math-1415627924.cos.ap-guangzhou.myqcloud.com/math-teaching-resources/03-概率与统计/01-教案/选择性必修三/第七章 随机变量及其分布/7.1 条件概率与全概率公式/7.1.2全概率公式     导学案.docx
7.1.2全概率公式     导学案.md,选择性必修三\第七章 随机变量及其分布\7.1 条件概率与全概率公式,md,.md,14.04,2026/4/19 11:44,,0,,math-teaching-resources/03-概率与统计/01-教案/选择性必修三/第七章 随机变量及其分布/7.1 条件概率与全概率公式/7.1.2全概率公式     导学案.md,https://math-1415627924.cos.ap-guangzhou.myqcloud.com/math-teaching-resources/03-概率与统计/01-教案/选择性必修三/第七章 随机变量及其分布/7.1 条件概率与全概率公式/7.1.2全概率公式     导学案.md
7.1.2全概率公式     教学设计.docx,选择性必修三\第七章 随机变量及其分布\7.1 条件概率与全概率公式,docx,.docx,898.13,2026/2/15 15:20,,0,,math-teaching-resources/03-概率与统计/01-教案/选择性必修三/第七章 随机变量及其分布/7.1 条件概率与全概率公式/7.1.2全概率公式     教学设计.docx,https://math-1415627924.cos.ap-guangzhou.myqcloud.com/math-teaching-resources/03-概率与统计/01-教案/选择性必修三/第七章 随机变量及其分布/7.1 条件概率与全概率公式/7.1.2全概率公式     教学设计.docx
7.1.2全概率公式     教学设计.md,选择性必修三\第七章 随机变量及其分布\7.1 条件概率与全概率公式,md,.md,20.85,2026/4/19 11:44,,0,,math-teaching-resources/03-概率与统计/01-教案/选择性必修三/第七章 随机变量及其分布/7.1 条件概率与全概率公式/7.1.2全概率公式     教学设计.md,https://math-1415627924.cos.ap-guangzhou.myqcloud.com/math-teaching-resources/03-概率与统计/01-教案/选择性必修三/第七章 随机变量及其分布/7.1 条件概率与全概率公式/7.1.2全概率公式     教学设计.md
课时21855_7.1.1条件概率-7.1.1条件概率【微信公众号：全都要半糖 免费分享】.docx,选择性必修三\第七章 随机变量及其分布\7.1 条件概率与全概率公式,docx,.docx,111.64,2022/8/27 16:37,,0,,math-teaching-resources/03-概率与统计/01-教案/选择性必修三/第七章 随机变量及其分布/7.1 条件概率与全概率公式/课时21855_7.1.1条件概率-7.1.1条件概率【微信公众号：全都要半糖 免费分享】.docx,https://math-1415627924.cos.ap-guangzhou.myqcloud.com/math-teaching-resources/03-概率与统计/01-教案/选择性必修三/第七章 随机变量及其分布/7.1 条件概率与全概率公式/课时21855_7.1.1条件概率-7.1.1条件概率【微信公众号：全都要半糖 免费分享】.docx
课时21855_7.1.1条件概率-7.1.1条件概率【微信公众号：全都要半糖 免费分享】.md,选择性必修三\第七章 随机变量及其分布\7.1 条件概率与全概率公式,md,.md,16.27,2026/4/19 11:44,,0,,math-teaching-resources/03-概率与统计/01-教案/选择性必修三/第七章 随机变量及其分布/7.1 条件概率与全概率公式/课时21855_7.1.1条件概率-7.1.1条件概率【微信公众号：全都要半糖 免费分享】.md,https://math-1415627924.cos.ap-guangzhou.myqcloud.com/math-teaching-resources/03-概率与统计/01-教案/选择性必修三/第七章 随机变量及其分布/7.1 条件概率与全概率公式/课时21855_7.1.1条件概率-7.1.1条件概率【微信公众号：全都要半糖 免费分享】.md
课时21856_7.1.2全概率公式-7.1.2全概率公式【微信公众号：全都要半糖 免费分享】.docx,选择性必修三\第七章 随机变量及其分布\7.1 条件概率与全概率公式,docx,.docx,225.56,2022/8/27 16:37,,0,,math-teaching-resources/03-概率与统计/01-教案/选择性必修三/第七章 随机变量及其分布/7.1 条件概率与全概率公式/课时21856_7.1.2全概率公式-7.1.2全概率公式【微信公众号：全都要半糖 免费分享】.docx,https://math-1415627924.cos.ap-guangzhou.myqcloud.com/math-teaching-resources/03-概率与统计/01-教案/选择性必修三/第七章 随机变量及其分布/7.1 条件概率与全概率公式/课时21856_7.1.2全概率公式-7.1.2全概率公式【微信公众号：全都要半糖 免费分享】.docx
课时21856_7.1.2全概率公式-7.1.2全概率公式【微信公众号：全都要半糖 免费分享】.md,选择性必修三\第七章 随机变量及其分布\7.1 条件概率与全概率公式,md,.md,11.02,2026/4/19 11:44,,0,,math-teaching-resources/03-概率与统计/01-教案/选择性必修三/第七章 随机变量及其分布/7.1 条件概率与全概率公式/课时21856_7.1.2全概率公式-7.1.2全概率公式【微信公众号：全都要半糖 免费分享】.md,https://math-1415627924.cos.ap-guangzhou.myqcloud.com/math-teaching-resources/03-概率与统计/01-教案/选择性必修三/第七章 随机变量及其分布/7.1 条件概率与全概率公式/课时21856_7.1.2全概率公式-7.1.2全概率公式【微信公众号：全都要半糖 免费分享】.md
7.2  离散型随机变量及其分布列教学设计模板.docx,选择性必修三\第七章 随机变量及其分布\7.2 离散型随机变量及其分布列,docx,.docx,274.45,2026/2/15 15:20,,0,,math-teaching-resources/03-概率与统计/01-教案/选择性必修三/第七章 随机变量及其分布/7.2 离散型随机变量及其分布列/7.2  离散型随机变量及其分布列教学设计模板.docx,https://math-1415627924.cos.ap-guangzhou.myqcloud.com/math-teaching-resources/03-概率与统计/01-教案/选择性必修三/第七章 随机变量及其分布/7.2 离散型随机变量及其分布列/7.2  离散型随机变量及其分布列教学设计模板.docx
7.2  离散型随机变量及其分布列教学设计模板.md,选择性必修三\第七章 随机变量及其分布\7.2 离散型随机变量及其分布列,md,.md,17.38,2026/4/19 11:44,,0,,math-teaching-resources/03-概率与统计/01-教案/选择性必修三/第七章 随机变量及其分布/7.2 离散型随机变量及其分布列/7.2  离散型随机变量及其分布列教学设计模板.md,https://math-1415627924.cos.ap-guangzhou.myqcloud.com/math-teaching-resources/03-概率与统计/01-教案/选择性必修三/第七章 随机变量及其分布/7.2 离散型随机变量及其分布列/7.2  离散型随机变量及其分布列教学设计模板.md
7.2 离散型随机变量及其分布列 (1)     导学案.docx,选择性必修三\第七章 随机变量及其分布\7.2 离散型随机变量及其分布列,docx,.docx,1272.78,2026/2/15 15:29,,0,,math-teaching-resources/03-概率与统计/01-教案/选择性必修三/第七章 随机变量及其分布/7.2 离散型随机变量及其分布列/7.2 离散型随机变量及其分布列 (1)     导学案.docx,https://math-1415627924.cos.ap-guangzhou.myqcloud.com/math-teaching-resources/03-概率与统计/01-教案/选择性必修三/第七章 随机变量及其分布/7.2 离散型随机变量及其分布列/7.2 离散型随机变量及其分布列 (1)     导学案.docx
7.2 离散型随机变量及其分布列 (1)     导学案.md,选择性必修三\第七章 随机变量及其分布\7.2 离散型随机变量及其分布列,md,.md,16.38,2026/4/19 11:44,,0,,math-teaching-resources/03-概率与统计/01-教案/选择性必修三/第七章 随机变量及其分布/7.2 离散型随机变量及其分布列/7.2 离散型随机变量及其分布列 (1)     导学案.md,https://math-1415627924.cos.ap-guangzhou.myqcloud.com/math-teaching-resources/03-概率与统计/01-教案/选择性必修三/第七章 随机变量及其分布/7.2 离散型随机变量及其分布列/7.2 离散型随机变量及其分布列 (1)     导学案.md
7.2 离散型随机变量及其分布列 (1)    教学设计.docx,选择性必修三\第七章 随机变量及其分布\7.2 离散型随机变量及其分布列,docx,.docx,1244.33,2026/2/15 15:20,,0,,math-teaching-resources/03-概率与统计/01-教案/选择性必修三/第七章 随机变量及其分布/7.2 离散型随机变量及其分布列/7.2 离散型随机变量及其分布列 (1)    教学设计.docx,https://math-1415627924.cos.ap-guangzhou.myqcloud.com/math-teaching-resources/03-概率与统计/01-教案/选择性必修三/第七章 随机变量及其分布/7.2 离散型随机变量及其分布列/7.2 离散型随机变量及其分布列 (1)    教学设计.docx
7.2 离散型随机变量及其分布列 (1)    教学设计.md,选择性必修三\第七章 随机变量及其分布\7.2 离散型随机变量及其分布列,md,.md,22.34,2026/4/19 11:44,,0,,math-teaching-resources/03-概率与统计/01-教案/选择性必修三/第七章 随机变量及其分布/7.2 离散型随机变量及其分布列/7.2 离散型随机变量及其分布列 (1)    教学设计.md,https://math-1415627924.cos.ap-guangzhou.myqcloud.com/math-teaching-resources/03-概率与统计/01-教案/选择性必修三/第七章 随机变量及其分布/7.2 离散型随机变量及其分布列/7.2 离散型随机变量及其分布列 (1)    教学设计.md
7.2 离散型随机变量及其分布列 (2)     导学案.docx,选择性必修三\第七章 随机变量及其分布\7.2 离散型随机变量及其分布列,docx,.docx,214.88,2026/2/15 15:29,,0,,math-teaching-resources/03-概率与统计/01-教案/选择性必修三/第七章 随机变量及其分布/7.2 离散型随机变量及其分布列/7.2 离散型随机变量及其分布列 (2)     导学案.docx,https://math-1415627924.cos.ap-guangzhou.myqcloud.com/math-teaching-resources/03-概率与统计/01-教案/选择性必修三/第七章 随机变量及其分布/7.2 离散型随机变量及其分布列/7.2 离散型随机变量及其分布列 (2)     导学案.docx
7.2 离散型随机变量及其分布列 (2)     导学案.md,选择性必修三\第七章 随机变量及其分布\7.2 离散型随机变量及其分布列,md,.md,13.42,2026/4/19 11:44,,0,,math-teaching-resources/03-概率与统计/01-教案/选择性必修三/第七章 随机变量及其分布/7.2 离散型随机变量及其分布列/7.2 离散型随机变量及其分布列 (2)     导学案.md,https://math-1415627924.cos.ap-guangzhou.myqcloud.com/math-teaching-resources/03-概率与统计/01-教案/选择性必修三/第七章 随机变量及其分布/7.2 离散型随机变量及其分布列/7.2 离散型随机变量及其分布列 (2)     导学案.md
7.2 离散型随机变量及其分布列 (2)    教学设计.docx,选择性必修三\第七章 随机变量及其分布\7.2 离散型随机变量及其分布列,docx,.docx,167.03,2026/2/15 15:20,,0,,math-teaching-resources/03-概率与统计/01-教案/选择性必修三/第七章 随机变量及其分布/7.2 离散型随机变量及其分布列/7.2 离散型随机变量及其分布列 (2)    教学设计.docx,https://math-1415627924.cos.ap-guangzhou.myqcloud.com/math-teaching-resources/03-概率与统计/01-教案/选择性必修三/第七章 随机变量及其分布/7.2 离散型随机变量及其分布列/7.2 离散型随机变量及其分布列 (2)    教学设计.docx
7.2 离散型随机变量及其分布列 (2)    教学设计.md,选择性必修三\第七章 随机变量及其分布\7.2 离散型随机变量及其分布列,md,.md,25.56,2026/4/19 11:44,,0,,math-teaching-resources/03-概率与统计/01-教案/选择性必修三/第七章 随机变量及其分布/7.2 离散型随机变量及其分布列/7.2 离散型随机变量及其分布列 (2)    教学设计.md,https://math-1415627924.cos.ap-guangzhou.myqcloud.com/math-teaching-resources/03-概率与统计/01-教案/选择性必修三/第七章 随机变量及其分布/7.2 离散型随机变量及其分布列/7.2 离散型随机变量及其分布列 (2)    教学设计.md
7.2+离散型随机变量及其分布列（学案）-高二数学（A版2019必三）.docx,选择性必修三\第七章 随机变量及其分布\7.2 离散型随机变量及其分布列,docx,.docx,33.48,2026/2/15 15:19,,0,,math-teaching-resources/03-概率与统计/01-教案/选择性必修三/第七章 随机变量及其分布/7.2 离散型随机变量及其分布列/7.2+离散型随机变量及其分布列（学案）-高二数学（A版2019必三）.docx,https://math-1415627924.cos.ap-guangzhou.myqcloud.com/math-teaching-resources/03-概率与统计/01-教案/选择性必修三/第七章 随机变量及其分布/7.2 离散型随机变量及其分布列/7.2+离散型随机变量及其分布列（学案）-高二数学（A版2019必三）.docx
7.2+离散型随机变量及其分布列（学案）-高二数学（A版2019必三）.md,选择性必修三\第七章 随机变量及其分布\7.2 离散型随机变量及其分布列,md,.md,13.29,2026/4/19 11:44,,0,,math-teaching-resources/03-概率与统计/01-教案/选择性必修三/第七章 随机变量及其分布/7.2 离散型随机变量及其分布列/7.2+离散型随机变量及其分布列（学案）-高二数学（A版2019必三）.md,https://math-1415627924.cos.ap-guangzhou.myqcloud.com/math-teaching-resources/03-概率与统计/01-教案/选择性必修三/第七章 随机变量及其分布/7.2 离散型随机变量及其分布列/7.2+离散型随机变量及其分布列（学案）-高二数学（A版2019必三）.md
课时21861_7.2.3离散型随机变量方差-7.3.2离散型随机变量的方差【微信公众号：全都要半糖 免费分享】.docx,选择性必修三\第七章 随机变量及其分布\7.2 离散型随机变量及其分布列,docx,.docx,223.73,2022/8/27 16:38,,0,,math-teaching-resources/03-概率与统计/01-教案/选择性必修三/第七章 随机变量及其分布/7.2 离散型随机变量及其分布列/课时21861_7.2.3离散型随机变量方差-7.3.2离散型随机变量的方差【微信公众号：全都要半糖 免费分享】.docx,https://math-1415627924.cos.ap-guangzhou.myqcloud.com/math-teaching-resources/03-概率与统计/01-教案/选择性必修三/第七章 随机变量及其分布/7.2 离散型随机变量及其分布列/课时21861_7.2.3离散型随机变量方差-7.3.2离散型随机变量的方差【微信公众号：全都要半糖 免费分享】.docx
课时21861_7.2.3离散型随机变量方差-7.3.2离散型随机变量的方差【微信公众号：全都要半糖 免费分享】.md,选择性必修三\第七章 随机变量及其分布\7.2 离散型随机变量及其分布列,md,.md,14.14,2026/4/19 11:44,,0,,math-teaching-resources/03-概率与统计/01-教案/选择性必修三/第七章 随机变量及其分布/7.2 离散型随机变量及其分布列/课时21861_7.2.3离散型随机变量方差-7.3.2离散型随机变量的方差【微信公众号：全都要半糖 免费分享】.md,https://math-1415627924.cos.ap-guangzhou.myqcloud.com/math-teaching-resources/03-概率与统计/01-教案/选择性必修三/第七章 随机变量及其分布/7.2 离散型随机变量及其分布列/课时21861_7.2.3离散型随机变量方差-7.3.2离散型随机变量的方差【微信公众号：全都要半糖 免费分享】.md
7.3.1  离散型随机变量的均值教学设计.docx,选择性必修三\第七章 随机变量及其分布\7.3 离散型随机变量的数字特征,docx,.docx,399.12,2026/2/15 15:20,,0,,math-teaching-resources/03-概率与统计/01-教案/选择性必修三/第七章 随机变量及其分布/7.3 离散型随机变量的数字特征/7.3.1  离散型随机变量的均值教学设计.docx,https://math-1415627924.cos.ap-guangzhou.myqcloud.com/math-teaching-resources/03-概率与统计/01-教案/选择性必修三/第七章 随机变量及其分布/7.3 离散型随机变量的数字特征/7.3.1  离散型随机变量的均值教学设计.docx
7.3.1  离散型随机变量的均值教学设计.md,选择性必修三\第七章 随机变量及其分布\7.3 离散型随机变量的数字特征,md,.md,21.91,2026/4/19 11:44,,0,,math-teaching-resources/03-概率与统计/01-教案/选择性必修三/第七章 随机变量及其分布/7.3 离散型随机变量的数字特征/7.3.1  离散型随机变量的均值教学设计.md,https://math-1415627924.cos.ap-guangzhou.myqcloud.com/math-teaching-resources/03-概率与统计/01-教案/选择性必修三/第七章 随机变量及其分布/7.3 离散型随机变量的数字特征/7.3.1  离散型随机变量的均值教学设计.md
7.3.1+离散型随机变量的均值（学案）-高二数学（A版2019必三）.docx,选择性必修三\第七章 随机变量及其分布\7.3 离散型随机变量的数字特征,docx,.docx,164.31,2026/2/15 15:19,,0,,math-teaching-resources/03-概率与统计/01-教案/选择性必修三/第七章 随机变量及其分布/7.3 离散型随机变量的数字特征/7.3.1+离散型随机变量的均值（学案）-高二数学（A版2019必三）.docx,https://math-1415627924.cos.ap-guangzhou.myqcloud.com/math-teaching-resources/03-概率与统计/01-教案/选择性必修三/第七章 随机变量及其分布/7.3 离散型随机变量的数字特征/7.3.1+离散型随机变量的均值（学案）-高二数学（A版2019必三）.docx
7.3.1+离散型随机变量的均值（学案）-高二数学（A版2019必三）.md,选择性必修三\第七章 随机变量及其分布\7.3 离散型随机变量的数字特征,md,.md,21.46,2026/4/19 11:45,,0,,math-teaching-resources/03-概率与统计/01-教案/选择性必修三/第七章 随机变量及其分布/7.3 离散型随机变量的数字特征/7.3.1+离散型随机变量的均值（学案）-高二数学（A版2019必三）.md,https://math-1415627924.cos.ap-guangzhou.myqcloud.com/math-teaching-resources/03-概率与统计/01-教案/选择性必修三/第七章 随机变量及其分布/7.3 离散型随机变量的数字特征/7.3.1+离散型随机变量的均值（学案）-高二数学（A版2019必三）.md
7.3.1离散型随机变量的均值  导学案.docx,选择性必修三\第七章 随机变量及其分布\7.3 离散型随机变量的数字特征,docx,.docx,115.58,2026/2/15 15:29,,0,,math-teaching-resources/03-概率与统计/01-教案/选择性必修三/第七章 随机变量及其分布/7.3 离散型随机变量的数字特征/7.3.1离散型随机变量的均值  导学案.docx,https://math-1415627924.cos.ap-guangzhou.myqcloud.com/math-teaching-resources/03-概率与统计/01-教案/选择性必修三/第七章 随机变量及其分布/7.3 离散型随机变量的数字特征/7.3.1离散型随机变量的均值  导学案.docx
7.3.1离散型随机变量的均值  导学案.md,选择性必修三\第七章 随机变量及其分布\7.3 离散型随机变量的数字特征,md,.md,16.97,2026/4/19 11:45,,0,,math-teaching-resources/03-概率与统计/01-教案/选择性必修三/第七章 随机变量及其分布/7.3 离散型随机变量的数字特征/7.3.1离散型随机变量的均值  导学案.md,https://math-1415627924.cos.ap-guangzhou.myqcloud.com/math-teaching-resources/03-概率与统计/01-教案/选择性必修三/第七章 随机变量及其分布/7.3 离散型随机变量的数字特征/7.3.1离散型随机变量的均值  导学案.md
7.3.1离散型随机变量的均值 教学设计.docx,选择性必修三\第七章 随机变量及其分布\7.3 离散型随机变量的数字特征,docx,.docx,88.39,2026/2/15 15:20,,0,,math-teaching-resources/03-概率与统计/01-教案/选择性必修三/第七章 随机变量及其分布/7.3 离散型随机变量的数字特征/7.3.1离散型随机变量的均值 教学设计.docx,https://math-1415627924.cos.ap-guangzhou.myqcloud.com/math-teaching-resources/03-概率与统计/01-教案/选择性必修三/第七章 随机变量及其分布/7.3 离散型随机变量的数字特征/7.3.1离散型随机变量的均值 教学设计.docx
7.3.1离散型随机变量的均值 教学设计.md,选择性必修三\第七章 随机变量及其分布\7.3 离散型随机变量的数字特征,md,.md,31.25,2026/4/19 11:45,,0,,math-teaching-resources/03-概率与统计/01-教案/选择性必修三/第七章 随机变量及其分布/7.3 离散型随机变量的数字特征/7.3.1离散型随机变量的均值 教学设计.md,https://math-1415627924.cos.ap-guangzhou.myqcloud.com/math-teaching-resources/03-概率与统计/01-教案/选择性必修三/第七章 随机变量及其分布/7.3 离散型随机变量的数字特征/7.3.1离散型随机变量的均值 教学设计.md
7.3.2  离散型随机变量的方差教案.docx,选择性必修三\第七章 随机变量及其分布\7.3 离散型随机变量的数字特征,docx,.docx,240.85,2026/2/15 15:20,,0,,math-teaching-resources/03-概率与统计/01-教案/选择性必修三/第七章 随机变量及其分布/7.3 离散型随机变量的数字特征/7.3.2  离散型随机变量的方差教案.docx,https://math-1415627924.cos.ap-guangzhou.myqcloud.com/math-teaching-resources/03-概率与统计/01-教案/选择性必修三/第七章 随机变量及其分布/7.3 离散型随机变量的数字特征/7.3.2  离散型随机变量的方差教案.docx
7.3.2  离散型随机变量的方差教案.md,选择性必修三\第七章 随机变量及其分布\7.3 离散型随机变量的数字特征,md,.md,22.21,2026/4/19 11:45,,0,,math-teaching-resources/03-概率与统计/01-教案/选择性必修三/第七章 随机变量及其分布/7.3 离散型随机变量的数字特征/7.3.2  离散型随机变量的方差教案.md,https://math-1415627924.cos.ap-guangzhou.myqcloud.com/math-teaching-resources/03-概率与统计/01-教案/选择性必修三/第七章 随机变量及其分布/7.3 离散型随机变量的数字特征/7.3.2  离散型随机变量的方差教案.md
7.3.2+离散型随机变量的方差（学案）-高二数学（A版2019必三）.docx,选择性必修三\第七章 随机变量及其分布\7.3 离散型随机变量的数字特征,docx,.docx,172.14,2026/2/15 15:19,,0,,math-teaching-resources/03-概率与统计/01-教案/选择性必修三/第七章 随机变量及其分布/7.3 离散型随机变量的数字特征/7.3.2+离散型随机变量的方差（学案）-高二数学（A版2019必三）.docx,https://math-1415627924.cos.ap-guangzhou.myqcloud.com/math-teaching-resources/03-概率与统计/01-教案/选择性必修三/第七章 随机变量及其分布/7.3 离散型随机变量的数字特征/7.3.2+离散型随机变量的方差（学案）-高二数学（A版2019必三）.docx
7.3.2+离散型随机变量的方差（学案）-高二数学（A版2019必三）.md,选择性必修三\第七章 随机变量及其分布\7.3 离散型随机变量的数字特征,md,.md,17.12,2026/4/19 11:45,,0,,math-teaching-resources/03-概率与统计/01-教案/选择性必修三/第七章 随机变量及其分布/7.3 离散型随机变量的数字特征/7.3.2+离散型随机变量的方差（学案）-高二数学（A版2019必三）.md,https://math-1415627924.cos.ap-guangzhou.myqcloud.com/math-teaching-resources/03-概率与统计/01-教案/选择性必修三/第七章 随机变量及其分布/7.3 离散型随机变量的数字特征/7.3.2+离散型随机变量的方差（学案）-高二数学（A版2019必三）.md
7.3.2离散型随机变量的方差   导学案.docx,选择性必修三\第七章 随机变量及其分布\7.3 离散型随机变量的数字特征,docx,.docx,150.11,2026/2/15 15:29,,0,,math-teaching-resources/03-概率与统计/01-教案/选择性必修三/第七章 随机变量及其分布/7.3 离散型随机变量的数字特征/7.3.2离散型随机变量的方差   导学案.docx,https://math-1415627924.cos.ap-guangzhou.myqcloud.com/math-teaching-resources/03-概率与统计/01-教案/选择性必修三/第七章 随机变量及其分布/7.3 离散型随机变量的数字特征/7.3.2离散型随机变量的方差   导学案.docx
7.3.2离散型随机变量的方差   导学案.md,选择性必修三\第七章 随机变量及其分布\7.3 离散型随机变量的数字特征,md,.md,15.45,2026/4/19 11:45,,0,,math-teaching-resources/03-概率与统计/01-教案/选择性必修三/第七章 随机变量及其分布/7.3 离散型随机变量的数字特征/7.3.2离散型随机变量的方差   导学案.md,https://math-1415627924.cos.ap-guangzhou.myqcloud.com/math-teaching-resources/03-概率与统计/01-教案/选择性必修三/第七章 随机变量及其分布/7.3 离散型随机变量的数字特征/7.3.2离散型随机变量的方差   导学案.md
7.3.2离散型随机变量的方差   教学设计.docx,选择性必修三\第七章 随机变量及其分布\7.3 离散型随机变量的数字特征,docx,.docx,167.64,2026/2/15 15:20,,0,,math-teaching-resources/03-概率与统计/01-教案/选择性必修三/第七章 随机变量及其分布/7.3 离散型随机变量的数字特征/7.3.2离散型随机变量的方差   教学设计.docx,https://math-1415627924.cos.ap-guangzhou.myqcloud.com/math-teaching-resources/03-概率与统计/01-教案/选择性必修三/第七章 随机变量及其分布/7.3 离散型随机变量的数字特征/7.3.2离散型随机变量的方差   教学设计.docx
7.3.2离散型随机变量的方差   教学设计.md,选择性必修三\第七章 随机变量及其分布\7.3 离散型随机变量的数字特征,md,.md,27.16,2026/4/19 11:45,,0,,math-teaching-resources/03-概率与统计/01-教案/选择性必修三/第七章 随机变量及其分布/7.3 离散型随机变量的数字特征/7.3.2离散型随机变量的方差   教学设计.md,https://math-1415627924.cos.ap-guangzhou.myqcloud.com/math-teaching-resources/03-概率与统计/01-教案/选择性必修三/第七章 随机变量及其分布/7.3 离散型随机变量的数字特征/7.3.2离散型随机变量的方差   教学设计.md
7.4.1 二项分布     导学案.docx,选择性必修三\第七章 随机变量及其分布\7.4 二项分布与超几何分布,docx,.docx,519.84,2026/2/15 15:29,,0,,math-teaching-resources/03-概率与统计/01-教案/选择性必修三/第七章 随机变量及其分布/7.4 二项分布与超几何分布/7.4.1 二项分布     导学案.docx,https://math-1415627924.cos.ap-guangzhou.myqcloud.com/math-teaching-resources/03-概率与统计/01-教案/选择性必修三/第七章 随机变量及其分布/7.4 二项分布与超几何分布/7.4.1 二项分布     导学案.docx
7.4.1 二项分布     导学案.md,选择性必修三\第七章 随机变量及其分布\7.4 二项分布与超几何分布,md,.md,17.27,2026/4/19 11:45,,0,,math-teaching-resources/03-概率与统计/01-教案/选择性必修三/第七章 随机变量及其分布/7.4 二项分布与超几何分布/7.4.1 二项分布     导学案.md,https://math-1415627924.cos.ap-guangzhou.myqcloud.com/math-teaching-resources/03-概率与统计/01-教案/选择性必修三/第七章 随机变量及其分布/7.4 二项分布与超几何分布/7.4.1 二项分布     导学案.md
7.4.1 二项分布     教学设计.docx,选择性必修三\第七章 随机变量及其分布\7.4 二项分布与超几何分布,docx,.docx,462.03,2026/2/15 15:20,,0,,math-teaching-resources/03-概率与统计/01-教案/选择性必修三/第七章 随机变量及其分布/7.4 二项分布与超几何分布/7.4.1 二项分布     教学设计.docx,https://math-1415627924.cos.ap-guangzhou.myqcloud.com/math-teaching-resources/03-概率与统计/01-教案/选择性必修三/第七章 随机变量及其分布/7.4 二项分布与超几何分布/7.4.1 二项分布     教学设计.docx
7.4.1 二项分布     教学设计.md,选择性必修三\第七章 随机变量及其分布\7.4 二项分布与超几何分布,md,.md,27.61,2026/4/19 11:45,,0,,math-teaching-resources/03-概率与统计/01-教案/选择性必修三/第七章 随机变量及其分布/7.4 二项分布与超几何分布/7.4.1 二项分布     教学设计.md,https://math-1415627924.cos.ap-guangzhou.myqcloud.com/math-teaching-resources/03-概率与统计/01-教案/选择性必修三/第七章 随机变量及其分布/7.4 二项分布与超几何分布/7.4.1 二项分布     教学设计.md
7.4.1 二项分布.docx,选择性必修三\第七章 随机变量及其分布\7.4 二项分布与超几何分布,docx,.docx,328.16,2026/2/15 15:20,,0,,math-teaching-resources/03-概率与统计/01-教案/选择性必修三/第七章 随机变量及其分布/7.4 二项分布与超几何分布/7.4.1 二项分布.docx,https://math-1415627924.cos.ap-guangzhou.myqcloud.com/math-teaching-resources/03-概率与统计/01-教案/选择性必修三/第七章 随机变量及其分布/7.4 二项分布与超几何分布/7.4.1 二项分布.docx
7.4.1 二项分布.md,选择性必修三\第七章 随机变量及其分布\7.4 二项分布与超几何分布,md,.md,26.05,2026/4/19 11:45,,0,,math-teaching-resources/03-概率与统计/01-教案/选择性必修三/第七章 随机变量及其分布/7.4 二项分布与超几何分布/7.4.1 二项分布.md,https://math-1415627924.cos.ap-guangzhou.myqcloud.com/math-teaching-resources/03-概率与统计/01-教案/选择性必修三/第七章 随机变量及其分布/7.4 二项分布与超几何分布/7.4.1 二项分布.md
7.4.1+二项分布（学案）-高二数学（A版2019必三）.docx,选择性必修三\第七章 随机变量及其分布\7.4 二项分布与超几何分布,docx,.docx,102.86,2026/2/15 15:19,,0,,math-teaching-resources/03-概率与统计/01-教案/选择性必修三/第七章 随机变量及其分布/7.4 二项分布与超几何分布/7.4.1+二项分布（学案）-高二数学（A版2019必三）.docx,https://math-1415627924.cos.ap-guangzhou.myqcloud.com/math-teaching-resources/03-概率与统计/01-教案/选择性必修三/第七章 随机变量及其分布/7.4 二项分布与超几何分布/7.4.1+二项分布（学案）-高二数学（A版2019必三）.docx
7.4.1+二项分布（学案）-高二数学（A版2019必三）.md,选择性必修三\第七章 随机变量及其分布\7.4 二项分布与超几何分布,md,.md,20.43,2026/4/19 11:45,,0,,math-teaching-resources/03-概率与统计/01-教案/选择性必修三/第七章 随机变量及其分布/7.4 二项分布与超几何分布/7.4.1+二项分布（学案）-高二数学（A版2019必三）.md,https://math-1415627924.cos.ap-guangzhou.myqcloud.com/math-teaching-resources/03-概率与统计/01-教案/选择性必修三/第七章 随机变量及其分布/7.4 二项分布与超几何分布/7.4.1+二项分布（学案）-高二数学（A版2019必三）.md
7.4.2 超几何分布教案.docx,选择性必修三\第七章 随机变量及其分布\7.4 二项分布与超几何分布,docx,.docx,234.09,2026/2/15 15:20,,0,,math-teaching-resources/03-概率与统计/01-教案/选择性必修三/第七章 随机变量及其分布/7.4 二项分布与超几何分布/7.4.2 超几何分布教案.docx,https://math-1415627924.cos.ap-guangzhou.myqcloud.com/math-teaching-resources/03-概率与统计/01-教案/选择性必修三/第七章 随机变量及其分布/7.4 二项分布与超几何分布/7.4.2 超几何分布教案.docx
7.4.2 超几何分布教案.md,选择性必修三\第七章 随机变量及其分布\7.4 二项分布与超几何分布,md,.md,23.75,2026/4/19 11:45,,0,,math-teaching-resources/03-概率与统计/01-教案/选择性必修三/第七章 随机变量及其分布/7.4 二项分布与超几何分布/7.4.2 超几何分布教案.md,https://math-1415627924.cos.ap-guangzhou.myqcloud.com/math-teaching-resources/03-概率与统计/01-教案/选择性必修三/第七章 随机变量及其分布/7.4 二项分布与超几何分布/7.4.2 超几何分布教案.md
7.4.2+超几何分布（学案）-高二数学（A版2019必三）.docx,选择性必修三\第七章 随机变量及其分布\7.4 二项分布与超几何分布,docx,.docx,80.18,2026/2/15 15:19,,0,,math-teaching-resources/03-概率与统计/01-教案/选择性必修三/第七章 随机变量及其分布/7.4 二项分布与超几何分布/7.4.2+超几何分布（学案）-高二数学（A版2019必三）.docx,https://math-1415627924.cos.ap-guangzhou.myqcloud.com/math-teaching-resources/03-概率与统计/01-教案/选择性必修三/第七章 随机变量及其分布/7.4 二项分布与超几何分布/7.4.2+超几何分布（学案）-高二数学（A版2019必三）.docx
7.4.2+超几何分布（学案）-高二数学（A版2019必三）.md,选择性必修三\第七章 随机变量及其分布\7.4 二项分布与超几何分布,md,.md,19.15,2026/4/19 11:45,,0,,math-teaching-resources/03-概率与统计/01-教案/选择性必修三/第七章 随机变量及其分布/7.4 二项分布与超几何分布/7.4.2+超几何分布（学案）-高二数学（A版2019必三）.md,https://math-1415627924.cos.ap-guangzhou.myqcloud.com/math-teaching-resources/03-概率与统计/01-教案/选择性必修三/第七章 随机变量及其分布/7.4 二项分布与超几何分布/7.4.2+超几何分布（学案）-高二数学（A版2019必三）.md
7.4.2超几何分布     导学案.docx,选择性必修三\第七章 随机变量及其分布\7.4 二项分布与超几何分布,docx,.docx,523.97,2026/2/15 15:29,,0,,math-teaching-resources/03-概率与统计/01-教案/选择性必修三/第七章 随机变量及其分布/7.4 二项分布与超几何分布/7.4.2超几何分布     导学案.docx,https://math-1415627924.cos.ap-guangzhou.myqcloud.com/math-teaching-resources/03-概率与统计/01-教案/选择性必修三/第七章 随机变量及其分布/7.4 二项分布与超几何分布/7.4.2超几何分布     导学案.docx
7.4.2超几何分布     导学案.md,选择性必修三\第七章 随机变量及其分布\7.4 二项分布与超几何分布,md,.md,10.19,2026/4/19 11:45,,0,,math-teaching-resources/03-概率与统计/01-教案/选择性必修三/第七章 随机变量及其分布/7.4 二项分布与超几何分布/7.4.2超几何分布     导学案.md,https://math-1415627924.cos.ap-guangzhou.myqcloud.com/math-teaching-resources/03-概率与统计/01-教案/选择性必修三/第七章 随机变量及其分布/7.4 二项分布与超几何分布/7.4.2超几何分布     导学案.md
7.4.2超几何分布    教学设计.docx,选择性必修三\第七章 随机变量及其分布\7.4 二项分布与超几何分布,docx,.docx,498.38,2026/2/15 15:20,,0,,math-teaching-resources/03-概率与统计/01-教案/选择性必修三/第七章 随机变量及其分布/7.4 二项分布与超几何分布/7.4.2超几何分布    教学设计.docx,https://math-1415627924.cos.ap-guangzhou.myqcloud.com/math-teaching-resources/03-概率与统计/01-教案/选择性必修三/第七章 随机变量及其分布/7.4 二项分布与超几何分布/7.4.2超几何分布    教学设计.docx
7.4.2超几何分布    教学设计.md,选择性必修三\第七章 随机变量及其分布\7.4 二项分布与超几何分布,md,.md,16.37,2026/4/19 11:45,,0,,math-teaching-resources/03-概率与统计/01-教案/选择性必修三/第七章 随机变量及其分布/7.4 二项分布与超几何分布/7.4.2超几何分布    教学设计.md,https://math-1415627924.cos.ap-guangzhou.myqcloud.com/math-teaching-resources/03-概率与统计/01-教案/选择性必修三/第七章 随机变量及其分布/7.4 二项分布与超几何分布/7.4.2超几何分布    教学设计.md
课时21863_7.4.1二项分布-7.4.1二项分布【微信公众号：全都要半糖 免费分享】.docx,选择性必修三\第七章 随机变量及其分布\7.4 二项分布与超几何分布,docx,.docx,1525.97,2022/8/27 16:38,,0,,math-teaching-resources/03-概率与统计/01-教案/选择性必修三/第七章 随机变量及其分布/7.4 二项分布与超几何分布/课时21863_7.4.1二项分布-7.4.1二项分布【微信公众号：全都要半糖 免费分享】.docx,https://math-1415627924.cos.ap-guangzhou.myqcloud.com/math-teaching-resources/03-概率与统计/01-教案/选择性必修三/第七章 随机变量及其分布/7.4 二项分布与超几何分布/课时21863_7.4.1二项分布-7.4.1二项分布【微信公众号：全都要半糖 免费分享】.docx
课时21863_7.4.1二项分布-7.4.1二项分布【微信公众号：全都要半糖 免费分享】.md,选择性必修三\第七章 随机变量及其分布\7.4 二项分布与超几何分布,md,.md,20.13,2026/4/19 13:22,,0,,math-teaching-resources/03-概率与统计/01-教案/选择性必修三/第七章 随机变量及其分布/7.4 二项分布与超几何分布/课时21863_7.4.1二项分布-7.4.1二项分布【微信公众号：全都要半糖 免费分享】.md,https://math-1415627924.cos.ap-guangzhou.myqcloud.com/math-teaching-resources/03-概率与统计/01-教案/选择性必修三/第七章 随机变量及其分布/7.4 二项分布与超几何分布/课时21863_7.4.1二项分布-7.4.1二项分布【微信公众号：全都要半糖 免费分享】.md
课时21864_7.4.2超几何分布-7.4.2超几何分布【微信公众号：全都要半糖 免费分享】.docx,选择性必修三\第七章 随机变量及其分布\7.4 二项分布与超几何分布,docx,.docx,578.61,2022/8/27 16:39,,0,,math-teaching-resources/03-概率与统计/01-教案/选择性必修三/第七章 随机变量及其分布/7.4 二项分布与超几何分布/课时21864_7.4.2超几何分布-7.4.2超几何分布【微信公众号：全都要半糖 免费分享】.docx,https://math-1415627924.cos.ap-guangzhou.myqcloud.com/math-teaching-resources/03-概率与统计/01-教案/选择性必修三/第七章 随机变量及其分布/7.4 二项分布与超几何分布/课时21864_7.4.2超几何分布-7.4.2超几何分布【微信公众号：全都要半糖 免费分享】.docx
课时21864_7.4.2超几何分布-7.4.2超几何分布【微信公众号：全都要半糖 免费分享】.md,选择性必修三\第七章 随机变量及其分布\7.4 二项分布与超几何分布,md,.md,13.65,2026/4/19 11:45,,0,,math-teaching-resources/03-概率与统计/01-教案/选择性必修三/第七章 随机变量及其分布/7.4 二项分布与超几何分布/课时21864_7.4.2超几何分布-7.4.2超几何分布【微信公众号：全都要半糖 免费分享】.md,https://math-1415627924.cos.ap-guangzhou.myqcloud.com/math-teaching-resources/03-概率与统计/01-教案/选择性必修三/第七章 随机变量及其分布/7.4 二项分布与超几何分布/课时21864_7.4.2超几何分布-7.4.2超几何分布【微信公众号：全都要半糖 免费分享】.md
课时21864_7.4.2超几何分布教学设计-7.4.2超几何分布【微信公众号：全都要半糖 免费分享】.docx,选择性必修三\第七章 随机变量及其分布\7.4 二项分布与超几何分布,docx,.docx,596.47,2022/8/27 16:39,,0,,math-teaching-resources/03-概率与统计/01-教案/选择性必修三/第七章 随机变量及其分布/7.4 二项分布与超几何分布/课时21864_7.4.2超几何分布教学设计-7.4.2超几何分布【微信公众号：全都要半糖 免费分享】.docx,https://math-1415627924.cos.ap-guangzhou.myqcloud.com/math-teaching-resources/03-概率与统计/01-教案/选择性必修三/第七章 随机变量及其分布/7.4 二项分布与超几何分布/课时21864_7.4.2超几何分布教学设计-7.4.2超几何分布【微信公众号：全都要半糖 免费分享】.docx
课时21864_7.4.2超几何分布教学设计-7.4.2超几何分布【微信公众号：全都要半糖 免费分享】.md,选择性必修三\第七章 随机变量及其分布\7.4 二项分布与超几何分布,md,.md,11.85,2026/4/19 11:45,,0,,math-teaching-resources/03-概率与统计/01-教案/选择性必修三/第七章 随机变量及其分布/7.4 二项分布与超几何分布/课时21864_7.4.2超几何分布教学设计-7.4.2超几何分布【微信公众号：全都要半糖 免费分享】.md,https://math-1415627924.cos.ap-guangzhou.myqcloud.com/math-teaching-resources/03-概率与统计/01-教案/选择性必修三/第七章 随机变量及其分布/7.4 二项分布与超几何分布/课时21864_7.4.2超几何分布教学设计-7.4.2超几何分布【微信公众号：全都要半糖 免费分享】.md
7.5  正态分布教案.docx,选择性必修三\第七章 随机变量及其分布\7.5 正态分布,docx,.docx,999.91,2026/2/15 15:20,,0,,math-teaching-resources/03-概率与统计/01-教案/选择性必修三/第七章 随机变量及其分布/7.5 正态分布/7.5  正态分布教案.docx,https://math-1415627924.cos.ap-guangzhou.myqcloud.com/math-teaching-resources/03-概率与统计/01-教案/选择性必修三/第七章 随机变量及其分布/7.5 正态分布/7.5  正态分布教案.docx
7.5  正态分布教案.md,选择性必修三\第七章 随机变量及其分布\7.5 正态分布,md,.md,16.95,2026/4/19 11:45,,0,,math-teaching-resources/03-概率与统计/01-教案/选择性必修三/第七章 随机变量及其分布/7.5 正态分布/7.5  正态分布教案.md,https://math-1415627924.cos.ap-guangzhou.myqcloud.com/math-teaching-resources/03-概率与统计/01-教案/选择性必修三/第七章 随机变量及其分布/7.5 正态分布/7.5  正态分布教案.md
7.5 正态分布      导学案.docx,选择性必修三\第七章 随机变量及其分布\7.5 正态分布,docx,.docx,1712.78,2026/2/15 15:29,,0,,math-teaching-resources/03-概率与统计/01-教案/选择性必修三/第七章 随机变量及其分布/7.5 正态分布/7.5 正态分布      导学案.docx,https://math-1415627924.cos.ap-guangzhou.myqcloud.com/math-teaching-resources/03-概率与统计/01-教案/选择性必修三/第七章 随机变量及其分布/7.5 正态分布/7.5 正态分布      导学案.docx
7.5 正态分布      导学案.md,选择性必修三\第七章 随机变量及其分布\7.5 正态分布,md,.md,18.01,2026/4/19 11:45,,0,,math-teaching-resources/03-概率与统计/01-教案/选择性必修三/第七章 随机变量及其分布/7.5 正态分布/7.5 正态分布      导学案.md,https://math-1415627924.cos.ap-guangzhou.myqcloud.com/math-teaching-resources/03-概率与统计/01-教案/选择性必修三/第七章 随机变量及其分布/7.5 正态分布/7.5 正态分布      导学案.md
7.5 正态分布     教学设计.docx,选择性必修三\第七章 随机变量及其分布\7.5 正态分布,docx,.docx,1679.91,2026/2/15 15:20,,0,,math-teaching-resources/03-概率与统计/01-教案/选择性必修三/第七章 随机变量及其分布/7.5 正态分布/7.5 正态分布     教学设计.docx,https://math-1415627924.cos.ap-guangzhou.myqcloud.com/math-teaching-resources/03-概率与统计/01-教案/选择性必修三/第七章 随机变量及其分布/7.5 正态分布/7.5 正态分布     教学设计.docx
7.5 正态分布     教学设计.md,选择性必修三\第七章 随机变量及其分布\7.5 正态分布,md,.md,24.99,2026/4/19 11:45,,0,,math-teaching-resources/03-概率与统计/01-教案/选择性必修三/第七章 随机变量及其分布/7.5 正态分布/7.5 正态分布     教学设计.md,https://math-1415627924.cos.ap-guangzhou.myqcloud.com/math-teaching-resources/03-概率与统计/01-教案/选择性必修三/第七章 随机变量及其分布/7.5 正态分布/7.5 正态分布     教学设计.md
7.5+正态分布（学案）-高二数学（A版2019必三）.docx,选择性必修三\第七章 随机变量及其分布\7.5 正态分布,docx,.docx,170.18,2026/2/15 15:19,,0,,math-teaching-resources/03-概率与统计/01-教案/选择性必修三/第七章 随机变量及其分布/7.5 正态分布/7.5+正态分布（学案）-高二数学（A版2019必三）.docx,https://math-1415627924.cos.ap-guangzhou.myqcloud.com/math-teaching-resources/03-概率与统计/01-教案/选择性必修三/第七章 随机变量及其分布/7.5 正态分布/7.5+正态分布（学案）-高二数学（A版2019必三）.docx
7.5+正态分布（学案）-高二数学（A版2019必三）.md,选择性必修三\第七章 随机变量及其分布\7.5 正态分布,md,.md,12.59,2026/4/19 11:45,,0,,math-teaching-resources/03-概率与统计/01-教案/选择性必修三/第七章 随机变量及其分布/7.5 正态分布/7.5+正态分布（学案）-高二数学（A版2019必三）.md,https://math-1415627924.cos.ap-guangzhou.myqcloud.com/math-teaching-resources/03-概率与统计/01-教案/选择性必修三/第七章 随机变量及其分布/7.5 正态分布/7.5+正态分布（学案）-高二数学（A版2019必三）.md
【精品教案】2022年高中人教B版（2019）数学选择性必修第二册+4.2.5+正态分布++教案.doc,选择性必修三\第七章 随机变量及其分布\7.5 正态分布,doc,.doc,854.5,2026/2/15 16:08,,0,,math-teaching-resources/03-概率与统计/01-教案/选择性必修三/第七章 随机变量及其分布/7.5 正态分布/【精品教案】2022年高中人教B版（2019）数学选择性必修第二册+4.2.5+正态分布++教案.doc,https://math-1415627924.cos.ap-guangzhou.myqcloud.com/math-teaching-resources/03-概率与统计/01-教案/选择性必修三/第七章 随机变量及其分布/7.5 正态分布/【精品教案】2022年高中人教B版（2019）数学选择性必修第二册+4.2.5+正态分布++教案.doc
【精品教案】2022年高中人教B版（2019）数学选择性必修第二册+4.2.5+正态分布++教案.docx,选择性必修三\第七章 随机变量及其分布\7.5 正态分布,docx,.docx,812.81,2026/4/19 14:53,,0,,math-teaching-resources/03-概率与统计/01-教案/选择性必修三/第七章 随机变量及其分布/7.5 正态分布/【精品教案】2022年高中人教B版（2019）数学选择性必修第二册+4.2.5+正态分布++教案.docx,https://math-1415627924.cos.ap-guangzhou.myqcloud.com/math-teaching-resources/03-概率与统计/01-教案/选择性必修三/第七章 随机变量及其分布/7.5 正态分布/【精品教案】2022年高中人教B版（2019）数学选择性必修第二册+4.2.5+正态分布++教案.docx
【精品教案】2022年高中人教B版（2019）数学选择性必修第二册+4.2.5+正态分布++教案.md,选择性必修三\第七章 随机变量及其分布\7.5 正态分布,md,.md,18.84,2026/4/19 14:56,,0,,math-teaching-resources/03-概率与统计/01-教案/选择性必修三/第七章 随机变量及其分布/7.5 正态分布/【精品教案】2022年高中人教B版（2019）数学选择性必修第二册+4.2.5+正态分布++教案.md,https://math-1415627924.cos.ap-guangzhou.myqcloud.com/math-teaching-resources/03-概率与统计/01-教案/选择性必修三/第七章 随机变量及其分布/7.5 正态分布/【精品教案】2022年高中人教B版（2019）数学选择性必修第二册+4.2.5+正态分布++教案.md
正态分布教学设计.doc,选择性必修三\第七章 随机变量及其分布\7.5 正态分布,doc,.doc,580,2026/2/15 16:09,,0,,math-teaching-resources/03-概率与统计/01-教案/选择性必修三/第七章 随机变量及其分布/7.5 正态分布/正态分布教学设计.doc,https://math-1415627924.cos.ap-guangzhou.myqcloud.com/math-teaching-resources/03-概率与统计/01-教案/选择性必修三/第七章 随机变量及其分布/7.5 正态分布/正态分布教学设计.doc
正态分布教学设计.docx,选择性必修三\第七章 随机变量及其分布\7.5 正态分布,docx,.docx,498.17,2026/4/19 14:53,,0,,math-teaching-resources/03-概率与统计/01-教案/选择性必修三/第七章 随机变量及其分布/7.5 正态分布/正态分布教学设计.docx,https://math-1415627924.cos.ap-guangzhou.myqcloud.com/math-teaching-resources/03-概率与统计/01-教案/选择性必修三/第七章 随机变量及其分布/7.5 正态分布/正态分布教学设计.docx
正态分布教学设计.md,选择性必修三\第七章 随机变量及其分布\7.5 正态分布,md,.md,12.2,2026/4/19 14:56,,0,,math-teaching-resources/03-概率与统计/01-教案/选择性必修三/第七章 随机变量及其分布/7.5 正态分布/正态分布教学设计.md,https://math-1415627924.cos.ap-guangzhou.myqcloud.com/math-teaching-resources/03-概率与统计/01-教案/选择性必修三/第七章 随机变量及其分布/7.5 正态分布/正态分布教学设计.md
正态分布教学设计.pdf,选择性必修三\第七章 随机变量及其分布\7.5 正态分布,pdf,.pdf,551.6,2026/2/15 16:09,,0,,math-teaching-resources/03-概率与统计/01-教案/选择性必修三/第七章 随机变量及其分布/7.5 正态分布/正态分布教学设计.pdf,https://math-1415627924.cos.ap-guangzhou.myqcloud.com/math-teaching-resources/03-概率与统计/01-教案/选择性必修三/第七章 随机变量及其分布/7.5 正态分布/正态分布教学设计.pdf
课时21866_7.5正态分布-7.5 正态分布【微信公众号：全都要半糖 免费分享】.doc,选择性必修三\第七章 随机变量及其分布\7.5 正态分布,doc,.doc,465.44,2022/8/27 16:39,,0,,math-teaching-resources/03-概率与统计/01-教案/选择性必修三/第七章 随机变量及其分布/7.5 正态分布/课时21866_7.5正态分布-7.5 正态分布【微信公众号：全都要半糖 免费分享】.doc,https://math-1415627924.cos.ap-guangzhou.myqcloud.com/math-teaching-resources/03-概率与统计/01-教案/选择性必修三/第七章 随机变量及其分布/7.5 正态分布/课时21866_7.5正态分布-7.5 正态分布【微信公众号：全都要半糖 免费分享】.doc
课时21866_7.5正态分布-7.5 正态分布【微信公众号：全都要半糖 免费分享】.docx,选择性必修三\第七章 随机变量及其分布\7.5 正态分布,docx,.docx,348.78,2026/4/19 14:53,,0,,math-teaching-resources/03-概率与统计/01-教案/选择性必修三/第七章 随机变量及其分布/7.5 正态分布/课时21866_7.5正态分布-7.5 正态分布【微信公众号：全都要半糖 免费分享】.docx,https://math-1415627924.cos.ap-guangzhou.myqcloud.com/math-teaching-resources/03-概率与统计/01-教案/选择性必修三/第七章 随机变量及其分布/7.5 正态分布/课时21866_7.5正态分布-7.5 正态分布【微信公众号：全都要半糖 免费分享】.docx
课时21866_7.5正态分布-7.5 正态分布【微信公众号：全都要半糖 免费分享】.md,选择性必修三\第七章 随机变量及其分布\7.5 正态分布,md,.md,7.28,2026/4/19 14:56,,0,,math-teaching-resources/03-概率与统计/01-教案/选择性必修三/第七章 随机变量及其分布/7.5 正态分布/课时21866_7.5正态分布-7.5 正态分布【微信公众号：全都要半糖 免费分享】.md,https://math-1415627924.cos.ap-guangzhou.myqcloud.com/math-teaching-resources/03-概率与统计/01-教案/选择性必修三/第七章 随机变量及其分布/7.5 正态分布/课时21866_7.5正态分布-7.5 正态分布【微信公众号：全都要半糖 免费分享】.md
8-1成对数据的相关性教案.md,选择性必修三\第八章 成对数据的统计分析\8.1 成对数据的统计相关性,md,.md,11.03,2026/4/19 13:10,,0,,math-teaching-resources/03-概率与统计/01-教案/选择性必修三/第八章 成对数据的统计分析/8.1 成对数据的统计相关性/8-1成对数据的相关性教案.md,https://math-1415627924.cos.ap-guangzhou.myqcloud.com/math-teaching-resources/03-概率与统计/01-教案/选择性必修三/第八章 成对数据的统计分析/8.1 成对数据的统计相关性/8-1成对数据的相关性教案.md
8-1成对数据的相关性教案.pdf,选择性必修三\第八章 成对数据的统计分析\8.1 成对数据的统计相关性,pdf,.pdf,858.73,2026/2/15 16:01,,0,,math-teaching-resources/03-概率与统计/01-教案/选择性必修三/第八章 成对数据的统计分析/8.1 成对数据的统计相关性/8-1成对数据的相关性教案.pdf,https://math-1415627924.cos.ap-guangzhou.myqcloud.com/math-teaching-resources/03-概率与统计/01-教案/选择性必修三/第八章 成对数据的统计分析/8.1 成对数据的统计相关性/8-1成对数据的相关性教案.pdf
8.1 成对数据的相关关系     教学设计.docx,选择性必修三\第八章 成对数据的统计分析\8.1 成对数据的统计相关性,docx,.docx,3512.22,2026/2/15 15:20,,0,,math-teaching-resources/03-概率与统计/01-教案/选择性必修三/第八章 成对数据的统计分析/8.1 成对数据的统计相关性/8.1 成对数据的相关关系     教学设计.docx,https://math-1415627924.cos.ap-guangzhou.myqcloud.com/math-teaching-resources/03-概率与统计/01-教案/选择性必修三/第八章 成对数据的统计分析/8.1 成对数据的统计相关性/8.1 成对数据的相关关系     教学设计.docx
8.1 成对数据的相关关系     教学设计.md,选择性必修三\第八章 成对数据的统计分析\8.1 成对数据的统计相关性,md,.md,31.72,2026/4/19 11:45,,0,,math-teaching-resources/03-概率与统计/01-教案/选择性必修三/第八章 成对数据的统计分析/8.1 成对数据的统计相关性/8.1 成对数据的相关关系     教学设计.md,https://math-1415627924.cos.ap-guangzhou.myqcloud.com/math-teaching-resources/03-概率与统计/01-教案/选择性必修三/第八章 成对数据的统计分析/8.1 成对数据的统计相关性/8.1 成对数据的相关关系     教学设计.md
8.1 成对数据的相关关系    导学案.docx,选择性必修三\第八章 成对数据的统计分析\8.1 成对数据的统计相关性,docx,.docx,3538.5,2026/2/15 15:29,,0,,math-teaching-resources/03-概率与统计/01-教案/选择性必修三/第八章 成对数据的统计分析/8.1 成对数据的统计相关性/8.1 成对数据的相关关系    导学案.docx,https://math-1415627924.cos.ap-guangzhou.myqcloud.com/math-teaching-resources/03-概率与统计/01-教案/选择性必修三/第八章 成对数据的统计分析/8.1 成对数据的统计相关性/8.1 成对数据的相关关系    导学案.docx
8.1 成对数据的相关关系    导学案.md,选择性必修三\第八章 成对数据的统计分析\8.1 成对数据的统计相关性,md,.md,20.29,2026/4/19 11:45,,0,,math-teaching-resources/03-概率与统计/01-教案/选择性必修三/第八章 成对数据的统计分析/8.1 成对数据的统计相关性/8.1 成对数据的相关关系    导学案.md,https://math-1415627924.cos.ap-guangzhou.myqcloud.com/math-teaching-resources/03-概率与统计/01-教案/选择性必修三/第八章 成对数据的统计分析/8.1 成对数据的统计相关性/8.1 成对数据的相关关系    导学案.md
8.1成对数据的相关性.docx,选择性必修三\第八章 成对数据的统计分析\8.1 成对数据的统计相关性,docx,.docx,718.05,2026/2/15 15:20,,0,,math-teaching-resources/03-概率与统计/01-教案/选择性必修三/第八章 成对数据的统计分析/8.1 成对数据的统计相关性/8.1成对数据的相关性.docx,https://math-1415627924.cos.ap-guangzhou.myqcloud.com/math-teaching-resources/03-概率与统计/01-教案/选择性必修三/第八章 成对数据的统计分析/8.1 成对数据的统计相关性/8.1成对数据的相关性.docx
8.1成对数据的相关性.md,选择性必修三\第八章 成对数据的统计分析\8.1 成对数据的统计相关性,md,.md,16.62,2026/4/19 11:45,,0,,math-teaching-resources/03-概率与统计/01-教案/选择性必修三/第八章 成对数据的统计分析/8.1 成对数据的统计相关性/8.1成对数据的相关性.md,https://math-1415627924.cos.ap-guangzhou.myqcloud.com/math-teaching-resources/03-概率与统计/01-教案/选择性必修三/第八章 成对数据的统计分析/8.1 成对数据的统计相关性/8.1成对数据的相关性.md
81成对数据的统计相关性（单元教学设计）-【大单元教学】高二数学（人教A版2019选择性）.docx,选择性必修三\第八章 成对数据的统计分析\8.1 成对数据的统计相关性,docx,.docx,1435.31,2026/2/15 16:02,,0,,math-teaching-resources/03-概率与统计/01-教案/选择性必修三/第八章 成对数据的统计分析/8.1 成对数据的统计相关性/81成对数据的统计相关性（单元教学设计）-【大单元教学】高二数学（人教A版2019选择性）.docx,https://math-1415627924.cos.ap-guangzhou.myqcloud.com/math-teaching-resources/03-概率与统计/01-教案/选择性必修三/第八章 成对数据的统计分析/8.1 成对数据的统计相关性/81成对数据的统计相关性（单元教学设计）-【大单元教学】高二数学（人教A版2019选择性）.docx
81成对数据的统计相关性（单元教学设计）-【大单元教学】高二数学（人教A版2019选择性）.md,选择性必修三\第八章 成对数据的统计分析\8.1 成对数据的统计相关性,md,.md,24.37,2026/4/19 11:45,,0,,math-teaching-resources/03-概率与统计/01-教案/选择性必修三/第八章 成对数据的统计分析/8.1 成对数据的统计相关性/81成对数据的统计相关性（单元教学设计）-【大单元教学】高二数学（人教A版2019选择性）.md,https://math-1415627924.cos.ap-guangzhou.myqcloud.com/math-teaching-resources/03-概率与统计/01-教案/选择性必修三/第八章 成对数据的统计分析/8.1 成对数据的统计相关性/81成对数据的统计相关性（单元教学设计）-【大单元教学】高二数学（人教A版2019选择性）.md
8.2 一元线性回归模型及其应用        教学设计.docx,选择性必修三\第八章 成对数据的统计分析\8.2 一元线性回归模型及其应用,docx,.docx,3464.65,2026/2/15 15:20,,0,,math-teaching-resources/03-概率与统计/01-教案/选择性必修三/第八章 成对数据的统计分析/8.2 一元线性回归模型及其应用/8.2 一元线性回归模型及其应用        教学设计.docx,https://math-1415627924.cos.ap-guangzhou.myqcloud.com/math-teaching-resources/03-概率与统计/01-教案/选择性必修三/第八章 成对数据的统计分析/8.2 一元线性回归模型及其应用/8.2 一元线性回归模型及其应用        教学设计.docx
8.2 一元线性回归模型及其应用        教学设计.md,选择性必修三\第八章 成对数据的统计分析\8.2 一元线性回归模型及其应用,md,.md,52.57,2026/4/19 11:45,,0,,math-teaching-resources/03-概率与统计/01-教案/选择性必修三/第八章 成对数据的统计分析/8.2 一元线性回归模型及其应用/8.2 一元线性回归模型及其应用        教学设计.md,https://math-1415627924.cos.ap-guangzhou.myqcloud.com/math-teaching-resources/03-概率与统计/01-教案/选择性必修三/第八章 成对数据的统计分析/8.2 一元线性回归模型及其应用/8.2 一元线性回归模型及其应用        教学设计.md
8.2 一元线性回归模型及其应用  导学案.docx,选择性必修三\第八章 成对数据的统计分析\8.2 一元线性回归模型及其应用,docx,.docx,3500.8,2026/2/15 15:29,,0,,math-teaching-resources/03-概率与统计/01-教案/选择性必修三/第八章 成对数据的统计分析/8.2 一元线性回归模型及其应用/8.2 一元线性回归模型及其应用  导学案.docx,https://math-1415627924.cos.ap-guangzhou.myqcloud.com/math-teaching-resources/03-概率与统计/01-教案/选择性必修三/第八章 成对数据的统计分析/8.2 一元线性回归模型及其应用/8.2 一元线性回归模型及其应用  导学案.docx
8.2 一元线性回归模型及其应用  导学案.md,选择性必修三\第八章 成对数据的统计分析\8.2 一元线性回归模型及其应用,md,.md,33.12,2026/4/19 11:45,,0,,math-teaching-resources/03-概率与统计/01-教案/选择性必修三/第八章 成对数据的统计分析/8.2 一元线性回归模型及其应用/8.2 一元线性回归模型及其应用  导学案.md,https://math-1415627924.cos.ap-guangzhou.myqcloud.com/math-teaching-resources/03-概率与统计/01-教案/选择性必修三/第八章 成对数据的统计分析/8.2 一元线性回归模型及其应用/8.2 一元线性回归模型及其应用  导学案.md
82一元线性回归模型及其应用（单元教学设计）-【大单元教学】高二数学（人教A版2019选择性）.docx,选择性必修三\第八章 成对数据的统计分析\8.2 一元线性回归模型及其应用,docx,.docx,973.22,2026/2/15 16:05,,0,,math-teaching-resources/03-概率与统计/01-教案/选择性必修三/第八章 成对数据的统计分析/8.2 一元线性回归模型及其应用/82一元线性回归模型及其应用（单元教学设计）-【大单元教学】高二数学（人教A版2019选择性）.docx,https://math-1415627924.cos.ap-guangzhou.myqcloud.com/math-teaching-resources/03-概率与统计/01-教案/选择性必修三/第八章 成对数据的统计分析/8.2 一元线性回归模型及其应用/82一元线性回归模型及其应用（单元教学设计）-【大单元教学】高二数学（人教A版2019选择性）.docx
82一元线性回归模型及其应用（单元教学设计）-【大单元教学】高二数学（人教A版2019选择性）.md,选择性必修三\第八章 成对数据的统计分析\8.2 一元线性回归模型及其应用,md,.md,29.48,2026/4/19 11:45,,0,,math-teaching-resources/03-概率与统计/01-教案/选择性必修三/第八章 成对数据的统计分析/8.2 一元线性回归模型及其应用/82一元线性回归模型及其应用（单元教学设计）-【大单元教学】高二数学（人教A版2019选择性）.md,https://math-1415627924.cos.ap-guangzhou.myqcloud.com/math-teaching-resources/03-概率与统计/01-教案/选择性必修三/第八章 成对数据的统计分析/8.2 一元线性回归模型及其应用/82一元线性回归模型及其应用（单元教学设计）-【大单元教学】高二数学（人教A版2019选择性）.md
一元线性回归模型其应用学生版高二数学人教A版选择性教案（2025—2026学年）.docx,选择性必修三\第八章 成对数据的统计分析\8.2 一元线性回归模型及其应用,docx,.docx,18.02,2026/2/15 16:06,,0,,math-teaching-resources/03-概率与统计/01-教案/选择性必修三/第八章 成对数据的统计分析/8.2 一元线性回归模型及其应用/一元线性回归模型其应用学生版高二数学人教A版选择性教案（2025—2026学年）.docx,https://math-1415627924.cos.ap-guangzhou.myqcloud.com/math-teaching-resources/03-概率与统计/01-教案/选择性必修三/第八章 成对数据的统计分析/8.2 一元线性回归模型及其应用/一元线性回归模型其应用学生版高二数学人教A版选择性教案（2025—2026学年）.docx
一元线性回归模型其应用学生版高二数学人教A版选择性教案（2025—2026学年）.md,选择性必修三\第八章 成对数据的统计分析\8.2 一元线性回归模型及其应用,md,.md,13.8,2026/4/19 11:45,,0,,math-teaching-resources/03-概率与统计/01-教案/选择性必修三/第八章 成对数据的统计分析/8.2 一元线性回归模型及其应用/一元线性回归模型其应用学生版高二数学人教A版选择性教案（2025—2026学年）.md,https://math-1415627924.cos.ap-guangzhou.myqcloud.com/math-teaching-resources/03-概率与统计/01-教案/选择性必修三/第八章 成对数据的统计分析/8.2 一元线性回归模型及其应用/一元线性回归模型其应用学生版高二数学人教A版选择性教案（2025—2026学年）.md
一元线性回归模型电子教案.docx,选择性必修三\第八章 成对数据的统计分析\8.2 一元线性回归模型及其应用,docx,.docx,20.84,2026/2/15 16:06,,0,,math-teaching-resources/03-概率与统计/01-教案/选择性必修三/第八章 成对数据的统计分析/8.2 一元线性回归模型及其应用/一元线性回归模型电子教案.docx,https://math-1415627924.cos.ap-guangzhou.myqcloud.com/math-teaching-resources/03-概率与统计/01-教案/选择性必修三/第八章 成对数据的统计分析/8.2 一元线性回归模型及其应用/一元线性回归模型电子教案.docx
一元线性回归模型电子教案.md,选择性必修三\第八章 成对数据的统计分析\8.2 一元线性回归模型及其应用,md,.md,22.5,2026/4/19 11:45,,0,,math-teaching-resources/03-概率与统计/01-教案/选择性必修三/第八章 成对数据的统计分析/8.2 一元线性回归模型及其应用/一元线性回归模型电子教案.md,https://math-1415627924.cos.ap-guangzhou.myqcloud.com/math-teaching-resources/03-概率与统计/01-教案/选择性必修三/第八章 成对数据的统计分析/8.2 一元线性回归模型及其应用/一元线性回归模型电子教案.md
课时21871_8.2.1一元线性回归模型-8.2.1一元线性回归模型【微信公众号：全都要半糖 免费分享】.docx,选择性必修三\第八章 成对数据的统计分析\8.2 一元线性回归模型及其应用,docx,.docx,418.56,2022/8/27 16:39,,0,,math-teaching-resources/03-概率与统计/01-教案/选择性必修三/第八章 成对数据的统计分析/8.2 一元线性回归模型及其应用/课时21871_8.2.1一元线性回归模型-8.2.1一元线性回归模型【微信公众号：全都要半糖 免费分享】.docx,https://math-1415627924.cos.ap-guangzhou.myqcloud.com/math-teaching-resources/03-概率与统计/01-教案/选择性必修三/第八章 成对数据的统计分析/8.2 一元线性回归模型及其应用/课时21871_8.2.1一元线性回归模型-8.2.1一元线性回归模型【微信公众号：全都要半糖 免费分享】.docx
课时21871_8.2.1一元线性回归模型-8.2.1一元线性回归模型【微信公众号：全都要半糖 免费分享】.md,选择性必修三\第八章 成对数据的统计分析\8.2 一元线性回归模型及其应用,md,.md,17.36,2026/4/19 11:45,,0,,math-teaching-resources/03-概率与统计/01-教案/选择性必修三/第八章 成对数据的统计分析/8.2 一元线性回归模型及其应用/课时21871_8.2.1一元线性回归模型-8.2.1一元线性回归模型【微信公众号：全都要半糖 免费分享】.md,https://math-1415627924.cos.ap-guangzhou.myqcloud.com/math-teaching-resources/03-概率与统计/01-教案/选择性必修三/第八章 成对数据的统计分析/8.2 一元线性回归模型及其应用/课时21871_8.2.1一元线性回归模型-8.2.1一元线性回归模型【微信公众号：全都要半糖 免费分享】.md
8.3 分类变量与列联表     导学案.docx,选择性必修三\第八章 成对数据的统计分析\8.3 列联表与独立性检验,docx,.docx,2291.65,2026/2/15 15:29,,0,,math-teaching-resources/03-概率与统计/01-教案/选择性必修三/第八章 成对数据的统计分析/8.3 列联表与独立性检验/8.3 分类变量与列联表     导学案.docx,https://math-1415627924.cos.ap-guangzhou.myqcloud.com/math-teaching-resources/03-概率与统计/01-教案/选择性必修三/第八章 成对数据的统计分析/8.3 列联表与独立性检验/8.3 分类变量与列联表     导学案.docx
8.3 分类变量与列联表     导学案.md,选择性必修三\第八章 成对数据的统计分析\8.3 列联表与独立性检验,md,.md,47.66,2026/4/19 11:45,,0,,math-teaching-resources/03-概率与统计/01-教案/选择性必修三/第八章 成对数据的统计分析/8.3 列联表与独立性检验/8.3 分类变量与列联表     导学案.md,https://math-1415627924.cos.ap-guangzhou.myqcloud.com/math-teaching-resources/03-概率与统计/01-教案/选择性必修三/第八章 成对数据的统计分析/8.3 列联表与独立性检验/8.3 分类变量与列联表     导学案.md
8.3 分类变量与列联表     教学设计.docx,选择性必修三\第八章 成对数据的统计分析\8.3 列联表与独立性检验,docx,.docx,2239.43,2026/2/15 15:20,,0,,math-teaching-resources/03-概率与统计/01-教案/选择性必修三/第八章 成对数据的统计分析/8.3 列联表与独立性检验/8.3 分类变量与列联表     教学设计.docx,https://math-1415627924.cos.ap-guangzhou.myqcloud.com/math-teaching-resources/03-概率与统计/01-教案/选择性必修三/第八章 成对数据的统计分析/8.3 列联表与独立性检验/8.3 分类变量与列联表     教学设计.docx
8.3 分类变量与列联表     教学设计.md,选择性必修三\第八章 成对数据的统计分析\8.3 列联表与独立性检验,md,.md,60.16,2026/4/19 11:45,,0,,math-teaching-resources/03-概率与统计/01-教案/选择性必修三/第八章 成对数据的统计分析/8.3 列联表与独立性检验/8.3 分类变量与列联表     教学设计.md,https://math-1415627924.cos.ap-guangzhou.myqcloud.com/math-teaching-resources/03-概率与统计/01-教案/选择性必修三/第八章 成对数据的统计分析/8.3 列联表与独立性检验/8.3 分类变量与列联表     教学设计.md
8.3.2  独立性检验 教案.docx,选择性必修三\第八章 成对数据的统计分析\8.3 列联表与独立性检验,docx,.docx,450.81,2026/2/15 15:20,,0,,math-teaching-resources/03-概率与统计/01-教案/选择性必修三/第八章 成对数据的统计分析/8.3 列联表与独立性检验/8.3.2  独立性检验 教案.docx,https://math-1415627924.cos.ap-guangzhou.myqcloud.com/math-teaching-resources/03-概率与统计/01-教案/选择性必修三/第八章 成对数据的统计分析/8.3 列联表与独立性检验/8.3.2  独立性检验 教案.docx
8.3.2  独立性检验 教案.md,选择性必修三\第八章 成对数据的统计分析\8.3 列联表与独立性检验,md,.md,23.84,2026/4/19 11:45,,0,,math-teaching-resources/03-概率与统计/01-教案/选择性必修三/第八章 成对数据的统计分析/8.3 列联表与独立性检验/8.3.2  独立性检验 教案.md,https://math-1415627924.cos.ap-guangzhou.myqcloud.com/math-teaching-resources/03-概率与统计/01-教案/选择性必修三/第八章 成对数据的统计分析/8.3 列联表与独立性检验/8.3.2  独立性检验 教案.md
人教B版数学选修1-2《独立性检验》教案（一）.docx,选择性必修三\第八章 成对数据的统计分析\8.3 列联表与独立性检验,docx,.docx,23.83,2026/2/15 16:05,,0,,math-teaching-resources/03-概率与统计/01-教案/选择性必修三/第八章 成对数据的统计分析/8.3 列联表与独立性检验/人教B版数学选修1-2《独立性检验》教案（一）.docx,https://math-1415627924.cos.ap-guangzhou.myqcloud.com/math-teaching-resources/03-概率与统计/01-教案/选择性必修三/第八章 成对数据的统计分析/8.3 列联表与独立性检验/人教B版数学选修1-2《独立性检验》教案（一）.docx
人教B版数学选修1-2《独立性检验》教案（一）.md,选择性必修三\第八章 成对数据的统计分析\8.3 列联表与独立性检验,md,.md,11.63,2026/4/19 11:45,,0,,math-teaching-resources/03-概率与统计/01-教案/选择性必修三/第八章 成对数据的统计分析/8.3 列联表与独立性检验/人教B版数学选修1-2《独立性检验》教案（一）.md,https://math-1415627924.cos.ap-guangzhou.myqcloud.com/math-teaching-resources/03-概率与统计/01-教案/选择性必修三/第八章 成对数据的统计分析/8.3 列联表与独立性检验/人教B版数学选修1-2《独立性检验》教案（一）.md
课时21874_8.3.1分类变量与列联表-8.3.1 分类变量与列联表【微信公众号：全都要半糖 免费分享】.docx,选择性必修三\第八章 成对数据的统计分析\8.3 列联表与独立性检验,docx,.docx,513.12,2022/8/27 16:40,,0,,math-teaching-resources/03-概率与统计/01-教案/选择性必修三/第八章 成对数据的统计分析/8.3 列联表与独立性检验/课时21874_8.3.1分类变量与列联表-8.3.1 分类变量与列联表【微信公众号：全都要半糖 免费分享】.docx,https://math-1415627924.cos.ap-guangzhou.myqcloud.com/math-teaching-resources/03-概率与统计/01-教案/选择性必修三/第八章 成对数据的统计分析/8.3 列联表与独立性检验/课时21874_8.3.1分类变量与列联表-8.3.1 分类变量与列联表【微信公众号：全都要半糖 免费分享】.docx
课时21874_8.3.1分类变量与列联表-8.3.1 分类变量与列联表【微信公众号：全都要半糖 免费分享】.md,选择性必修三\第八章 成对数据的统计分析\8.3 列联表与独立性检验,md,.md,7.2,2026/4/19 11:45,,0,,math-teaching-resources/03-概率与统计/01-教案/选择性必修三/第八章 成对数据的统计分析/8.3 列联表与独立性检验/课时21874_8.3.1分类变量与列联表-8.3.1 分类变量与列联表【微信公众号：全都要半糖 免费分享】.md,https://math-1415627924.cos.ap-guangzhou.myqcloud.com/math-teaching-resources/03-概率与统计/01-教案/选择性必修三/第八章 成对数据的统计分析/8.3 列联表与独立性检验/课时21874_8.3.1分类变量与列联表-8.3.1 分类变量与列联表【微信公众号：全都要半糖 免费分享】.md
课时21874_8.3.1分类变量与列联表-8.3.1分类变量与列联表【微信公众号：全都要半糖 免费分享】.docx,选择性必修三\第八章 成对数据的统计分析\8.3 列联表与独立性检验,docx,.docx,193.84,2022/8/27 16:40,,0,,math-teaching-resources/03-概率与统计/01-教案/选择性必修三/第八章 成对数据的统计分析/8.3 列联表与独立性检验/课时21874_8.3.1分类变量与列联表-8.3.1分类变量与列联表【微信公众号：全都要半糖 免费分享】.docx,https://math-1415627924.cos.ap-guangzhou.myqcloud.com/math-teaching-resources/03-概率与统计/01-教案/选择性必修三/第八章 成对数据的统计分析/8.3 列联表与独立性检验/课时21874_8.3.1分类变量与列联表-8.3.1分类变量与列联表【微信公众号：全都要半糖 免费分享】.docx
课时21874_8.3.1分类变量与列联表-8.3.1分类变量与列联表【微信公众号：全都要半糖 免费分享】.md,选择性必修三\第八章 成对数据的统计分析\8.3 列联表与独立性检验,md,.md,23.51,2026/4/19 11:45,,0,,math-teaching-resources/03-概率与统计/01-教案/选择性必修三/第八章 成对数据的统计分析/8.3 列联表与独立性检验/课时21874_8.3.1分类变量与列联表-8.3.1分类变量与列联表【微信公众号：全都要半糖 免费分享】.md,https://math-1415627924.cos.ap-guangzhou.myqcloud.com/math-teaching-resources/03-概率与统计/01-教案/选择性必修三/第八章 成对数据的统计分析/8.3 列联表与独立性检验/课时21874_8.3.1分类变量与列联表-8.3.1分类变量与列联表【微信公众号：全都要半糖 免费分享】.md
课时21875_8.3.2独立性检验-8.3.2.独立性检验【微信公众号：全都要半糖 免费分享】.docx,选择性必修三\第八章 成对数据的统计分析\8.3 列联表与独立性检验,docx,.docx,1658.69,2022/8/27 16:40,,0,,math-teaching-resources/03-概率与统计/01-教案/选择性必修三/第八章 成对数据的统计分析/8.3 列联表与独立性检验/课时21875_8.3.2独立性检验-8.3.2.独立性检验【微信公众号：全都要半糖 免费分享】.docx,https://math-1415627924.cos.ap-guangzhou.myqcloud.com/math-teaching-resources/03-概率与统计/01-教案/选择性必修三/第八章 成对数据的统计分析/8.3 列联表与独立性检验/课时21875_8.3.2独立性检验-8.3.2.独立性检验【微信公众号：全都要半糖 免费分享】.docx
课时21875_8.3.2独立性检验-8.3.2.独立性检验【微信公众号：全都要半糖 免费分享】.md,选择性必修三\第八章 成对数据的统计分析\8.3 列联表与独立性检验,md,.md,18.47,2026/4/19 11:45,,0,,math-teaching-resources/03-概率与统计/01-教案/选择性必修三/第八章 成对数据的统计分析/8.3 列联表与独立性检验/课时21875_8.3.2独立性检验-8.3.2.独立性检验【微信公众号：全都要半糖 免费分享】.md,https://math-1415627924.cos.ap-guangzhou.myqcloud.com/math-teaching-resources/03-概率与统计/01-教案/选择性必修三/第八章 成对数据的统计分析/8.3 列联表与独立性检验/课时21875_8.3.2独立性检验-8.3.2.独立性检验【微信公众号：全都要半糖 免费分享】.md
6.1分类加法计数原理与分步乘法计数原理(1)导学案.docx,选择性必修三\第六章 计数原理\6.1 分类加法计数原理与分步乘法计数原理,docx,.docx,1806.55,2026/2/15 15:29,,0,,math-teaching-resources/03-概率与统计/01-教案/选择性必修三/第六章 计数原理/6.1 分类加法计数原理与分步乘法计数原理/6.1分类加法计数原理与分步乘法计数原理(1)导学案.docx,https://math-1415627924.cos.ap-guangzhou.myqcloud.com/math-teaching-resources/03-概率与统计/01-教案/选择性必修三/第六章 计数原理/6.1 分类加法计数原理与分步乘法计数原理/6.1分类加法计数原理与分步乘法计数原理(1)导学案.docx
6.1分类加法计数原理与分步乘法计数原理(1)导学案.md,选择性必修三\第六章 计数原理\6.1 分类加法计数原理与分步乘法计数原理,md,.md,16.46,2026/4/19 11:45,,0,,math-teaching-resources/03-概率与统计/01-教案/选择性必修三/第六章 计数原理/6.1 分类加法计数原理与分步乘法计数原理/6.1分类加法计数原理与分步乘法计数原理(1)导学案.md,https://math-1415627924.cos.ap-guangzhou.myqcloud.com/math-teaching-resources/03-概率与统计/01-教案/选择性必修三/第六章 计数原理/6.1 分类加法计数原理与分步乘法计数原理/6.1分类加法计数原理与分步乘法计数原理(1)导学案.md
6.1分类加法计数原理与分步乘法计数原理(1)教学设计.docx,选择性必修三\第六章 计数原理\6.1 分类加法计数原理与分步乘法计数原理,docx,.docx,1777.65,2026/2/15 15:20,,0,,math-teaching-resources/03-概率与统计/01-教案/选择性必修三/第六章 计数原理/6.1 分类加法计数原理与分步乘法计数原理/6.1分类加法计数原理与分步乘法计数原理(1)教学设计.docx,https://math-1415627924.cos.ap-guangzhou.myqcloud.com/math-teaching-resources/03-概率与统计/01-教案/选择性必修三/第六章 计数原理/6.1 分类加法计数原理与分步乘法计数原理/6.1分类加法计数原理与分步乘法计数原理(1)教学设计.docx
6.1分类加法计数原理与分步乘法计数原理(1)教学设计.md,选择性必修三\第六章 计数原理\6.1 分类加法计数原理与分步乘法计数原理,md,.md,20.15,2026/4/19 11:45,,0,,math-teaching-resources/03-概率与统计/01-教案/选择性必修三/第六章 计数原理/6.1 分类加法计数原理与分步乘法计数原理/6.1分类加法计数原理与分步乘法计数原理(1)教学设计.md,https://math-1415627924.cos.ap-guangzhou.myqcloud.com/math-teaching-resources/03-概率与统计/01-教案/选择性必修三/第六章 计数原理/6.1 分类加法计数原理与分步乘法计数原理/6.1分类加法计数原理与分步乘法计数原理(1)教学设计.md
6.1分类加法计数原理与分步乘法计数原理(2)导学案.docx,选择性必修三\第六章 计数原理\6.1 分类加法计数原理与分步乘法计数原理,docx,.docx,4351.81,2026/2/15 15:29,,0,,math-teaching-resources/03-概率与统计/01-教案/选择性必修三/第六章 计数原理/6.1 分类加法计数原理与分步乘法计数原理/6.1分类加法计数原理与分步乘法计数原理(2)导学案.docx,https://math-1415627924.cos.ap-guangzhou.myqcloud.com/math-teaching-resources/03-概率与统计/01-教案/选择性必修三/第六章 计数原理/6.1 分类加法计数原理与分步乘法计数原理/6.1分类加法计数原理与分步乘法计数原理(2)导学案.docx
6.1分类加法计数原理与分步乘法计数原理(2)导学案.md,选择性必修三\第六章 计数原理\6.1 分类加法计数原理与分步乘法计数原理,md,.md,16.4,2026/4/19 11:45,,0,,math-teaching-resources/03-概率与统计/01-教案/选择性必修三/第六章 计数原理/6.1 分类加法计数原理与分步乘法计数原理/6.1分类加法计数原理与分步乘法计数原理(2)导学案.md,https://math-1415627924.cos.ap-guangzhou.myqcloud.com/math-teaching-resources/03-概率与统计/01-教案/选择性必修三/第六章 计数原理/6.1 分类加法计数原理与分步乘法计数原理/6.1分类加法计数原理与分步乘法计数原理(2)导学案.md
6.1分类加法计数原理与分步乘法计数原理(2)教学设计.docx,选择性必修三\第六章 计数原理\6.1 分类加法计数原理与分步乘法计数原理,docx,.docx,4323.53,2026/2/15 15:20,,0,,math-teaching-resources/03-概率与统计/01-教案/选择性必修三/第六章 计数原理/6.1 分类加法计数原理与分步乘法计数原理/6.1分类加法计数原理与分步乘法计数原理(2)教学设计.docx,https://math-1415627924.cos.ap-guangzhou.myqcloud.com/math-teaching-resources/03-概率与统计/01-教案/选择性必修三/第六章 计数原理/6.1 分类加法计数原理与分步乘法计数原理/6.1分类加法计数原理与分步乘法计数原理(2)教学设计.docx
6.1分类加法计数原理与分步乘法计数原理(2)教学设计.md,选择性必修三\第六章 计数原理\6.1 分类加法计数原理与分步乘法计数原理,md,.md,20.76,2026/4/19 11:45,,0,,math-teaching-resources/03-概率与统计/01-教案/选择性必修三/第六章 计数原理/6.1 分类加法计数原理与分步乘法计数原理/6.1分类加法计数原理与分步乘法计数原理(2)教学设计.md,https://math-1415627924.cos.ap-guangzhou.myqcloud.com/math-teaching-resources/03-概率与统计/01-教案/选择性必修三/第六章 计数原理/6.1 分类加法计数原理与分步乘法计数原理/6.1分类加法计数原理与分步乘法计数原理(2)教学设计.md
6.1分类加法计数原理与分步乘法计数原理教案.doc,选择性必修三\第六章 计数原理\6.1 分类加法计数原理与分步乘法计数原理,doc,.doc,69.5,2026/2/15 15:20,,0,,math-teaching-resources/03-概率与统计/01-教案/选择性必修三/第六章 计数原理/6.1 分类加法计数原理与分步乘法计数原理/6.1分类加法计数原理与分步乘法计数原理教案.doc,https://math-1415627924.cos.ap-guangzhou.myqcloud.com/math-teaching-resources/03-概率与统计/01-教案/选择性必修三/第六章 计数原理/6.1 分类加法计数原理与分步乘法计数原理/6.1分类加法计数原理与分步乘法计数原理教案.doc
6.1分类加法计数原理与分步乘法计数原理教案.docx,选择性必修三\第六章 计数原理\6.1 分类加法计数原理与分步乘法计数原理,docx,.docx,36.48,2026/4/19 14:53,,0,,math-teaching-resources/03-概率与统计/01-教案/选择性必修三/第六章 计数原理/6.1 分类加法计数原理与分步乘法计数原理/6.1分类加法计数原理与分步乘法计数原理教案.docx,https://math-1415627924.cos.ap-guangzhou.myqcloud.com/math-teaching-resources/03-概率与统计/01-教案/选择性必修三/第六章 计数原理/6.1 分类加法计数原理与分步乘法计数原理/6.1分类加法计数原理与分步乘法计数原理教案.docx
6.1分类加法计数原理与分步乘法计数原理教案.md,选择性必修三\第六章 计数原理\6.1 分类加法计数原理与分步乘法计数原理,md,.md,14.36,2026/4/19 14:56,,0,,math-teaching-resources/03-概率与统计/01-教案/选择性必修三/第六章 计数原理/6.1 分类加法计数原理与分步乘法计数原理/6.1分类加法计数原理与分步乘法计数原理教案.md,https://math-1415627924.cos.ap-guangzhou.myqcloud.com/math-teaching-resources/03-概率与统计/01-教案/选择性必修三/第六章 计数原理/6.1 分类加法计数原理与分步乘法计数原理/6.1分类加法计数原理与分步乘法计数原理教案.md
6.1分类加法计数原理与分步乘法计数原理教案（2）.doc,选择性必修三\第六章 计数原理\6.1 分类加法计数原理与分步乘法计数原理,doc,.doc,330,2026/2/15 15:20,,0,,math-teaching-resources/03-概率与统计/01-教案/选择性必修三/第六章 计数原理/6.1 分类加法计数原理与分步乘法计数原理/6.1分类加法计数原理与分步乘法计数原理教案（2）.doc,https://math-1415627924.cos.ap-guangzhou.myqcloud.com/math-teaching-resources/03-概率与统计/01-教案/选择性必修三/第六章 计数原理/6.1 分类加法计数原理与分步乘法计数原理/6.1分类加法计数原理与分步乘法计数原理教案（2）.doc
6.1分类加法计数原理与分步乘法计数原理教案（2）.docx,选择性必修三\第六章 计数原理\6.1 分类加法计数原理与分步乘法计数原理,docx,.docx,292.49,2026/4/19 14:53,,0,,math-teaching-resources/03-概率与统计/01-教案/选择性必修三/第六章 计数原理/6.1 分类加法计数原理与分步乘法计数原理/6.1分类加法计数原理与分步乘法计数原理教案（2）.docx,https://math-1415627924.cos.ap-guangzhou.myqcloud.com/math-teaching-resources/03-概率与统计/01-教案/选择性必修三/第六章 计数原理/6.1 分类加法计数原理与分步乘法计数原理/6.1分类加法计数原理与分步乘法计数原理教案（2）.docx
6.1分类加法计数原理与分步乘法计数原理教案（2）.md,选择性必修三\第六章 计数原理\6.1 分类加法计数原理与分步乘法计数原理,md,.md,14.53,2026/4/19 14:56,,0,,math-teaching-resources/03-概率与统计/01-教案/选择性必修三/第六章 计数原理/6.1 分类加法计数原理与分步乘法计数原理/6.1分类加法计数原理与分步乘法计数原理教案（2）.md,https://math-1415627924.cos.ap-guangzhou.myqcloud.com/math-teaching-resources/03-概率与统计/01-教案/选择性必修三/第六章 计数原理/6.1 分类加法计数原理与分步乘法计数原理/6.1分类加法计数原理与分步乘法计数原理教案（2）.md
6.2.1 排列教学设计.doc,选择性必修三\第六章 计数原理\6.2 排列与组合,doc,.doc,235.5,2026/2/15 15:20,,0,,math-teaching-resources/03-概率与统计/01-教案/选择性必修三/第六章 计数原理/6.2 排列与组合/6.2.1 排列教学设计.doc,https://math-1415627924.cos.ap-guangzhou.myqcloud.com/math-teaching-resources/03-概率与统计/01-教案/选择性必修三/第六章 计数原理/6.2 排列与组合/6.2.1 排列教学设计.doc
6.2.1 排列教学设计.docx,选择性必修三\第六章 计数原理\6.2 排列与组合,docx,.docx,213.84,2026/4/19 14:53,,0,,math-teaching-resources/03-概率与统计/01-教案/选择性必修三/第六章 计数原理/6.2 排列与组合/6.2.1 排列教学设计.docx,https://math-1415627924.cos.ap-guangzhou.myqcloud.com/math-teaching-resources/03-概率与统计/01-教案/选择性必修三/第六章 计数原理/6.2 排列与组合/6.2.1 排列教学设计.docx
6.2.1 排列教学设计.md,选择性必修三\第六章 计数原理\6.2 排列与组合,md,.md,8.55,2026/4/19 14:56,,0,,math-teaching-resources/03-概率与统计/01-教案/选择性必修三/第六章 计数原理/6.2 排列与组合/6.2.1 排列教学设计.md,https://math-1415627924.cos.ap-guangzhou.myqcloud.com/math-teaching-resources/03-概率与统计/01-教案/选择性必修三/第六章 计数原理/6.2 排列与组合/6.2.1 排列教学设计.md
6.2.1- 6.2.2   排列与排列数导学案.docx,选择性必修三\第六章 计数原理\6.2 排列与组合,docx,.docx,1976.9,2026/2/15 15:29,,0,,math-teaching-resources/03-概率与统计/01-教案/选择性必修三/第六章 计数原理/6.2 排列与组合/6.2.1- 6.2.2   排列与排列数导学案.docx,https://math-1415627924.cos.ap-guangzhou.myqcloud.com/math-teaching-resources/03-概率与统计/01-教案/选择性必修三/第六章 计数原理/6.2 排列与组合/6.2.1- 6.2.2   排列与排列数导学案.docx
6.2.1- 6.2.2   排列与排列数导学案.md,选择性必修三\第六章 计数原理\6.2 排列与组合,md,.md,15.54,2026/4/19 11:45,,0,,math-teaching-resources/03-概率与统计/01-教案/选择性必修三/第六章 计数原理/6.2 排列与组合/6.2.1- 6.2.2   排列与排列数导学案.md,https://math-1415627924.cos.ap-guangzhou.myqcloud.com/math-teaching-resources/03-概率与统计/01-教案/选择性必修三/第六章 计数原理/6.2 排列与组合/6.2.1- 6.2.2   排列与排列数导学案.md
6.2.1- 6.2.2   排列与排列数教学设计.docx,选择性必修三\第六章 计数原理\6.2 排列与组合,docx,.docx,1948.67,2026/2/15 15:20,,0,,math-teaching-resources/03-概率与统计/01-教案/选择性必修三/第六章 计数原理/6.2 排列与组合/6.2.1- 6.2.2   排列与排列数教学设计.docx,https://math-1415627924.cos.ap-guangzhou.myqcloud.com/math-teaching-resources/03-概率与统计/01-教案/选择性必修三/第六章 计数原理/6.2 排列与组合/6.2.1- 6.2.2   排列与排列数教学设计.docx
6.2.1- 6.2.2   排列与排列数教学设计.md,选择性必修三\第六章 计数原理\6.2 排列与组合,md,.md,24.11,2026/4/19 11:45,,0,,math-teaching-resources/03-概率与统计/01-教案/选择性必修三/第六章 计数原理/6.2 排列与组合/6.2.1- 6.2.2   排列与排列数教学设计.md,https://math-1415627924.cos.ap-guangzhou.myqcloud.com/math-teaching-resources/03-概率与统计/01-教案/选择性必修三/第六章 计数原理/6.2 排列与组合/6.2.1- 6.2.2   排列与排列数教学设计.md
6.2.2 排列数教学设计.docx,选择性必修三\第六章 计数原理\6.2 排列与组合,docx,.docx,139.24,2026/2/15 15:20,,0,,math-teaching-resources/03-概率与统计/01-教案/选择性必修三/第六章 计数原理/6.2 排列与组合/6.2.2 排列数教学设计.docx,https://math-1415627924.cos.ap-guangzhou.myqcloud.com/math-teaching-resources/03-概率与统计/01-教案/选择性必修三/第六章 计数原理/6.2 排列与组合/6.2.2 排列数教学设计.docx
6.2.2 排列数教学设计.md,选择性必修三\第六章 计数原理\6.2 排列与组合,md,.md,18.25,2026/4/19 11:45,,0,,math-teaching-resources/03-概率与统计/01-教案/选择性必修三/第六章 计数原理/6.2 排列与组合/6.2.2 排列数教学设计.md,https://math-1415627924.cos.ap-guangzhou.myqcloud.com/math-teaching-resources/03-概率与统计/01-教案/选择性必修三/第六章 计数原理/6.2 排列与组合/6.2.2 排列数教学设计.md
6.2.3 组合教学设计.docx,选择性必修三\第六章 计数原理\6.2 排列与组合,docx,.docx,160.31,2026/2/15 15:20,,0,,math-teaching-resources/03-概率与统计/01-教案/选择性必修三/第六章 计数原理/6.2 排列与组合/6.2.3 组合教学设计.docx,https://math-1415627924.cos.ap-guangzhou.myqcloud.com/math-teaching-resources/03-概率与统计/01-教案/选择性必修三/第六章 计数原理/6.2 排列与组合/6.2.3 组合教学设计.docx
6.2.3 组合教学设计.md,选择性必修三\第六章 计数原理\6.2 排列与组合,md,.md,9.21,2026/4/19 11:45,,0,,math-teaching-resources/03-概率与统计/01-教案/选择性必修三/第六章 计数原理/6.2 排列与组合/6.2.3 组合教学设计.md,https://math-1415627924.cos.ap-guangzhou.myqcloud.com/math-teaching-resources/03-概率与统计/01-教案/选择性必修三/第六章 计数原理/6.2 排列与组合/6.2.3 组合教学设计.md
6.2.3- 6.2.4  组合与组合数  导学案.docx,选择性必修三\第六章 计数原理\6.2 排列与组合,docx,.docx,244.08,2026/2/15 15:29,,0,,math-teaching-resources/03-概率与统计/01-教案/选择性必修三/第六章 计数原理/6.2 排列与组合/6.2.3- 6.2.4  组合与组合数  导学案.docx,https://math-1415627924.cos.ap-guangzhou.myqcloud.com/math-teaching-resources/03-概率与统计/01-教案/选择性必修三/第六章 计数原理/6.2 排列与组合/6.2.3- 6.2.4  组合与组合数  导学案.docx
6.2.3- 6.2.4  组合与组合数  导学案.md,选择性必修三\第六章 计数原理\6.2 排列与组合,md,.md,14.81,2026/4/19 11:45,,0,,math-teaching-resources/03-概率与统计/01-教案/选择性必修三/第六章 计数原理/6.2 排列与组合/6.2.3- 6.2.4  组合与组合数  导学案.md,https://math-1415627924.cos.ap-guangzhou.myqcloud.com/math-teaching-resources/03-概率与统计/01-教案/选择性必修三/第六章 计数原理/6.2 排列与组合/6.2.3- 6.2.4  组合与组合数  导学案.md
6.2.3- 6.2.4  组合与组合数  教学设计.docx,选择性必修三\第六章 计数原理\6.2 排列与组合,docx,.docx,216.44,2026/2/15 15:20,,0,,math-teaching-resources/03-概率与统计/01-教案/选择性必修三/第六章 计数原理/6.2 排列与组合/6.2.3- 6.2.4  组合与组合数  教学设计.docx,https://math-1415627924.cos.ap-guangzhou.myqcloud.com/math-teaching-resources/03-概率与统计/01-教案/选择性必修三/第六章 计数原理/6.2 排列与组合/6.2.3- 6.2.4  组合与组合数  教学设计.docx
6.2.3- 6.2.4  组合与组合数  教学设计.md,选择性必修三\第六章 计数原理\6.2 排列与组合,md,.md,24.78,2026/4/19 11:45,,0,,math-teaching-resources/03-概率与统计/01-教案/选择性必修三/第六章 计数原理/6.2 排列与组合/6.2.3- 6.2.4  组合与组合数  教学设计.md,https://math-1415627924.cos.ap-guangzhou.myqcloud.com/math-teaching-resources/03-概率与统计/01-教案/选择性必修三/第六章 计数原理/6.2 排列与组合/6.2.3- 6.2.4  组合与组合数  教学设计.md
6.2.4 组合数教学设计.docx,选择性必修三\第六章 计数原理\6.2 排列与组合,docx,.docx,179.75,2026/2/15 15:20,,0,,math-teaching-resources/03-概率与统计/01-教案/选择性必修三/第六章 计数原理/6.2 排列与组合/6.2.4 组合数教学设计.docx,https://math-1415627924.cos.ap-guangzhou.myqcloud.com/math-teaching-resources/03-概率与统计/01-教案/选择性必修三/第六章 计数原理/6.2 排列与组合/6.2.4 组合数教学设计.docx
6.2.4 组合数教学设计.md,选择性必修三\第六章 计数原理\6.2 排列与组合,md,.md,21.13,2026/4/19 11:45,,0,,math-teaching-resources/03-概率与统计/01-教案/选择性必修三/第六章 计数原理/6.2 排列与组合/6.2.4 组合数教学设计.md,https://math-1415627924.cos.ap-guangzhou.myqcloud.com/math-teaching-resources/03-概率与统计/01-教案/选择性必修三/第六章 计数原理/6.2 排列与组合/6.2.4 组合数教学设计.md
课时21848_6.2.2组合-6.2.3组合【微信公众号：全都要半糖 免费分享】.docx,选择性必修三\第六章 计数原理\6.2 排列与组合,docx,.docx,266.87,2022/8/27 16:36,,0,,math-teaching-resources/03-概率与统计/01-教案/选择性必修三/第六章 计数原理/6.2 排列与组合/课时21848_6.2.2组合-6.2.3组合【微信公众号：全都要半糖 免费分享】.docx,https://math-1415627924.cos.ap-guangzhou.myqcloud.com/math-teaching-resources/03-概率与统计/01-教案/选择性必修三/第六章 计数原理/6.2 排列与组合/课时21848_6.2.2组合-6.2.3组合【微信公众号：全都要半糖 免费分享】.docx
课时21848_6.2.2组合-6.2.3组合【微信公众号：全都要半糖 免费分享】.md,选择性必修三\第六章 计数原理\6.2 排列与组合,md,.md,24.55,2026/4/19 11:45,,0,,math-teaching-resources/03-概率与统计/01-教案/选择性必修三/第六章 计数原理/6.2 排列与组合/课时21848_6.2.2组合-6.2.3组合【微信公众号：全都要半糖 免费分享】.md,https://math-1415627924.cos.ap-guangzhou.myqcloud.com/math-teaching-resources/03-概率与统计/01-教案/选择性必修三/第六章 计数原理/6.2 排列与组合/课时21848_6.2.2组合-6.2.3组合【微信公众号：全都要半糖 免费分享】.md
课时21849_6.2.3组合数-6.2.3组合数【微信公众号：全都要半糖 免费分享】.docx,选择性必修三\第六章 计数原理\6.2 排列与组合,docx,.docx,45.73,2022/8/27 16:37,,0,,math-teaching-resources/03-概率与统计/01-教案/选择性必修三/第六章 计数原理/6.2 排列与组合/课时21849_6.2.3组合数-6.2.3组合数【微信公众号：全都要半糖 免费分享】.docx,https://math-1415627924.cos.ap-guangzhou.myqcloud.com/math-teaching-resources/03-概率与统计/01-教案/选择性必修三/第六章 计数原理/6.2 排列与组合/课时21849_6.2.3组合数-6.2.3组合数【微信公众号：全都要半糖 免费分享】.docx
课时21849_6.2.3组合数-6.2.3组合数【微信公众号：全都要半糖 免费分享】.md,选择性必修三\第六章 计数原理\6.2 排列与组合,md,.md,15.91,2026/4/19 11:45,,0,,math-teaching-resources/03-概率与统计/01-教案/选择性必修三/第六章 计数原理/6.2 排列与组合/课时21849_6.2.3组合数-6.2.3组合数【微信公众号：全都要半糖 免费分享】.md,https://math-1415627924.cos.ap-guangzhou.myqcloud.com/math-teaching-resources/03-概率与统计/01-教案/选择性必修三/第六章 计数原理/6.2 排列与组合/课时21849_6.2.3组合数-6.2.3组合数【微信公众号：全都要半糖 免费分享】.md
6.3.1 二项式定理   导学案.docx,选择性必修三\第六章 计数原理\6.3 二项式定理,docx,.docx,130.78,2026/2/15 15:29,,0,,math-teaching-resources/03-概率与统计/01-教案/选择性必修三/第六章 计数原理/6.3 二项式定理/6.3.1 二项式定理   导学案.docx,https://math-1415627924.cos.ap-guangzhou.myqcloud.com/math-teaching-resources/03-概率与统计/01-教案/选择性必修三/第六章 计数原理/6.3 二项式定理/6.3.1 二项式定理   导学案.docx
6.3.1 二项式定理   导学案.md,选择性必修三\第六章 计数原理\6.3 二项式定理,md,.md,17.48,2026/4/19 11:45,,0,,math-teaching-resources/03-概率与统计/01-教案/选择性必修三/第六章 计数原理/6.3 二项式定理/6.3.1 二项式定理   导学案.md,https://math-1415627924.cos.ap-guangzhou.myqcloud.com/math-teaching-resources/03-概率与统计/01-教案/选择性必修三/第六章 计数原理/6.3 二项式定理/6.3.1 二项式定理   导学案.md
6.3.1 二项式定理   教学设计.docx,选择性必修三\第六章 计数原理\6.3 二项式定理,docx,.docx,101.61,2026/2/15 15:20,,0,,math-teaching-resources/03-概率与统计/01-教案/选择性必修三/第六章 计数原理/6.3 二项式定理/6.3.1 二项式定理   教学设计.docx,https://math-1415627924.cos.ap-guangzhou.myqcloud.com/math-teaching-resources/03-概率与统计/01-教案/选择性必修三/第六章 计数原理/6.3 二项式定理/6.3.1 二项式定理   教学设计.docx
6.3.1 二项式定理   教学设计.md,选择性必修三\第六章 计数原理\6.3 二项式定理,md,.md,31.44,2026/4/19 11:45,,0,,math-teaching-resources/03-概率与统计/01-教案/选择性必修三/第六章 计数原理/6.3 二项式定理/6.3.1 二项式定理   教学设计.md,https://math-1415627924.cos.ap-guangzhou.myqcloud.com/math-teaching-resources/03-概率与统计/01-教案/选择性必修三/第六章 计数原理/6.3 二项式定理/6.3.1 二项式定理   教学设计.md
6.3.1 二项式定理教学设计模板.docx,选择性必修三\第六章 计数原理\6.3 二项式定理,docx,.docx,28.58,2026/2/15 15:20,,0,,math-teaching-resources/03-概率与统计/01-教案/选择性必修三/第六章 计数原理/6.3 二项式定理/6.3.1 二项式定理教学设计模板.docx,https://math-1415627924.cos.ap-guangzhou.myqcloud.com/math-teaching-resources/03-概率与统计/01-教案/选择性必修三/第六章 计数原理/6.3 二项式定理/6.3.1 二项式定理教学设计模板.docx
6.3.1 二项式定理教学设计模板.md,选择性必修三\第六章 计数原理\6.3 二项式定理,md,.md,16.95,2026/4/19 11:45,,0,,math-teaching-resources/03-概率与统计/01-教案/选择性必修三/第六章 计数原理/6.3 二项式定理/6.3.1 二项式定理教学设计模板.md,https://math-1415627924.cos.ap-guangzhou.myqcloud.com/math-teaching-resources/03-概率与统计/01-教案/选择性必修三/第六章 计数原理/6.3 二项式定理/6.3.1 二项式定理教学设计模板.md
6.3.2  二项式系数的性质教学设计.docx,选择性必修三\第六章 计数原理\6.3 二项式定理,docx,.docx,91.82,2026/2/15 15:20,,0,,math-teaching-resources/03-概率与统计/01-教案/选择性必修三/第六章 计数原理/6.3 二项式定理/6.3.2  二项式系数的性质教学设计.docx,https://math-1415627924.cos.ap-guangzhou.myqcloud.com/math-teaching-resources/03-概率与统计/01-教案/选择性必修三/第六章 计数原理/6.3 二项式定理/6.3.2  二项式系数的性质教学设计.docx
6.3.2  二项式系数的性质教学设计.md,选择性必修三\第六章 计数原理\6.3 二项式定理,md,.md,15.4,2026/4/19 11:45,,0,,math-teaching-resources/03-概率与统计/01-教案/选择性必修三/第六章 计数原理/6.3 二项式定理/6.3.2  二项式系数的性质教学设计.md,https://math-1415627924.cos.ap-guangzhou.myqcloud.com/math-teaching-resources/03-概率与统计/01-教案/选择性必修三/第六章 计数原理/6.3 二项式定理/6.3.2  二项式系数的性质教学设计.md
6.3.2 二项式系数的性质    导学案.docx,选择性必修三\第六章 计数原理\6.3 二项式定理,docx,.docx,219.76,2026/2/15 15:29,,0,,math-teaching-resources/03-概率与统计/01-教案/选择性必修三/第六章 计数原理/6.3 二项式定理/6.3.2 二项式系数的性质    导学案.docx,https://math-1415627924.cos.ap-guangzhou.myqcloud.com/math-teaching-resources/03-概率与统计/01-教案/选择性必修三/第六章 计数原理/6.3 二项式定理/6.3.2 二项式系数的性质    导学案.docx
6.3.2 二项式系数的性质    导学案.md,选择性必修三\第六章 计数原理\6.3 二项式定理,md,.md,16.53,2026/4/19 11:45,,0,,math-teaching-resources/03-概率与统计/01-教案/选择性必修三/第六章 计数原理/6.3 二项式定理/6.3.2 二项式系数的性质    导学案.md,https://math-1415627924.cos.ap-guangzhou.myqcloud.com/math-teaching-resources/03-概率与统计/01-教案/选择性必修三/第六章 计数原理/6.3 二项式定理/6.3.2 二项式系数的性质    导学案.md
6.3.2 二项式系数的性质   教学设计.docx,选择性必修三\第六章 计数原理\6.3 二项式定理,docx,.docx,192.44,2026/2/15 15:20,,0,,math-teaching-resources/03-概率与统计/01-教案/选择性必修三/第六章 计数原理/6.3 二项式定理/6.3.2 二项式系数的性质   教学设计.docx,https://math-1415627924.cos.ap-guangzhou.myqcloud.com/math-teaching-resources/03-概率与统计/01-教案/选择性必修三/第六章 计数原理/6.3 二项式定理/6.3.2 二项式系数的性质   教学设计.docx
6.3.2 二项式系数的性质   教学设计.md,选择性必修三\第六章 计数原理\6.3 二项式定理,md,.md,29.91,2026/4/19 11:45,,0,,math-teaching-resources/03-概率与统计/01-教案/选择性必修三/第六章 计数原理/6.3 二项式定理/6.3.2 二项式系数的性质   教学设计.md,https://math-1415627924.cos.ap-guangzhou.myqcloud.com/math-teaching-resources/03-概率与统计/01-教案/选择性必修三/第六章 计数原理/6.3 二项式定理/6.3.2 二项式系数的性质   教学设计.md
课时21851_6.3.1二项式定理-6.3.1二项式定理.1【微信公众号：全都要半糖 免费分享】.docx,选择性必修三\第六章 计数原理\6.3 二项式定理,docx,.docx,32.88,2022/8/27 16:37,,0,,math-teaching-resources/03-概率与统计/01-教案/选择性必修三/第六章 计数原理/6.3 二项式定理/课时21851_6.3.1二项式定理-6.3.1二项式定理.1【微信公众号：全都要半糖 免费分享】.docx,https://math-1415627924.cos.ap-guangzhou.myqcloud.com/math-teaching-resources/03-概率与统计/01-教案/选择性必修三/第六章 计数原理/6.3 二项式定理/课时21851_6.3.1二项式定理-6.3.1二项式定理.1【微信公众号：全都要半糖 免费分享】.docx
课时21851_6.3.1二项式定理-6.3.1二项式定理.1【微信公众号：全都要半糖 免费分享】.md,选择性必修三\第六章 计数原理\6.3 二项式定理,md,.md,7.46,2026/4/19 11:45,,0,,math-teaching-resources/03-概率与统计/01-教案/选择性必修三/第六章 计数原理/6.3 二项式定理/课时21851_6.3.1二项式定理-6.3.1二项式定理.1【微信公众号：全都要半糖 免费分享】.md,https://math-1415627924.cos.ap-guangzhou.myqcloud.com/math-teaching-resources/03-概率与统计/01-教案/选择性必修三/第六章 计数原理/6.3 二项式定理/课时21851_6.3.1二项式定理-6.3.1二项式定理.1【微信公众号：全都要半糖 免费分享】.md
课时21851_6.3.1二项式定理-6.3.1二项式定理【微信公众号：全都要半糖 免费分享】.docx,选择性必修三\第六章 计数原理\6.3 二项式定理,docx,.docx,38.46,2022/8/27 16:37,,0,,math-teaching-resources/03-概率与统计/01-教案/选择性必修三/第六章 计数原理/6.3 二项式定理/课时21851_6.3.1二项式定理-6.3.1二项式定理【微信公众号：全都要半糖 免费分享】.docx,https://math-1415627924.cos.ap-guangzhou.myqcloud.com/math-teaching-resources/03-概率与统计/01-教案/选择性必修三/第六章 计数原理/6.3 二项式定理/课时21851_6.3.1二项式定理-6.3.1二项式定理【微信公众号：全都要半糖 免费分享】.docx
课时21851_6.3.1二项式定理-6.3.1二项式定理【微信公众号：全都要半糖 免费分享】.md,选择性必修三\第六章 计数原理\6.3 二项式定理,md,.md,8.42,2026/4/19 11:45,,0,,math-teaching-resources/03-概率与统计/01-教案/选择性必修三/第六章 计数原理/6.3 二项式定理/课时21851_6.3.1二项式定理-6.3.1二项式定理【微信公众号：全都要半糖 免费分享】.md,https://math-1415627924.cos.ap-guangzhou.myqcloud.com/math-teaching-resources/03-概率与统计/01-教案/选择性必修三/第六章 计数原理/6.3 二项式定理/课时21851_6.3.1二项式定理-6.3.1二项式定理【微信公众号：全都要半糖 免费分享】.md
课时21852_6.3.2二项式系数的性质-6.3.2二项式系数的性质【微信公众号：全都要半糖 免费分享】.docx,选择性必修三\第六章 计数原理\6.3 二项式定理,docx,.docx,311.11,2022/8/27 16:37,,0,,math-teaching-resources/03-概率与统计/01-教案/选择性必修三/第六章 计数原理/6.3 二项式定理/课时21852_6.3.2二项式系数的性质-6.3.2二项式系数的性质【微信公众号：全都要半糖 免费分享】.docx,https://math-1415627924.cos.ap-guangzhou.myqcloud.com/math-teaching-resources/03-概率与统计/01-教案/选择性必修三/第六章 计数原理/6.3 二项式定理/课时21852_6.3.2二项式系数的性质-6.3.2二项式系数的性质【微信公众号：全都要半糖 免费分享】.docx
课时21852_6.3.2二项式系数的性质-6.3.2二项式系数的性质【微信公众号：全都要半糖 免费分享】.md,选择性必修三\第六章 计数原理\6.3 二项式定理,md,.md,9.3,2026/4/19 11:45,,0,,math-teaching-resources/03-概率与统计/01-教案/选择性必修三/第六章 计数原理/6.3 二项式定理/课时21852_6.3.2二项式系数的性质-6.3.2二项式系数的性质【微信公众号：全都要半糖 免费分享】.md,https://math-1415627924.cos.ap-guangzhou.myqcloud.com/math-teaching-resources/03-概率与统计/01-教案/选择性必修三/第六章 计数原理/6.3 二项式定理/课时21852_6.3.2二项式系数的性质-6.3.2二项式系数的性质【微信公众号：全都要半糖 免费分享】.md
